id_lectura,id_camion,fecha,flota,turno,antiguedad_anios,horas_desde_mantencion,carga_promedio_ton,temp_motor_c,presion_aceite_psi,vibracion_mm_s,rpm_promedio,alertas_24h,falla_7d
100439,CAEX-004,2026-04-27,B,dia,7,32.0,360.3,,46.3,2.69,1961.0,0,0
101635,CAEX-054,2026-05-22,B,noche,11,462.0,325.3,92.3,51.8,7.52,1630.0,0,0
102431,CAEX-059,2026-04-06,A,noche,13,490.0,296.2,92.5,52.7,4.29,1481.0,1,0
100900,CAEX-051,2026-04-24,A,noche,2,72.0,284.2,92.3,54.1,2.42,1585.0,1,0
101343,CAEX-012,2026-05-25,C,dia,8,222.0,323.3,88.1,63.2,5.25,1707.0,1,0
102361,CAEX-018,2026-05-31,A,dia,1,190.0,278.3,85.7,55.2,4.2,1355.0,0,0
103052,CAEX-013,2026-04-21,B,noche,2,275.0,342.1,85.3,44.1,5.71,1625.0,0,0
103627,CAEX-007,2026-08-07,C,dia,2,563.0,344.2,94.7,35.1,5.71,1511.0,2,1
101656,CAEX-009,2026-06-07,A,noche,9,147.0,262.5,85.5,51.3,4.27,1736.0,0,0
104432,CAEX-020,2026-06-22,B,dia,7,178.0,320.7,75.4,55.6,5.95,1706.0,1,0
102098,CAEX-004,2026-07-06,B,noche,7,771.0,279.6,96.6,52.2,3.45,1548.0,1,0
101852,CAEX-011,2026-06-07,A,noche,8,480.0,283.5,87.1,49.4,2.89,1545.0,1,0
105105,CAEX-060,2026-06-22,A,dia,8,331.0,243.1,93.4,40.7,6.88,1881.0,0,1
104325,CAEX-002,2026-05-10,B,noche,10,363.0,308.7,81.8,47.5,3.61,1516.0,0,0
101994,CAEX-046,2026-06-06,C,noche,12,540.0,348.0,99.2,49.7,3.46,1971.0,1,1
102158,CAEX-050,2026-06-05,A,noche,1,307.0,287.6,89.1,59.9,3.98,1412.0,1,0
104715,CAEX-029,2026-05-12,A,noche,12,301.0,292.4,90.2,40.8,4.2,1530.0,0,0
103841,CAEX-008,2026-04-06,C,dia,11,397.0,339.7,90.3,49.3,3.61,1716.0,0,0
103554,CAEX-056,2026-04-22,C,dia,7,65.0,344.9,78.9,60.7,3.65,1949.0,0,0
100249,CAEX-002,2026-06-30,B,noche,10,333.0,299.2,92.2,66.4,2.75,1795.0,1,0
105461,CAEX-046,2026-05-30,C,dia,12,664.0,341.7,86.6,43.2,3.01,1446.0,2,1
103619,CAEX-001,2026-07-07,C,noche,7,340.0,342.0,84.4,41.1,4.97,1315.0,0,1
100235,CAEX-002,2026-04-12,B,dia,10,69.0,341.1,85.4,,3.53,1383.0,1,0
101767,CAEX-010,2026-07-08,B,noche,9,233.0,334.6,,53.0,3.71,1511.0,0,0
100989,CAEX-060,2026-05-11,A,dia,8,5.0,272.4,84.7,51.9,4.96,1636.0,0,0
101520,CAEX-058,2026-04-20,B,noche,3,185.0,327.7,88.6,51.2,4.61,1607.0,0,0
100872,CAEX-022,2026-05-17,A,noche,4,208.0,279.5,88.5,57.5,3.92,1700.0,0,0
103192,CAEX-015,2026-05-02,B,noche,12,319.0,327.3,94.0,61.9,3.25,1644.0,1,0
101538,CAEX-023,2026-07-06,C,dia,4,471.0,311.9,91.0,57.3,3.74,1434.0,1,0
104570,CAEX-022,2026-06-26,A,noche,4,318.0,275.1,95.3,57.3,3.57,1521.0,1,0
104889,CAEX-003,2026-05-14,C,dia,10,437.0,,86.7,54.0,3.7,1260.0,2,1
102490,CAEX-058,2026-07-30,B,dia,3,145.0,293.3,89.7,49.5,2.67,1404.0,0,0
100553,CAEX-056,2026-06-14,C,noche,7,425.0,382.8,97.7,50.8,5.02,1703.0,0,1
105224,CAEX-032,2026-03-18,C,noche,4,536.0,334.4,102.3,58.3,3.14,1815.0,2,1
102227,CAEX-023,2026-03-17,C,noche,4,73.0,332.0,74.8,54.2,4.4,1665.0,0,0
103448,CAEX-015,2026-08-17,B,dia,12,108.0,326.3,79.3,56.9,5.04,1721.0,0,0
104493,CAEX-013,2026-04-29,B,dia,2,451.0,282.4,95.0,51.6,3.24,1612.0,0,0
100719,CAEX-005,2026-08-16,A,dia,12,111.0,293.3,92.3,51.8,4.52,1867.0,0,0
103598,CAEX-052,2026-05-10,A,noche,2,484.0,272.0,88.8,46.0,3.79,1663.0,1,0
104963,CAEX-040,2026-07-25,B,noche,11,21.0,326.0,89.8,51.7,2.78,1501.0,0,0
104061,CAEX-021,2026-07-04,C,dia,14,111.0,348.8,69.5,57.9,2.5,2012.0,0,0
102400,CAEX-035,2026-06-17,B,dia,7,197.0,347.5,94.1,,5.22,1537.0,1,0
103809,CAEX-025,2026-06-28,C,noche,14,136.0,317.4,96.6,47.2,3.11,1785.0,0,0
101495,CAEX-044,2026-08-25,A,dia,6,566.0,290.0,96.8,47.8,4.5,1439.0,0,1
100148,CAEX-003,2026-07-07,C,noche,10,441.0,326.8,94.6,49.2,5.94,1598.0,0,0
104833,CAEX-036,2026-03-06,A,dia,10,191.0,284.0,88.8,53.4,3.07,1961.0,0,1
101257,CAEX-026,2026-07-24,A,noche,12,234.0,287.4,81.8,64.5,7.87,1566.0,0,0
100504,CAEX-058,2026-07-26,B,noche,3,245.0,306.3,85.1,54.5,5.42,1859.0,1,0
102266,CAEX-054,2026-04-30,B,noche,11,84.0,328.2,88.4,53.9,4.47,1478.0,0,0
104282,CAEX-021,2026-07-23,C,dia,14,244.0,357.0,86.9,,3.63,1448.0,2,0
102693,CAEX-050,2026-07-23,A,noche,1,321.0,278.9,93.0,50.4,4.99,1403.0,1,0
104010,CAEX-055,2026-08-27,B,dia,10,249.0,317.2,83.1,49.2,5.62,1472.0,1,0
101288,CAEX-024,2026-06-13,C,noche,6,71.0,371.2,89.2,59.8,2.52,1533.0,0,0
102147,CAEX-021,2026-04-26,C,dia,14,223.0,342.0,87.8,57.4,6.65,1428.0,1,0
104542,CAEX-050,2026-06-25,A,dia,1,135.0,266.1,90.7,57.7,5.2,1807.0,0,0
102007,CAEX-019,2026-05-18,C,dia,5,178.0,355.8,,50.2,4.76,1631.0,0,0
103716,CAEX-056,2026-07-19,C,dia,7,264.0,345.1,92.0,57.1,6.25,1561.0,0,0
100080,CAEX-036,2026-08-17,A,dia,10,302.0,293.6,94.9,47.9,2.53,1699.0,0,0
105180,CAEX-021,2026-05-06,C,noche,14,353.0,323.6,86.0,47.1,4.18,1669.0,0,0
101057,CAEX-001,2026-07-30,C,noche,7,324.0,366.0,87.7,52.0,4.12,1486.0,0,0
101322,CAEX-016,2026-03-16,A,dia,5,458.0,285.5,92.4,46.0,3.67,1638.0,1,0
101989,CAEX-057,2026-05-24,B,noche,11,23.0,291.4,80.0,52.7,3.64,1583.0,1,0
100180,CAEX-045,2026-05-31,C,dia,6,346.0,354.4,84.0,56.1,3.31,1626.0,2,1
100046,CAEX-019,2026-07-07,C,dia,5,258.0,333.9,99.3,52.6,3.57,1837.0,0,1
105996,CAEX-028,2026-04-13,A,noche,4,127.0,310.8,89.8,53.0,3.46,1800.0,0,0
105099,CAEX-023,2026-04-02,C,dia,4,667.0,333.3,96.2,61.3,4.28,1711.0,0,0
101688,CAEX-046,2026-03-07,C,noche,12,209.0,338.3,91.9,59.2,3.28,1629.0,0,0
100126,CAEX-009,2026-05-03,A,dia,9,106.0,269.6,83.3,55.3,4.37,1747.0,0,0
101663,CAEX-049,2026-08-03,B,dia,5,125.0,289.1,81.7,52.8,4.06,1960.0,2,0
104050,CAEX-001,2026-03-22,C,dia,7,177.0,359.3,87.3,56.6,3.29,1589.0,1,0
103513,CAEX-012,2026-06-15,C,dia,8,60.0,327.3,94.2,52.1,3.68,1492.0,0,0
105089,CAEX-042,2026-08-02,C,dia,10,68.0,343.9,99.6,53.5,2.67,1567.0,0,0
103991,CAEX-023,2026-03-15,C,noche,4,422.0,302.1,97.4,47.5,3.37,1594.0,1,0
102873,CAEX-046,2026-03-09,C,noche,12,504.0,344.5,88.3,44.8,4.42,1660.0,1,0
100162,CAEX-018,2026-08-25,A,noche,1,165.0,304.3,80.7,48.9,5.42,1785.0,0,0
103713,CAEX-027,2026-03-09,B,noche,1,103.0,311.1,79.0,57.0,3.14,1808.0,0,0
103705,CAEX-010,2026-04-14,B,dia,9,147.0,352.6,92.9,56.1,3.57,1704.0,1,0
102660,CAEX-059,2026-05-31,A,dia,13,179.0,274.6,85.2,63.5,6.32,1904.0,1,0
104211,CAEX-011,2026-03-20,A,dia,8,211.0,260.2,77.7,50.2,3.91,1584.0,0,0
105998,CAEX-033,2026-05-02,A,noche,13,37.0,284.4,81.9,61.7,4.72,1749.0,0,0
102314,CAEX-037,2026-08-01,A,noche,2,282.0,302.0,88.0,68.3,2.61,2080.0,0,0
104194,CAEX-050,2026-03-05,A,dia,1,103.0,295.8,84.0,54.0,6.02,1940.0,1,0
102001,CAEX-042,2026-05-25,C,dia,10,124.0,370.2,88.4,49.0,3.39,1806.0,2,0
102020,CAEX-011,2026-08-10,A,dia,8,130.0,290.2,79.4,43.9,4.33,1503.0,0,0
104287,CAEX-048,2026-04-28,A,dia,3,169.0,245.1,81.5,63.2,2.46,1753.0,1,0
103202,CAEX-048,2026-05-24,A,dia,3,92.0,277.2,80.5,49.3,3.81,1691.0,0,0
105353,CAEX-031,2026-08-17,B,dia,12,87.0,315.1,84.7,54.7,4.43,1594.0,0,0
103080,CAEX-025,2026-04-17,C,noche,14,186.0,350.2,85.9,52.4,3.36,1464.0,2,0
101643,CAEX-019,2026-03-06,C,dia,5,43.0,320.1,92.5,55.7,3.23,1697.0,0,0
104280,CAEX-040,2026-04-12,B,noche,11,95.0,320.5,83.7,54.1,2.72,1607.0,1,0
100170,CAEX-010,2026-07-01,B,dia,9,200.0,334.3,95.8,50.0,3.82,1417.0,0,0
105704,CAEX-014,2026-06-15,C,dia,8,241.0,310.4,90.4,55.6,3.55,1666.0,0,0
105611,CAEX-044,2026-07-04,A,noche,6,381.0,273.2,90.3,,3.78,1785.0,3,0
102574,CAEX-040,2026-07-09,B,dia,11,297.0,318.3,91.8,54.4,3.95,1386.0,0,0
100713,CAEX-032,2026-03-04,C,dia,4,457.0,316.2,86.7,50.0,2.57,1613.0,0,0
103186,CAEX-045,2026-07-15,C,dia,6,46.0,341.2,88.9,53.3,4.23,1492.0,0,0
102362,CAEX-059,2026-08-27,A,noche,13,46.0,293.5,90.9,56.8,5.74,1984.0,1,0
100728,CAEX-011,2026-03-07,A,dia,8,91.0,286.1,90.7,53.7,5.06,1504.0,1,0
104445,CAEX-024,2026-08-23,C,dia,6,263.0,365.6,86.2,65.1,5.14,1193.0,0,1
103445,CAEX-050,2026-08-03,A,noche,1,401.0,244.0,107.3,40.7,3.25,1663.0,1,1
103775,CAEX-036,2026-06-01,A,noche,10,205.0,284.7,85.0,56.6,2.54,1635.0,2,0
104167,CAEX-003,2026-08-17,C,dia,10,413.0,335.2,88.2,47.0,3.95,1590.0,2,0
104949,CAEX-041,2026-08-14,B,noche,14,452.0,332.8,100.2,47.8,3.08,1476.0,1,1
104676,CAEX-042,2026-07-26,C,dia,10,404.0,312.1,,55.6,3.64,1795.0,3,1
100958,CAEX-022,2026-07-29,A,noche,4,68.0,238.8,79.0,52.8,4.38,1509.0,0,0
105839,CAEX-046,2026-03-18,C,noche,12,168.0,355.4,86.6,49.1,2.86,1377.0,1,0
102566,CAEX-025,2026-06-01,C,noche,14,287.0,368.8,91.2,,3.44,1543.0,0,0
102033,CAEX-037,2026-08-21,A,noche,2,145.0,294.2,87.6,49.7,5.16,1710.0,1,0
105579,CAEX-033,2026-08-24,A,dia,13,70.0,264.4,82.9,50.4,5.99,1463.0,1,0
104148,CAEX-026,2026-05-14,A,dia,12,150.0,282.1,84.0,57.6,3.02,1732.0,0,0
100251,CAEX-006,2026-08-01,C,dia,8,195.0,364.8,80.7,55.0,6.05,1769.0,0,0
105408,CAEX-060,2026-03-21,A,noche,8,174.0,235.4,88.0,46.6,8.65,1722.0,0,1
101555,CAEX-052,2026-03-01,A,noche,2,187.0,277.2,88.3,50.9,2.84,1602.0,0,0
103208,CAEX-045,2026-08-01,C,dia,6,191.0,352.0,101.7,61.4,6.1,1507.0,0,0
102305,CAEX-021,2026-03-25,C,dia,14,346.0,390.9,99.3,59.5,4.55,1726.0,0,1
104988,CAEX-012,2026-07-08,C,dia,8,193.0,364.3,69.7,68.0,2.94,1706.0,1,0
105606,CAEX-038,2026-06-02,B,noche,8,400.0,342.3,99.4,56.6,4.28,1723.0,0,1
100609,CAEX-033,2026-04-14,A,dia,13,310.0,306.6,87.9,54.5,4.37,1556.0,0,0
100369,CAEX-031,2026-06-11,B,dia,12,235.0,317.6,96.8,46.1,3.03,1999.0,1,0
101417,CAEX-040,2026-06-25,B,dia,11,216.0,340.8,93.5,53.9,6.04,1880.0,1,0
104100,CAEX-051,2026-07-30,A,dia,2,396.0,259.5,98.7,48.8,3.08,1556.0,0,0
105090,CAEX-032,2026-03-21,C,dia,4,538.0,317.4,93.9,52.0,4.33,1679.0,0,0
105032,CAEX-009,2026-06-09,A,dia,9,259.0,300.3,93.9,46.3,4.04,1385.0,1,1
104398,CAEX-012,2026-04-25,C,dia,8,407.0,355.4,86.1,51.1,3.4,1411.0,0,0
104698,CAEX-027,2026-08-17,B,noche,1,496.0,330.2,92.0,53.3,5.57,1345.0,1,0
102367,CAEX-048,2026-07-05,A,noche,3,236.0,281.2,93.6,55.1,4.81,1627.0,0,0
105143,CAEX-042,2026-06-03,C,dia,10,117.0,369.2,89.4,45.5,5.27,1812.0,1,0
103902,CAEX-018,2026-04-13,A,dia,1,166.0,274.1,82.1,43.6,2.99,1497.0,0,0
101425,CAEX-008,2026-03-14,C,dia,11,172.0,324.8,83.1,63.1,3.98,1509.0,0,0
103979,CAEX-012,2026-08-12,C,noche,8,27.0,299.8,94.8,50.3,3.48,1742.0,1,0
101449,CAEX-024,2026-07-08,C,noche,6,44.0,345.5,89.7,68.9,4.77,1561.0,1,0
104940,CAEX-002,2026-03-27,B,noche,10,219.0,313.5,97.2,61.9,3.31,1502.0,1,0
100277,CAEX-009,2026-04-23,A,dia,9,239.0,282.2,88.4,49.6,5.53,1607.0,1,0
104580,CAEX-042,2026-07-28,C,dia,10,227.0,325.2,84.8,52.6,5.59,1644.0,1,0
102143,CAEX-021,2026-06-23,C,dia,14,190.0,352.8,84.6,63.1,3.8,1777.0,1,0
103707,CAEX-005,2026-06-22,A,dia,12,615.0,282.8,92.4,61.2,6.02,1345.0,1,0
104266,CAEX-025,2026-03-18,C,dia,14,122.0,324.5,85.5,48.4,2.93,1506.0,0,0
101629,CAEX-006,2026-03-19,C,dia,8,345.0,354.4,96.2,46.6,8.03,1437.0,1,1
102971,CAEX-043,2026-07-30,B,noche,6,184.0,306.3,89.8,46.4,5.61,2031.0,1,0
103700,CAEX-003,2026-04-03,C,noche,10,200.0,357.5,86.2,60.5,6.01,1660.0,1,0
101145,CAEX-052,2026-05-25,A,dia,2,161.0,279.1,87.9,48.6,3.33,1625.0,0,0
103601,CAEX-004,2026-04-28,B,dia,7,95.0,368.4,82.7,58.1,5.02,1696.0,0,0
104797,CAEX-035,2026-06-21,B,dia,7,156.0,341.5,94.6,57.6,4.66,1631.0,0,0
104310,CAEX-024,2026-05-22,C,noche,6,190.0,353.1,87.0,52.2,3.11,1446.0,0,0
102780,CAEX-029,2026-08-22,A,noche,12,85.0,296.9,89.2,50.4,2.61,1633.0,0,0
104442,CAEX-060,2026-05-16,A,noche,8,600.0,295.6,90.6,52.9,3.85,1636.0,1,0
105681,CAEX-031,2026-03-21,B,noche,12,97.0,324.7,84.7,62.1,3.78,1700.0,1,0
103193,CAEX-019,2026-03-05,C,noche,5,310.0,346.3,85.8,47.1,4.13,1777.0,0,0
105816,CAEX-013,2026-07-25,B,dia,2,506.0,329.4,93.3,60.4,4.26,1532.0,0,0
103354,CAEX-060,2026-06-27,A,noche,8,132.0,271.9,86.8,55.5,5.23,1738.0,1,0
104458,CAEX-030,2026-05-13,B,dia,1,425.0,321.7,90.7,55.4,3.61,1374.0,1,0
103794,CAEX-016,2026-06-22,A,noche,5,384.0,255.2,84.1,53.4,3.46,1775.0,0,0
101376,CAEX-010,2026-03-15,B,noche,9,156.0,296.8,85.3,59.3,4.26,1782.0,0,0
102620,CAEX-024,2026-07-19,C,noche,6,298.0,381.6,86.7,50.0,4.26,1677.0,1,0
101290,CAEX-004,2026-03-31,B,dia,7,37.0,312.6,80.7,54.8,5.16,1492.0,1,0
101638,CAEX-016,2026-06-07,A,noche,5,226.0,278.3,90.4,57.8,4.87,1739.0,0,0
100930,CAEX-003,2026-04-22,C,dia,10,319.0,319.5,94.1,55.3,3.49,1763.0,1,0
103774,CAEX-028,2026-05-23,A,noche,4,322.0,287.9,90.3,48.5,6.08,1757.0,2,0
102740,CAEX-023,2026-07-27,C,noche,4,105.0,335.0,85.0,52.5,4.68,1544.0,0,0
102108,CAEX-050,2026-05-08,A,dia,1,144.0,265.7,90.7,58.9,6.01,1999.0,0,0
100581,CAEX-011,2026-03-06,A,noche,8,74.0,277.0,87.6,64.4,5.69,1553.0,0,0
105145,CAEX-055,2026-04-22,B,noche,10,75.0,316.3,88.1,48.8,5.26,1702.0,1,0
105976,CAEX-037,2026-05-04,A,noche,2,426.0,277.7,81.5,61.1,3.94,1630.0,0,0
105482,CAEX-014,2026-06-29,C,dia,8,94.0,356.3,77.7,60.3,6.11,1502.0,0,0
104187,CAEX-010,2026-04-14,B,dia,9,181.0,337.0,74.8,45.6,3.22,1377.0,2,0
100355,CAEX-035,2026-08-24,B,dia,7,41.0,304.8,80.6,49.0,5.78,1410.0,1,0
102473,CAEX-060,2026-04-27,A,dia,8,521.0,265.1,89.9,53.6,3.11,1793.0,1,0
102874,CAEX-022,2026-07-09,A,noche,4,259.0,279.7,89.9,48.4,5.89,1735.0,1,0
104928,CAEX-058,2026-04-01,B,noche,3,439.0,314.4,92.2,57.8,3.64,1725.0,1,0
104942,CAEX-038,2026-08-15,B,dia,8,131.0,343.2,87.5,59.6,5.63,1590.0,1,0
101736,CAEX-032,2026-08-18,C,noche,4,269.0,312.1,90.1,55.5,4.59,1684.0,0,0
103310,CAEX-043,2026-03-13,B,noche,6,442.0,365.1,89.7,53.5,7.63,1556.0,1,1
101157,CAEX-039,2026-08-22,A,dia,8,88.0,285.6,87.5,61.7,2.93,1509.0,1,0
102903,CAEX-017,2026-04-03,B,noche,9,348.0,350.5,94.8,56.3,3.25,1451.0,3,1
100256,CAEX-008,2026-03-03,C,noche,11,203.0,335.5,88.7,52.1,5.72,1693.0,0,0
103383,CAEX-026,2026-06-26,A,dia,12,254.0,308.2,85.4,,3.45,1746.0,0,0
103571,CAEX-035,2026-04-22,B,noche,7,401.0,332.0,94.7,50.3,3.71,1905.0,0,0
101079,CAEX-033,2026-03-26,A,dia,13,240.0,273.9,89.5,53.2,2.06,1685.0,2,0
101858,CAEX-003,2026-03-16,C,dia,10,1033.0,337.2,98.3,47.1,4.16,1723.0,3,1
104866,CAEX-023,2026-05-17,C,noche,4,375.0,383.6,84.1,52.6,3.51,1702.0,1,0
103545,CAEX-001,2026-04-21,C,noche,7,43.0,350.4,87.4,50.2,4.5,1547.0,0,0
100137,CAEX-044,2026-07-19,A,dia,6,276.0,300.1,91.9,60.1,3.9,1836.0,1,0
105023,CAEX-051,2026-05-13,A,noche,2,85.0,271.1,80.9,64.2,4.68,1592.0,0,0
100663,CAEX-055,2026-05-29,B,noche,10,34.0,327.7,90.0,56.2,3.48,1365.0,0,0
100474,CAEX-049,2026-05-13,B,noche,5,170.0,326.6,86.7,68.9,5.87,1698.0,0,0
100302,CAEX-050,2026-08-09,A,noche,1,75.0,256.7,91.0,55.0,3.83,1992.0,0,0
101502,CAEX-001,2026-07-01,C,noche,7,157.0,348.6,103.6,55.4,5.41,1561.0,1,1
103855,CAEX-026,2026-07-20,A,dia,12,16.0,266.7,88.3,56.0,3.95,1448.0,1,0
102969,CAEX-060,2026-05-18,A,dia,8,135.0,303.6,85.9,58.7,1.35,1733.0,0,0
100871,CAEX-031,2026-08-26,B,dia,12,172.0,332.7,85.3,,2.7,1674.0,1,0
104381,CAEX-030,2026-07-15,B,noche,1,487.0,297.5,80.2,54.9,3.65,1863.0,1,0
100764,CAEX-029,2026-05-20,A,noche,12,309.0,271.7,88.5,55.4,2.84,1570.0,0,0
100635,CAEX-047,2026-05-06,A,dia,5,115.0,264.5,84.1,62.3,3.77,1714.0,0,0
105902,CAEX-023,2026-05-21,C,dia,4,11.0,356.7,87.5,66.1,3.47,1432.0,0,0
104970,CAEX-033,2026-04-28,A,noche,13,360.0,235.3,95.7,54.6,3.01,1874.0,0,0
102909,CAEX-014,2026-03-26,C,dia,8,132.0,373.7,83.3,48.8,3.02,1721.0,1,0
102913,CAEX-044,2026-07-05,A,dia,6,13.0,251.3,85.1,50.2,7.85,1719.0,0,0
104025,CAEX-018,2026-06-30,A,dia,1,418.0,289.1,,40.4,3.27,1531.0,1,0
101133,CAEX-047,2026-05-30,A,dia,5,72.0,261.6,93.3,60.5,2.67,1660.0,1,0
100731,CAEX-047,2026-06-23,A,noche,5,40.0,261.5,93.4,61.8,4.28,1755.0,0,0
105917,CAEX-041,2026-04-27,B,dia,14,378.0,334.7,90.3,55.1,3.2,1579.0,0,0
104802,CAEX-058,2026-04-26,B,dia,3,110.0,299.5,83.5,56.1,3.2,1618.0,0,0
100624,CAEX-056,2026-07-29,C,dia,7,245.0,348.3,99.1,38.1,5.29,1530.0,0,1
100715,CAEX-045,2026-07-04,C,noche,6,200.0,359.8,95.7,48.0,2.55,1542.0,0,0
104136,CAEX-017,2026-06-15,B,dia,9,297.0,315.6,85.0,56.0,5.69,1698.0,1,0
102474,CAEX-023,2026-03-11,C,noche,4,165.0,328.5,85.2,66.8,4.81,1890.0,1,0
100759,CAEX-028,2026-07-21,A,noche,4,135.0,282.9,88.5,50.2,2.57,1462.0,0,0
101759,CAEX-058,2026-03-13,B,noche,3,311.0,307.7,82.0,56.4,5.85,1572.0,0,0
104672,CAEX-044,2026-06-25,A,noche,6,144.0,299.6,90.0,59.6,3.11,1718.0,0,0
100029,CAEX-016,2026-04-22,A,noche,5,483.0,256.7,95.8,42.2,4.73,1992.0,0,1
101237,CAEX-039,2026-07-25,A,noche,8,29.0,234.7,84.6,56.9,4.11,2042.0,0,0
101029,CAEX-018,2026-05-19,A,noche,1,196.0,296.6,80.9,49.1,3.02,1722.0,0,0
101476,CAEX-014,2026-04-29,C,noche,8,189.0,348.6,86.5,61.9,4.05,1762.0,0,0
100386,CAEX-015,2026-04-19,B,dia,12,454.0,353.5,88.8,52.2,6.05,1603.0,0,0
101400,CAEX-037,2026-07-04,A,noche,2,381.0,268.9,87.8,49.9,3.47,1656.0,0,0
100637,CAEX-003,2026-08-05,C,dia,10,92.0,325.0,89.4,52.5,4.35,1227.0,0,1
104365,CAEX-027,2026-06-16,B,dia,1,351.0,316.9,93.7,53.3,3.27,1547.0,1,0
104878,CAEX-050,2026-08-19,A,noche,1,100.0,262.1,86.4,51.9,5.44,1899.0,1,0
101012,CAEX-017,2026-08-27,B,dia,9,303.0,330.8,90.6,50.0,3.16,1211.0,1,1
100643,CAEX-009,2026-08-27,A,dia,9,143.0,250.4,91.1,56.2,3.53,1769.0,0,0
102037,CAEX-028,2026-06-15,A,dia,4,184.0,293.1,95.7,59.7,4.55,1497.0,2,0
104330,CAEX-058,2026-07-14,B,noche,3,233.0,307.0,90.6,51.2,2.69,1684.0,1,0
105378,CAEX-016,2026-07-09,A,noche,5,103.0,258.8,91.5,63.5,3.92,1683.0,0,0
105980,CAEX-017,2026-08-02,B,dia,9,358.0,328.7,82.0,54.8,4.96,1771.0,1,0
105237,CAEX-022,2026-07-18,A,noche,4,347.0,294.0,92.5,56.5,4.31,1362.0,0,0
103988,CAEX-011,2026-03-10,A,noche,8,281.0,279.4,95.4,42.1,3.96,1515.0,1,1
100315,CAEX-018,2026-04-20,A,noche,1,151.0,307.6,,59.6,3.62,1562.0,0,0
104899,CAEX-049,2026-07-12,B,dia,5,153.0,306.6,90.4,47.5,2.46,1576.0,0,0
102379,CAEX-002,2026-06-14,B,dia,10,179.0,296.3,92.9,51.5,4.36,1854.0,1,0
100928,CAEX-055,2026-06-02,B,dia,10,211.0,,85.3,57.3,5.23,1556.0,1,0
104223,CAEX-024,2026-07-03,C,dia,6,503.0,372.6,96.2,47.0,3.94,1731.0,1,0
104999,CAEX-006,2026-08-17,C,noche,8,397.0,342.0,86.8,42.6,3.43,1608.0,1,0
102094,CAEX-028,2026-05-30,A,dia,4,127.0,288.0,77.5,64.1,6.36,1575.0,1,0
101061,CAEX-031,2026-05-31,B,noche,12,391.0,285.8,101.1,57.3,2.41,1512.0,0,1
103339,CAEX-041,2026-08-12,B,dia,14,181.0,338.2,82.3,61.7,3.09,1670.0,3,0
103417,CAEX-021,2026-07-01,C,dia,14,44.0,371.7,85.4,57.8,5.41,1590.0,0,0
100821,CAEX-049,2026-08-10,B,noche,5,98.0,326.9,89.5,46.5,6.19,1686.0,0,0
100685,CAEX-051,2026-08-10,A,dia,2,303.0,290.0,88.1,53.3,5.02,1393.0,1,0
105949,CAEX-020,2026-07-28,B,dia,7,315.0,325.4,95.4,59.6,3.55,1746.0,1,0
105195,CAEX-045,2026-06-24,C,noche,6,293.0,370.3,91.7,50.3,4.12,1750.0,0,0
105799,CAEX-013,2026-08-19,B,dia,2,254.0,313.2,91.0,53.0,3.58,1742.0,1,0
100445,CAEX-037,2026-06-04,A,dia,2,175.0,275.8,96.0,59.8,5.07,1708.0,0,0
101808,CAEX-013,2026-04-28,B,noche,2,202.0,331.9,85.8,51.2,3.5,1856.0,0,0
105492,CAEX-039,2026-03-18,A,dia,8,408.0,290.2,95.8,48.8,4.28,1744.0,0,0
102894,CAEX-047,2026-06-28,A,noche,5,416.0,297.1,91.2,54.6,2.92,1243.0,1,0
100022,CAEX-055,2026-08-19,B,noche,10,256.0,332.6,92.0,50.7,3.32,1565.0,1,0
100201,CAEX-001,2026-04-22,C,dia,7,86.0,355.0,89.7,64.3,3.31,1560.0,0,0
105666,CAEX-010,2026-07-13,B,dia,9,166.0,309.5,75.7,59.0,2.91,1845.0,1,0
104653,CAEX-024,2026-04-30,C,noche,6,678.0,351.3,106.1,40.9,3.58,1798.0,1,1
104600,CAEX-005,2026-08-15,A,noche,12,630.0,313.3,100.6,51.1,3.31,1766.0,1,1
104589,CAEX-007,2026-04-18,C,noche,2,792.0,359.6,103.4,51.3,2.95,1851.0,1,1
101198,CAEX-046,2026-06-19,C,noche,12,152.0,348.9,98.0,62.1,2.33,1631.0,0,0
103257,CAEX-018,2026-03-11,A,noche,1,236.0,287.3,88.5,49.4,4.88,1863.0,0,0
100384,CAEX-011,2026-03-07,A,dia,8,331.0,288.2,101.2,57.2,3.47,1721.0,2,1
103820,CAEX-032,2026-06-19,C,noche,4,452.0,324.8,95.7,47.6,5.17,1439.0,2,0
104738,CAEX-017,2026-04-04,B,noche,9,125.0,345.5,94.8,51.2,6.21,2051.0,1,1
102341,CAEX-027,2026-06-13,B,noche,1,232.0,317.7,92.7,49.6,2.73,1802.0,1,0
102900,CAEX-027,2026-05-05,B,dia,1,638.0,325.0,91.1,57.1,5.14,1561.0,3,0
101829,CAEX-048,2026-04-24,A,dia,3,201.0,280.9,89.2,52.4,3.29,1627.0,2,0
102607,CAEX-017,2026-04-14,B,dia,9,270.0,324.1,91.8,49.3,3.14,1960.0,0,0
100120,CAEX-002,2026-04-03,B,noche,10,105.0,337.1,94.4,67.4,4.04,1894.0,0,0
104632,CAEX-015,2026-07-10,B,noche,12,242.0,319.8,83.6,53.4,3.66,1297.0,1,0
103688,CAEX-049,2026-04-15,B,dia,5,44.0,332.1,89.8,52.9,7.53,1658.0,0,0
100045,CAEX-044,2026-05-07,A,dia,6,264.0,282.0,96.7,46.6,6.08,1635.0,0,0
104204,CAEX-034,2026-07-01,A,noche,5,335.0,277.0,102.1,57.8,3.86,1598.0,0,1
103754,CAEX-044,2026-05-06,A,noche,6,101.0,257.6,86.3,46.6,2.44,1710.0,0,0
102681,CAEX-012,2026-08-21,C,noche,8,57.0,371.4,83.5,54.0,3.56,1505.0,1,0
100387,CAEX-014,2026-03-19,C,dia,8,226.0,365.1,87.4,59.8,5.16,2060.0,0,0
100286,CAEX-058,2026-06-02,B,noche,3,309.0,334.5,93.6,46.4,7.21,1824.0,1,0
105010,CAEX-018,2026-06-11,A,dia,1,261.0,271.8,83.7,45.8,4.07,1545.0,0,0
100785,CAEX-057,2026-03-15,B,noche,11,898.0,338.9,96.0,37.9,4.01,1557.0,1,1
105692,CAEX-029,2026-06-08,A,noche,12,118.0,270.9,92.2,53.2,4.79,1489.0,0,0
104882,CAEX-038,2026-05-01,B,noche,8,169.0,322.8,95.1,56.4,3.28,1676.0,1,0
102239,CAEX-018,2026-07-13,A,dia,1,753.0,274.8,85.3,47.5,3.8,1612.0,2,0
104818,CAEX-050,2026-03-05,A,noche,1,189.0,263.4,90.5,52.0,1.98,1458.0,0,0
100005,CAEX-030,2026-04-02,B,dia,1,133.0,318.6,90.4,59.0,3.95,1700.0,1,0
100417,CAEX-035,2026-08-03,B,noche,7,38.0,330.7,87.4,52.4,3.75,1787.0,0,0
103803,CAEX-041,2026-05-01,B,noche,14,68.0,303.7,87.4,,3.53,1727.0,2,0
102489,CAEX-005,2026-03-05,A,noche,12,251.0,297.5,94.1,61.2,2.81,1778.0,1,0
100269,CAEX-032,2026-04-03,C,noche,4,340.0,329.2,94.9,60.6,4.96,1776.0,1,0
103589,CAEX-049,2026-07-05,B,dia,5,210.0,328.2,97.4,61.6,4.34,1119.0,0,1
105524,CAEX-026,2026-08-03,A,dia,12,249.0,262.0,94.0,51.4,5.64,1995.0,1,0
102754,CAEX-027,2026-03-30,B,dia,1,184.0,337.4,93.7,52.2,4.74,1487.0,0,0
103978,CAEX-019,2026-05-02,C,noche,5,128.0,340.8,78.7,63.4,6.66,1613.0,0,0
101962,CAEX-053,2026-05-10,C,noche,11,359.0,324.6,86.0,52.7,2.42,1831.0,0,0
105284,CAEX-018,2026-08-07,A,noche,1,55.0,288.8,85.0,61.2,6.0,1590.0,0,0
102898,CAEX-049,2026-03-26,B,dia,5,500.0,311.2,87.0,60.2,6.2,1565.0,0,0
102612,CAEX-010,2026-05-19,B,noche,9,308.0,320.7,84.6,57.8,4.39,1554.0,0,0
105318,CAEX-030,2026-08-22,B,noche,1,739.0,327.5,94.7,44.7,4.0,1790.0,2,1
103535,CAEX-044,2026-07-02,A,dia,6,169.0,292.3,83.7,46.7,2.42,1753.0,2,0
103043,CAEX-047,2026-05-17,A,dia,5,109.0,290.2,87.5,60.7,4.06,1916.0,0,0
102561,CAEX-012,2026-03-07,C,dia,8,208.0,332.5,,49.4,2.86,1272.0,1,1
104982,CAEX-002,2026-07-04,B,noche,10,102.0,351.1,86.3,57.7,5.09,1737.0,1,0
101778,CAEX-032,2026-05-28,C,noche,4,530.0,377.2,90.1,57.9,2.37,1597.0,1,0
105560,CAEX-003,2026-04-05,C,noche,10,651.0,341.2,96.5,49.6,4.44,1657.0,2,1
100942,CAEX-006,2026-07-06,C,dia,8,200.0,335.0,87.3,62.2,3.03,1693.0,1,0
104654,CAEX-015,2026-03-06,B,noche,12,141.0,306.0,90.7,67.1,4.47,1246.0,2,0
104840,CAEX-039,2026-06-15,A,noche,8,242.0,300.9,80.7,59.7,4.03,1709.0,0,0
104875,CAEX-003,2026-03-25,C,dia,10,286.0,377.4,84.9,41.1,4.69,1716.0,0,0
101922,CAEX-041,2026-08-18,B,noche,14,215.0,326.9,92.3,53.1,4.56,1645.0,0,0
103499,CAEX-033,2026-07-26,A,dia,13,92.0,283.4,82.0,43.4,4.27,1596.0,0,0
101919,CAEX-046,2026-03-15,C,dia,12,395.0,348.1,89.8,40.2,7.68,1403.0,0,1
101438,CAEX-031,2026-08-16,B,dia,12,418.0,333.9,84.2,48.5,2.48,1660.0,4,0
102948,CAEX-055,2026-07-25,B,dia,10,388.0,350.1,91.2,45.5,2.6,1623.0,0,0
105261,CAEX-032,2026-07-11,C,dia,4,74.0,357.8,94.0,54.9,5.12,1620.0,2,0
102438,CAEX-004,2026-08-17,B,dia,7,346.0,320.4,98.8,43.0,4.87,1593.0,2,0
103269,CAEX-037,2026-07-18,A,noche,2,262.0,279.4,89.9,56.9,4.49,1338.0,1,0
104448,CAEX-011,2026-06-23,A,dia,8,183.0,287.2,87.9,50.4,7.16,2046.0,1,0
103583,CAEX-035,2026-08-14,B,dia,7,227.0,344.0,91.0,53.3,3.74,1677.0,0,0
102407,CAEX-023,2026-07-16,C,noche,4,139.0,379.3,92.9,56.3,3.46,1763.0,1,0
103228,CAEX-039,2026-05-07,A,noche,8,291.0,307.7,95.0,38.4,2.98,1727.0,0,0
103204,CAEX-055,2026-04-14,B,dia,10,180.0,297.5,86.5,38.7,3.51,1453.0,1,1
105599,CAEX-043,2026-08-20,B,noche,6,318.0,299.7,87.8,62.9,3.57,1483.0,0,0
102515,CAEX-057,2026-05-21,B,noche,11,101.0,324.1,82.9,,,1742.0,0,0
103740,CAEX-037,2026-07-07,A,noche,2,481.0,260.5,91.5,44.9,20.85,1680.0,0,1
103943,CAEX-060,2026-07-09,A,dia,8,53.0,260.9,75.6,66.6,2.89,1601.0,1,0
104727,CAEX-018,2026-08-09,A,dia,1,102.0,274.3,98.9,51.7,5.41,1672.0,1,0
103523,CAEX-015,2026-05-06,B,noche,12,442.0,297.6,93.5,49.3,2.87,1743.0,1,0
102442,CAEX-024,2026-06-02,C,dia,6,125.0,352.5,80.0,57.3,5.14,1636.0,2,0
104524,CAEX-052,2026-07-14,A,noche,2,183.0,296.7,93.0,53.4,4.04,2027.0,0,0
100574,CAEX-057,2026-03-02,B,dia,11,91.0,347.7,90.5,66.8,5.04,1655.0,1,0
100932,CAEX-014,2026-07-22,C,dia,8,69.0,365.4,90.2,59.0,4.52,1446.0,1,0
100690,CAEX-003,2026-03-14,C,noche,10,147.0,378.3,98.3,61.2,3.1,1333.0,0,1
100309,CAEX-046,2026-03-24,C,dia,12,380.0,329.5,88.8,45.3,4.46,1677.0,0,0
103697,CAEX-042,2026-08-24,C,dia,10,10.0,340.1,87.0,53.0,5.02,1476.0,1,0
104309,CAEX-040,2026-08-25,B,dia,11,139.0,323.9,84.6,49.6,5.64,1408.0,1,0
101327,CAEX-055,2026-03-29,B,noche,10,220.0,325.3,86.7,46.3,2.98,1633.0,1,0
104582,CAEX-051,2026-04-09,A,dia,2,272.0,311.1,96.8,54.0,4.45,1556.0,0,0
100223,CAEX-020,2026-04-25,B,dia,7,142.0,328.4,92.3,51.4,4.01,1754.0,1,0
102668,CAEX-024,2026-04-11,C,dia,6,146.0,330.7,92.8,54.6,3.7,1619.0,1,0
100555,CAEX-013,2026-04-29,B,dia,2,87.0,317.6,90.7,55.1,3.23,1703.0,0,0
104017,CAEX-034,2026-06-18,A,dia,5,276.0,281.4,83.6,54.2,4.47,1605.0,0,0
104296,CAEX-020,2026-03-20,B,noche,7,157.0,316.5,85.5,52.6,4.52,1512.0,1,0
105336,CAEX-042,2026-05-28,C,dia,10,366.0,335.7,92.6,56.0,3.84,1496.0,1,0
100234,CAEX-008,2026-03-01,C,dia,11,146.0,364.5,98.2,56.6,3.4,1392.0,1,1
105755,CAEX-051,2026-03-25,A,dia,2,861.0,277.3,94.3,47.5,5.02,2000.0,2,1
105744,CAEX-059,2026-03-29,A,dia,13,116.0,252.7,95.8,51.0,6.09,1596.0,0,0
101231,CAEX-004,2026-03-15,B,noche,7,158.0,308.8,85.6,45.5,3.42,1958.0,0,0
105390,CAEX-013,2026-04-13,B,noche,2,142.0,299.6,88.6,38.7,2.78,1553.0,0,0
104241,CAEX-044,2026-08-09,A,noche,6,405.0,277.6,88.8,49.4,4.15,1853.0,0,0
101457,CAEX-010,2026-03-27,B,dia,9,201.0,337.6,94.3,54.1,3.06,1582.0,2,0
102460,CAEX-052,2026-05-11,A,dia,2,141.0,270.1,91.0,52.5,4.25,1855.0,1,0
101458,CAEX-038,2026-07-02,B,dia,8,278.0,333.3,95.1,45.7,6.08,1578.0,0,0
105277,CAEX-010,2026-05-14,B,dia,9,92.0,315.0,86.2,48.1,5.62,1729.0,3,0
104046,CAEX-011,2026-07-14,A,noche,8,276.0,273.0,79.9,55.6,3.62,1337.0,0,0
105054,CAEX-012,2026-05-19,C,noche,8,1116.0,334.8,113.2,49.7,3.19,1813.0,1,1
103330,CAEX-021,2026-08-14,C,dia,14,318.0,348.1,88.9,47.1,3.21,1589.0,0,0
102491,CAEX-048,2026-07-01,A,noche,3,116.0,302.0,91.6,44.6,5.22,1750.0,1,0
102753,CAEX-010,2026-06-15,B,noche,9,270.0,328.8,91.5,51.8,2.74,1361.0,1,0
101833,CAEX-010,2026-03-12,B,noche,9,132.0,309.4,92.0,40.9,4.7,1610.0,1,0
103274,CAEX-021,2026-07-23,C,dia,14,88.0,306.4,76.1,64.6,5.72,1780.0,0,0
104848,CAEX-006,2026-04-28,C,noche,8,230.0,377.1,86.2,56.5,8.15,1580.0,0,0
103400,CAEX-005,2026-07-02,A,dia,12,120.0,286.1,90.8,50.4,5.21,1656.0,0,0
101541,CAEX-006,2026-03-03,C,dia,8,208.0,370.7,86.3,53.0,4.82,1542.0,0,0
100117,CAEX-051,2026-03-27,A,noche,2,380.0,280.6,92.0,58.2,5.84,1635.0,1,0
102055,CAEX-036,2026-05-03,A,dia,10,127.0,290.3,92.2,53.2,3.27,1345.0,1,0
102597,CAEX-032,2026-07-27,C,dia,4,90.0,333.6,90.3,55.0,6.28,1499.0,1,0
102580,CAEX-026,2026-03-05,A,dia,12,266.0,301.6,77.5,47.2,3.28,1519.0,1,0
103033,CAEX-021,2026-08-16,C,noche,14,76.0,355.9,91.0,52.3,3.98,1192.0,2,1
102806,CAEX-039,2026-08-27,A,noche,8,146.0,265.8,88.9,60.5,5.01,1615.0,0,0
100441,CAEX-027,2026-03-21,B,noche,1,294.0,295.1,79.6,52.0,3.45,1887.0,1,0
102011,CAEX-022,2026-04-06,A,dia,4,311.0,248.8,83.0,65.1,5.33,1751.0,1,0
104525,CAEX-045,2026-06-04,C,noche,6,41.0,350.4,96.2,55.2,4.54,1716.0,0,0
102904,CAEX-015,2026-03-06,B,dia,12,300.0,352.5,93.2,57.0,5.67,1469.0,0,0
100746,CAEX-057,2026-03-02,B,noche,11,145.0,328.9,80.0,48.6,6.84,2015.0,0,0
104224,CAEX-057,2026-03-31,B,noche,11,147.0,318.8,85.9,49.5,4.71,1614.0,2,0
103868,CAEX-015,2026-06-22,B,dia,12,140.0,323.7,97.9,45.4,2.23,1446.0,0,0
104554,CAEX-016,2026-05-17,A,dia,5,220.0,286.1,90.2,51.7,3.88,1856.0,1,0
104830,CAEX-017,2026-08-05,B,noche,9,579.0,336.4,93.4,52.1,5.6,1745.0,0,0
103376,CAEX-027,2026-03-15,B,noche,1,192.0,325.3,83.1,53.6,3.32,1683.0,5,0
104240,CAEX-007,2026-03-14,C,noche,2,551.0,341.9,84.0,44.5,3.73,1845.0,0,0
104138,CAEX-025,2026-05-21,C,dia,14,161.0,357.5,88.5,54.6,4.54,1633.0,0,0
104624,CAEX-048,2026-04-06,A,dia,3,192.0,266.8,92.6,59.0,,1650.0,0,0
104599,CAEX-007,2026-04-22,C,noche,2,87.0,376.7,91.5,48.5,4.69,1528.0,2,0
101500,CAEX-031,2026-04-20,B,noche,12,241.0,342.8,95.2,55.4,3.54,1714.0,4,0
102707,CAEX-056,2026-06-30,C,noche,7,207.0,344.7,85.4,61.7,8.1,1445.0,0,1
104933,CAEX-060,2026-08-04,A,dia,8,88.0,275.5,86.8,55.8,4.45,1495.0,1,0
105958,CAEX-044,2026-04-21,A,noche,6,769.0,267.2,92.2,50.7,3.95,1717.0,2,0
100332,CAEX-045,2026-07-23,C,noche,6,143.0,336.8,89.1,59.9,3.78,1543.0,0,0
105489,CAEX-046,2026-06-20,C,noche,12,520.0,381.2,96.3,51.8,5.78,1572.0,3,1
101952,CAEX-059,2026-07-21,A,noche,13,230.0,263.9,94.1,52.2,3.13,1490.0,0,0
102186,CAEX-006,2026-07-04,C,noche,8,340.0,337.3,98.3,63.7,4.79,1586.0,1,1
104480,CAEX-030,2026-05-01,B,dia,1,35.0,318.5,87.1,57.6,5.15,1555.0,0,0
104041,CAEX-007,2026-05-02,C,noche,2,67.0,324.9,86.3,51.2,4.19,2047.0,1,0
104565,CAEX-042,2026-07-27,C,dia,10,641.0,340.5,94.2,51.3,3.24,1425.0,2,0
101496,CAEX-060,2026-03-08,A,noche,8,367.0,276.0,89.2,58.1,3.87,1579.0,1,0
104925,CAEX-007,2026-04-29,C,dia,2,249.0,356.3,88.8,58.7,3.47,1717.0,2,0
103133,CAEX-056,2026-05-13,C,dia,7,246.0,350.3,93.0,58.2,4.99,1343.0,0,0
102319,CAEX-002,2026-06-17,B,noche,10,194.0,325.5,90.3,51.3,3.16,1818.0,1,0
100344,CAEX-050,2026-07-04,A,dia,1,535.0,275.4,99.6,47.2,2.74,1779.0,1,0
104080,CAEX-002,2026-08-23,B,dia,10,204.0,319.2,93.8,56.0,5.95,1668.0,0,0
102970,CAEX-007,2026-07-31,C,dia,2,67.0,352.6,89.2,64.6,3.39,1643.0,0,0
105465,CAEX-037,2026-05-26,A,noche,2,164.0,292.1,92.9,49.7,1.79,1484.0,1,0
102443,CAEX-007,2026-08-06,C,noche,2,24.0,352.8,91.7,60.0,7.9,1805.0,0,0
101207,CAEX-034,2026-07-20,A,noche,5,427.0,289.1,82.0,46.9,4.61,1712.0,2,0
103693,CAEX-052,2026-07-19,A,dia,2,363.0,278.3,91.5,63.4,3.33,1435.0,1,0
105605,CAEX-035,2026-04-27,B,noche,7,208.0,319.0,96.4,52.9,2.82,1514.0,1,0
102587,CAEX-023,2026-04-09,C,dia,4,98.0,346.8,84.0,63.8,3.95,1584.0,0,0
101248,CAEX-055,2026-07-14,B,noche,10,291.0,311.5,82.9,50.5,6.13,1805.0,0,0
100985,CAEX-032,2026-06-21,C,noche,4,263.0,337.0,82.7,54.1,4.96,1735.0,0,0
103439,CAEX-027,2026-05-13,B,noche,1,60.0,328.0,100.2,58.7,5.07,1582.0,0,0
101352,CAEX-001,2026-07-21,C,noche,7,317.0,346.9,93.3,49.7,4.48,1682.0,1,0
105497,CAEX-032,2026-08-07,C,noche,4,234.0,376.8,83.4,51.7,4.06,1850.0,1,0
102446,CAEX-035,2026-04-16,B,dia,7,168.0,341.6,87.1,50.4,3.46,1624.0,0,0
100434,CAEX-024,2026-03-12,C,noche,6,292.0,341.7,88.9,53.3,3.74,1777.0,0,0
101136,CAEX-018,2026-05-15,A,noche,1,96.0,276.1,87.3,,2.5,1432.0,0,0
100142,CAEX-007,2026-08-24,C,noche,2,284.0,325.9,93.1,59.3,6.71,1756.0,0,0
101774,CAEX-028,2026-03-10,A,noche,4,71.0,249.5,,51.3,3.17,1369.0,2,0
105714,CAEX-020,2026-03-11,B,dia,7,288.0,328.1,94.2,43.6,4.65,1646.0,3,0
104083,CAEX-018,2026-08-15,A,noche,1,155.0,312.4,83.5,39.8,6.56,1625.0,0,0
102044,CAEX-026,2026-07-27,A,noche,12,200.0,312.0,85.1,57.5,3.85,1537.0,0,0
104317,CAEX-020,2026-06-07,B,dia,7,472.0,347.8,81.6,55.0,3.05,1424.0,0,0
101785,CAEX-050,2026-03-10,A,noche,1,671.0,313.9,97.3,52.5,5.41,1838.0,1,1
102480,CAEX-010,2026-08-13,B,dia,9,78.0,295.7,87.0,49.2,2.06,1625.0,0,0
101074,CAEX-048,2026-08-07,A,noche,3,70.0,277.4,83.8,58.3,3.71,1474.0,0,0
104518,CAEX-006,2026-06-28,C,dia,8,173.0,343.5,89.1,51.3,4.68,1439.0,2,0
105363,CAEX-018,2026-03-29,A,dia,1,964.0,277.9,95.8,27.8,4.76,1640.0,2,1
103827,CAEX-016,2026-06-23,A,dia,5,298.0,274.1,89.4,57.3,6.14,1516.0,0,0
103586,CAEX-025,2026-06-17,C,dia,14,107.0,346.8,86.1,60.2,5.34,1573.0,1,0
102275,CAEX-050,2026-08-07,A,dia,1,248.0,270.6,93.6,51.7,4.75,1392.0,1,0
105208,CAEX-060,2026-08-02,A,dia,8,47.0,255.7,93.3,49.4,5.4,1491.0,0,0
101893,CAEX-025,2026-06-27,C,dia,14,181.0,389.1,78.5,51.3,7.86,1482.0,0,0
104069,CAEX-055,2026-07-22,B,noche,10,205.0,315.9,93.7,51.7,2.93,1828.0,0,0
101410,CAEX-002,2026-06-10,B,noche,10,170.0,290.1,83.9,43.3,3.52,1599.0,0,0
102828,CAEX-026,2026-05-22,A,dia,12,221.0,289.5,83.6,63.7,4.5,1519.0,0,0
100367,CAEX-026,2026-07-03,A,noche,12,285.0,262.3,85.7,,6.98,1643.0,1,0
100793,CAEX-029,2026-04-09,A,noche,12,188.0,284.0,88.2,53.6,2.82,1513.0,1,0
102234,CAEX-037,2026-04-04,A,noche,2,384.0,271.9,92.0,51.4,2.56,1477.0,2,0
105513,CAEX-054,2026-07-05,B,noche,11,864.0,303.9,95.4,39.7,3.84,1799.0,2,1
104699,CAEX-041,2026-07-15,B,dia,14,160.0,317.1,81.4,54.3,4.05,1238.0,0,0
103179,CAEX-012,2026-07-21,C,noche,8,133.0,321.1,88.6,52.7,3.12,1860.0,0,0
104594,CAEX-060,2026-03-16,A,noche,8,303.0,315.1,83.9,54.8,6.53,1562.0,1,0
104564,CAEX-020,2026-08-27,B,noche,7,516.0,327.7,97.2,43.8,4.61,1304.0,1,1
103914,CAEX-027,2026-04-11,B,noche,1,433.0,323.4,87.5,51.6,4.21,1614.0,0,0
104545,CAEX-018,2026-07-31,A,dia,1,112.0,296.4,86.0,52.0,2.34,1699.0,1,0
100546,CAEX-008,2026-06-14,C,noche,11,385.0,317.2,,45.9,4.42,1702.0,0,0
104475,CAEX-008,2026-04-15,C,dia,11,531.0,367.5,94.2,65.5,5.15,1493.0,2,1
105955,CAEX-040,2026-07-21,B,dia,11,360.0,365.3,87.4,54.2,3.2,1754.0,0,0
104774,CAEX-009,2026-04-07,A,noche,9,387.0,271.5,93.3,63.6,3.26,1512.0,0,0
103883,CAEX-038,2026-08-01,B,noche,8,280.0,309.5,88.5,59.2,4.0,1600.0,0,0
103340,CAEX-056,2026-08-15,C,noche,7,146.0,330.6,89.1,62.2,3.9,1523.0,0,0
102840,CAEX-045,2026-04-27,C,noche,6,258.0,378.0,83.9,55.6,2.79,1583.0,1,0
102409,CAEX-059,2026-06-02,A,noche,13,410.0,289.0,86.1,38.5,5.04,1882.0,0,1
101395,CAEX-009,2026-06-03,A,noche,9,162.0,267.4,88.3,53.7,4.09,1967.0,0,0
100556,CAEX-041,2026-06-25,B,dia,14,54.0,308.6,85.6,70.9,5.45,1492.0,0,0
104944,CAEX-041,2026-05-05,B,dia,14,383.0,310.5,93.2,48.4,6.41,1469.0,0,0
100796,CAEX-014,2026-07-13,C,noche,8,492.0,364.1,83.8,52.9,3.97,1777.0,0,1
104846,CAEX-008,2026-05-24,C,noche,11,181.0,351.7,90.4,59.5,2.96,1788.0,1,0
101653,CAEX-036,2026-05-12,A,noche,10,276.0,244.3,97.6,55.7,3.5,1574.0,0,0
102283,CAEX-029,2026-07-03,A,dia,12,54.0,305.4,81.3,52.4,4.08,1508.0,0,0
102535,CAEX-031,2026-06-01,B,dia,12,101.0,358.7,89.2,57.6,4.79,1709.0,1,0
104372,CAEX-003,2026-07-15,C,dia,10,197.0,343.9,93.8,60.2,5.01,1722.0,0,0
103478,CAEX-056,2026-07-20,C,noche,7,377.0,332.1,91.4,58.9,3.36,1748.0,1,0
104104,CAEX-027,2026-06-10,B,dia,1,161.0,286.8,88.7,,2.74,1910.0,0,0
101815,CAEX-046,2026-07-31,C,noche,12,101.0,320.9,86.4,44.9,2.72,1904.0,2,0
105621,CAEX-008,2026-04-07,C,dia,11,105.0,395.4,84.4,55.2,4.76,1846.0,0,0
100408,CAEX-006,2026-05-28,C,noche,8,176.0,327.0,93.1,52.4,3.03,1591.0,0,0
102642,CAEX-050,2026-05-06,A,noche,1,292.0,314.9,96.6,49.6,6.31,1723.0,0,1
105638,CAEX-056,2026-04-22,C,dia,7,68.0,373.4,85.3,64.0,3.26,1700.0,0,0
100127,CAEX-019,2026-07-24,C,noche,5,317.0,314.8,87.5,47.6,,1596.0,2,0
104914,CAEX-059,2026-08-22,A,noche,13,131.0,262.0,84.3,43.5,6.36,1373.0,2,0
103402,CAEX-046,2026-05-28,C,noche,12,163.0,317.2,88.9,63.2,5.11,1568.0,0,0
100670,CAEX-037,2026-03-28,A,dia,2,217.0,271.1,84.3,46.6,3.83,1732.0,0,0
104880,CAEX-038,2026-07-24,B,dia,8,105.0,350.7,92.0,55.0,4.33,1754.0,0,0
100182,CAEX-054,2026-08-16,B,dia,11,182.0,301.6,89.1,41.1,4.83,1431.0,0,0
104166,CAEX-031,2026-07-29,B,noche,12,132.0,297.5,83.5,64.9,7.17,1448.0,0,0
103917,CAEX-033,2026-08-22,A,dia,13,99.0,279.2,89.5,55.6,2.78,1737.0,0,0
102654,CAEX-033,2026-06-05,A,dia,13,272.0,281.4,93.7,50.5,2.59,1545.0,0,0
100220,CAEX-019,2026-08-15,C,noche,5,264.0,335.9,82.0,55.6,5.82,1366.0,0,1
104758,CAEX-036,2026-06-02,A,noche,10,198.0,275.2,79.9,48.7,8.04,1766.0,0,0
105209,CAEX-030,2026-03-30,B,dia,1,490.0,325.9,90.6,54.2,4.73,1712.0,0,0
103553,CAEX-025,2026-06-16,C,dia,14,33.0,349.0,87.4,59.5,3.82,1763.0,0,0
105507,CAEX-046,2026-06-24,C,noche,12,345.0,340.9,80.9,38.1,6.09,2089.0,0,1
100116,CAEX-032,2026-07-07,C,dia,4,286.0,337.5,90.0,46.3,4.56,1622.0,0,0
102258,CAEX-041,2026-08-23,B,dia,14,28.0,347.0,78.3,56.6,7.06,1693.0,2,0
105129,CAEX-005,2026-05-06,A,dia,12,343.0,303.7,88.7,51.5,3.84,1777.0,3,0
103109,CAEX-011,2026-05-02,A,noche,8,203.0,250.3,97.0,44.2,3.19,1598.0,0,0
100421,CAEX-037,2026-03-25,A,noche,2,212.0,289.8,81.7,53.9,3.61,1788.0,1,0
100102,CAEX-030,2026-04-24,B,dia,1,152.0,288.3,74.7,53.2,6.67,1528.0,0,0
101382,CAEX-016,2026-03-16,A,dia,5,287.0,311.1,88.2,58.7,3.87,1814.0,1,0
105964,CAEX-058,2026-03-10,B,dia,3,173.0,315.2,84.3,53.5,5.43,1776.0,0,0
104741,CAEX-059,2026-06-24,A,dia,13,172.0,280.1,89.0,49.2,4.36,1478.0,1,0
103344,CAEX-011,2026-05-30,A,noche,8,503.0,299.1,100.9,50.5,5.05,1683.0,1,1
100497,CAEX-035,2026-07-24,B,dia,7,505.0,289.4,91.1,44.6,3.67,1728.0,2,0
105317,CAEX-047,2026-05-13,A,dia,5,396.0,267.1,87.0,58.2,3.25,1575.0,2,0
103301,CAEX-048,2026-06-14,A,noche,3,295.0,309.8,87.2,42.2,2.36,1734.0,1,0
105327,CAEX-007,2026-04-29,C,dia,2,108.0,342.6,88.0,68.6,4.39,1657.0,1,0
103459,CAEX-005,2026-08-10,A,noche,12,161.0,271.9,93.3,62.4,5.1,1682.0,0,0
104732,CAEX-033,2026-06-04,A,dia,13,114.0,292.1,89.0,49.8,6.06,1792.0,1,0
100218,CAEX-012,2026-03-28,C,dia,8,137.0,290.9,95.6,,3.29,1631.0,0,0
105506,CAEX-027,2026-04-18,B,dia,1,101.0,342.6,82.8,49.1,2.04,1629.0,2,0
105567,CAEX-026,2026-05-25,A,dia,12,398.0,258.4,95.4,53.4,4.83,1730.0,2,0
104909,CAEX-009,2026-03-08,A,noche,9,56.0,331.2,85.0,49.1,2.98,1787.0,1,0
103808,CAEX-005,2026-05-03,A,noche,12,76.0,306.3,93.5,48.8,6.17,1449.0,2,0
102339,CAEX-009,2026-08-14,A,dia,9,254.0,301.8,91.7,53.3,6.7,1661.0,1,0
105854,CAEX-057,2026-03-29,B,noche,11,125.0,318.7,84.5,46.8,7.19,1458.0,0,0
104483,CAEX-010,2026-04-17,B,dia,9,388.0,318.0,84.0,50.5,5.7,1524.0,2,0
101964,CAEX-037,2026-06-25,A,dia,2,131.0,276.8,87.6,55.5,5.86,1493.0,1,0
100312,CAEX-053,2026-06-09,C,dia,11,84.0,354.2,89.9,47.4,4.21,1711.0,1,0
102858,CAEX-010,2026-07-16,B,dia,9,81.0,316.1,87.1,66.5,4.13,1635.0,0,0
104461,CAEX-051,2026-05-29,A,noche,2,101.0,314.5,87.1,45.5,4.45,1745.0,0,0
103813,CAEX-009,2026-08-13,A,dia,9,474.0,303.0,85.0,54.7,3.67,1546.0,1,0
105775,CAEX-041,2026-05-05,B,dia,14,706.0,318.9,90.0,52.0,5.75,1802.0,0,1
103231,CAEX-005,2026-07-30,A,noche,12,575.0,331.7,98.8,52.5,3.08,1743.0,2,1
102293,CAEX-025,2026-05-27,C,noche,14,462.0,345.9,95.2,42.3,5.58,1892.0,2,1
102415,CAEX-019,2026-04-01,C,dia,5,135.0,331.7,82.2,51.4,4.58,1690.0,0,0
103367,CAEX-025,2026-03-04,C,noche,14,243.0,357.9,89.1,52.7,6.45,1506.0,2,0
103178,CAEX-053,2026-03-14,C,noche,11,507.0,378.6,96.9,52.6,3.34,1376.0,0,0
101454,CAEX-053,2026-05-17,C,noche,11,41.0,374.7,83.8,52.3,4.01,1665.0,0,0
103197,CAEX-031,2026-05-15,B,noche,12,441.0,289.1,98.3,59.7,2.02,1417.0,3,1
104640,CAEX-056,2026-07-26,C,noche,7,135.0,380.9,90.1,,4.09,1827.0,1,0
103904,CAEX-048,2026-03-28,A,dia,3,334.0,261.1,88.6,53.2,2.35,1791.0,0,0
100608,CAEX-042,2026-03-06,C,dia,10,62.0,336.0,80.7,49.4,5.45,1765.0,0,0
103862,CAEX-040,2026-08-13,B,dia,11,379.0,343.1,94.2,58.9,6.55,1351.0,2,1
104200,CAEX-056,2026-06-12,C,noche,7,177.0,338.8,77.9,49.0,6.07,1828.0,2,0
100645,CAEX-038,2026-06-06,B,noche,8,190.0,305.6,89.4,54.1,3.18,1684.0,0,0
100725,CAEX-028,2026-06-24,A,noche,4,361.0,296.9,95.9,55.8,3.99,1429.0,2,0
100260,CAEX-024,2026-04-29,C,dia,6,48.0,358.9,88.6,57.2,4.29,1629.0,0,0
103093,CAEX-040,2026-08-01,B,noche,11,244.0,290.8,82.0,57.7,6.22,1609.0,3,0
102972,CAEX-014,2026-04-04,C,noche,8,75.0,326.4,91.7,57.2,3.82,1888.0,0,0
102352,CAEX-049,2026-06-01,B,dia,5,108.0,338.8,81.1,60.2,2.46,1746.0,1,0
103940,CAEX-004,2026-03-10,B,noche,7,319.0,285.6,81.1,51.3,4.19,1647.0,0,0
102622,CAEX-027,2026-07-22,B,noche,1,179.0,308.9,90.4,64.2,4.83,1315.0,0,0
101959,CAEX-033,2026-08-06,A,dia,13,120.0,277.8,81.4,52.8,5.11,1688.0,0,0
100082,CAEX-011,2026-05-16,A,dia,8,220.0,278.4,84.2,54.4,5.18,1559.0,0,0
100034,CAEX-027,2026-04-29,B,noche,1,155.0,320.8,76.1,52.9,2.98,1744.0,0,0
105888,CAEX-014,2026-03-04,C,noche,8,150.0,332.2,87.2,58.9,5.27,1483.0,0,0
103016,CAEX-011,2026-04-02,A,noche,8,264.0,276.6,101.9,46.9,2.71,1651.0,2,0
105457,CAEX-016,2026-04-30,A,dia,5,22.0,313.2,92.7,64.2,2.94,1577.0,0,0
100073,CAEX-012,2026-04-19,C,noche,8,295.0,342.6,81.2,51.3,6.48,1661.0,1,0
103332,CAEX-035,2026-06-07,B,noche,7,249.0,309.3,84.5,65.1,2.98,1512.0,1,0
101273,CAEX-004,2026-08-01,B,dia,7,34.0,335.3,91.6,52.7,5.11,1510.0,0,0
101855,CAEX-060,2026-07-25,A,noche,8,22.0,275.0,85.4,72.1,3.85,1525.0,1,0
105004,CAEX-054,2026-07-21,B,dia,11,244.0,291.7,89.7,50.6,6.39,1735.0,0,0
105265,CAEX-016,2026-04-25,A,noche,5,157.0,290.1,91.6,58.5,4.41,1188.0,1,1
105564,CAEX-028,2026-04-22,A,noche,4,424.0,296.7,78.7,50.1,4.2,1986.0,1,1
102335,CAEX-007,2026-06-09,C,dia,2,210.0,343.3,94.1,54.8,,1755.0,0,0
102244,CAEX-050,2026-05-04,A,noche,1,103.0,322.6,86.9,48.1,3.84,1868.0,1,0
101199,CAEX-031,2026-05-03,B,dia,12,91.0,336.4,86.9,44.6,4.81,1689.0,0,0
101892,CAEX-039,2026-05-10,A,noche,8,138.0,292.2,81.6,48.4,4.75,1769.0,1,0
104954,CAEX-003,2026-06-28,C,noche,10,365.0,350.0,88.7,52.3,4.45,1554.0,2,0
103965,CAEX-008,2026-04-11,C,noche,11,379.0,349.0,92.9,62.9,3.26,1822.0,1,0
101218,CAEX-040,2026-03-05,B,noche,11,69.0,311.2,83.6,55.0,2.31,1802.0,0,0
104359,CAEX-051,2026-03-26,A,noche,2,156.0,273.9,90.4,53.2,5.9,1640.0,0,0
101795,CAEX-034,2026-03-25,A,noche,5,345.0,302.9,88.1,43.8,5.31,1704.0,1,0
105752,CAEX-033,2026-04-13,A,dia,13,218.0,270.5,84.9,54.5,3.86,1707.0,2,0
101670,CAEX-010,2026-04-07,B,dia,9,26.0,320.4,84.6,64.1,3.56,1579.0,0,0
102880,CAEX-017,2026-06-08,B,dia,9,110.0,322.3,85.4,48.0,4.48,1735.0,0,0
102026,CAEX-048,2026-06-09,A,noche,3,304.0,282.7,92.8,56.3,2.87,1275.0,0,0
104314,CAEX-016,2026-05-31,A,dia,5,203.0,270.9,94.6,45.6,7.63,1637.0,0,1
100868,CAEX-037,2026-05-08,A,dia,2,73.0,273.3,80.4,51.8,4.39,1965.0,1,0
100390,CAEX-035,2026-04-04,B,noche,7,384.0,335.7,95.3,49.1,1.85,1656.0,0,0
105365,CAEX-014,2026-07-30,C,noche,8,411.0,349.1,87.6,52.2,5.58,1618.0,1,0
103161,CAEX-033,2026-07-02,A,noche,13,130.0,268.2,84.3,56.6,3.35,1703.0,1,0
101484,CAEX-034,2026-06-20,A,noche,5,443.0,268.3,99.1,48.5,3.77,1996.0,0,1
101039,CAEX-049,2026-04-15,B,dia,5,88.0,327.4,79.8,51.7,5.88,1480.0,0,0
104063,CAEX-050,2026-06-09,A,noche,1,441.0,290.1,94.6,53.0,6.18,1559.0,0,0
103184,CAEX-050,2026-03-09,A,noche,1,111.0,273.9,87.5,50.5,6.89,1529.0,0,0
104299,CAEX-053,2026-06-23,C,noche,11,823.0,341.4,91.9,39.6,3.54,1547.0,2,1
103934,CAEX-059,2026-06-07,A,noche,13,483.0,302.9,89.1,53.9,5.25,1728.0,2,0
101751,CAEX-006,2026-04-30,C,noche,8,271.0,356.5,85.0,,2.61,1695.0,0,1
105240,CAEX-039,2026-06-19,A,dia,8,90.0,293.7,75.1,48.5,3.38,1546.0,0,0
102653,CAEX-019,2026-08-19,C,dia,5,356.0,350.3,90.0,37.2,3.99,1633.0,2,1
100187,CAEX-029,2026-07-27,A,noche,12,352.0,268.6,100.6,45.2,4.51,1834.0,0,1
104262,CAEX-022,2026-03-19,A,dia,4,617.0,265.2,80.9,51.7,4.31,1700.0,0,0
105083,CAEX-036,2026-07-09,A,dia,10,146.0,314.0,87.4,52.2,4.51,1474.0,0,0
101514,CAEX-024,2026-07-10,C,dia,6,244.0,329.4,88.7,54.2,4.16,1292.0,1,0
104498,CAEX-035,2026-07-28,B,dia,7,238.0,336.1,71.5,55.5,5.31,1535.0,0,0
105845,CAEX-030,2026-08-13,B,dia,1,146.0,335.3,89.6,48.0,3.92,1591.0,1,0
102129,CAEX-019,2026-07-08,C,noche,5,332.0,331.7,99.3,63.9,7.24,1613.0,1,1
102657,CAEX-058,2026-04-22,B,noche,3,116.0,361.8,86.9,48.3,5.6,1533.0,0,0
102865,CAEX-012,2026-08-20,C,dia,8,391.0,375.1,93.1,59.2,3.61,1327.0,2,1
102046,CAEX-038,2026-07-17,B,noche,8,97.0,345.4,83.0,50.4,2.64,1501.0,1,0
105162,CAEX-037,2026-06-19,A,dia,2,215.0,285.4,88.4,55.2,4.39,1698.0,1,0
100448,CAEX-023,2026-06-19,C,dia,4,236.0,373.5,87.2,56.4,4.49,1672.0,2,0
105229,CAEX-034,2026-06-28,A,dia,5,209.0,286.8,90.8,62.1,4.2,1678.0,1,0
101578,CAEX-037,2026-03-04,A,noche,2,304.0,264.7,87.3,45.8,2.85,1802.0,0,0
101866,CAEX-060,2026-04-26,A,dia,8,194.0,290.4,,54.4,3.21,1772.0,0,0
104067,CAEX-017,2026-04-16,B,noche,9,65.0,321.6,90.2,53.1,4.0,1722.0,0,0
100326,CAEX-028,2026-04-18,A,dia,4,125.0,316.9,86.5,50.1,3.33,1549.0,0,0
102156,CAEX-033,2026-05-12,A,dia,13,118.0,283.7,88.6,52.4,3.69,1896.0,0,0
104073,CAEX-059,2026-06-25,A,dia,13,296.0,271.6,87.7,53.7,3.72,1451.0,0,1
103352,CAEX-005,2026-04-19,A,dia,12,292.0,310.9,100.8,48.0,4.63,1832.0,1,1
103884,CAEX-031,2026-08-01,B,dia,12,248.0,352.3,78.8,61.6,3.96,1851.0,1,0
102230,CAEX-002,2026-07-13,B,noche,10,268.0,296.2,90.1,52.8,2.52,1621.0,1,0
101471,CAEX-012,2026-05-06,C,dia,8,72.0,376.4,97.8,59.0,2.87,1631.0,2,0
104973,CAEX-016,2026-03-20,A,noche,5,131.0,296.1,92.6,54.2,4.58,1606.0,1,0
102601,CAEX-019,2026-06-05,C,noche,5,636.0,353.2,90.2,38.2,,1700.0,1,0
100360,CAEX-002,2026-03-26,B,dia,10,181.0,316.9,,47.2,5.36,1730.0,1,0
101577,CAEX-021,2026-03-26,C,noche,14,246.0,404.3,,53.7,3.45,1493.0,0,0
105979,CAEX-047,2026-03-20,A,noche,5,294.0,273.4,86.7,56.3,2.81,1431.0,0,0
100487,CAEX-031,2026-03-15,B,dia,12,463.0,324.2,83.6,59.9,3.44,1579.0,0,0
101082,CAEX-056,2026-03-20,C,noche,7,425.0,342.5,90.2,50.0,4.1,1753.0,1,0
103784,CAEX-023,2026-04-10,C,noche,4,304.0,366.0,92.1,44.1,4.04,1601.0,0,0
103085,CAEX-032,2026-06-21,C,noche,4,221.0,383.6,88.6,52.6,4.01,1642.0,0,0
100575,CAEX-034,2026-06-27,A,noche,5,457.0,287.1,94.5,52.0,3.26,1718.0,0,0
103819,CAEX-044,2026-06-10,A,noche,6,54.0,285.7,78.6,56.7,4.43,1864.0,1,0
101170,CAEX-036,2026-07-21,A,noche,10,284.0,311.6,,60.0,4.36,1962.0,0,1
100606,CAEX-036,2026-08-23,A,dia,10,40.0,276.9,81.9,64.9,6.33,1538.0,0,0
103898,CAEX-037,2026-08-07,A,dia,2,216.0,326.7,99.5,51.3,6.87,1892.0,0,1
103892,CAEX-047,2026-04-05,A,noche,5,332.0,267.7,88.3,45.4,4.87,1761.0,1,0
102641,CAEX-033,2026-05-28,A,noche,13,285.0,285.1,79.8,49.1,4.59,1773.0,0,0
104790,CAEX-049,2026-08-07,B,noche,5,11.0,288.1,89.2,50.5,4.3,1712.0,1,0
102864,CAEX-032,2026-05-14,C,dia,4,332.0,359.4,,66.2,3.97,1473.0,2,0
105741,CAEX-009,2026-08-02,A,dia,9,287.0,277.6,95.6,55.8,5.66,1646.0,0,0
102217,CAEX-057,2026-06-30,B,dia,11,232.0,,93.6,53.4,2.52,1757.0,1,0
100083,CAEX-018,2026-04-12,A,dia,1,362.0,307.1,93.3,53.8,3.71,1673.0,2,0
105559,CAEX-014,2026-04-08,C,dia,8,64.0,358.2,91.3,59.0,4.92,1412.0,0,0
102706,CAEX-010,2026-08-06,B,noche,9,370.0,298.5,82.8,56.3,3.21,1857.0,0,0
105860,CAEX-015,2026-08-18,B,noche,12,24.0,326.7,94.8,61.8,1.95,1780.0,0,0
104158,CAEX-020,2026-03-23,B,dia,7,457.0,317.0,83.6,48.6,3.26,1631.0,1,0
100197,CAEX-045,2026-03-26,C,noche,6,181.0,331.6,93.7,56.1,5.56,1621.0,0,0
104384,CAEX-012,2026-04-24,C,noche,8,110.0,323.4,92.9,53.0,3.74,1860.0,1,0
104971,CAEX-010,2026-03-01,B,dia,9,210.0,317.1,96.4,55.7,4.41,1558.0,0,0
100896,CAEX-010,2026-06-15,B,noche,9,153.0,301.9,85.2,51.8,3.95,1889.0,0,0
102691,CAEX-017,2026-03-02,B,dia,9,250.0,327.8,74.7,58.4,3.83,2044.0,1,0
103954,CAEX-031,2026-06-21,B,dia,12,179.0,309.8,88.1,34.0,6.31,1619.0,0,0
102539,CAEX-035,2026-06-21,B,dia,7,163.0,327.9,91.9,67.2,2.78,1718.0,0,0
101684,CAEX-023,2026-06-14,C,noche,4,263.0,380.1,83.3,50.1,4.24,1636.0,1,0
100695,CAEX-042,2026-05-19,C,noche,10,158.0,332.3,84.7,46.5,3.58,1575.0,1,1
105147,CAEX-034,2026-03-23,A,dia,5,246.0,285.6,88.8,60.8,4.86,2031.0,1,0
102024,CAEX-021,2026-06-27,C,dia,14,201.0,362.7,86.4,57.7,2.93,1797.0,1,0
101124,CAEX-054,2026-04-07,B,noche,11,273.0,306.6,87.0,59.6,5.61,1856.0,1,0
105927,CAEX-002,2026-07-17,B,noche,10,177.0,316.9,92.7,60.7,4.91,1937.0,0,1
101233,CAEX-016,2026-06-27,A,dia,5,645.0,301.5,97.9,47.5,6.78,1415.0,2,1
100429,CAEX-059,2026-03-16,A,dia,13,280.0,245.6,90.8,37.1,5.23,1770.0,0,0
100240,CAEX-031,2026-03-18,B,noche,12,479.0,296.8,99.9,52.2,2.96,1646.0,1,1
101686,CAEX-025,2026-05-31,C,noche,14,262.0,367.4,92.0,55.2,2.85,1991.0,0,1
102049,CAEX-018,2026-05-01,A,noche,1,214.0,273.9,95.3,63.9,1.91,1337.0,0,0
100809,CAEX-015,2026-05-06,B,dia,12,48.0,300.5,88.1,54.9,9.08,1844.0,0,0
105870,CAEX-019,2026-07-29,C,noche,5,197.0,333.9,91.7,63.7,5.16,1547.0,0,0
101386,CAEX-028,2026-08-15,A,noche,4,125.0,253.4,83.3,54.9,7.7,1398.0,0,0
105587,CAEX-019,2026-07-07,C,dia,5,236.0,362.2,87.1,50.8,3.34,1564.0,0,0
104956,CAEX-006,2026-03-29,C,dia,8,363.0,359.5,78.9,49.4,2.49,1720.0,2,0
102344,CAEX-025,2026-08-07,C,noche,14,133.0,351.2,87.3,61.4,3.28,1642.0,1,0
100730,CAEX-006,2026-08-26,C,noche,8,108.0,340.2,81.1,65.8,6.59,1415.0,0,0
101947,CAEX-019,2026-05-20,C,dia,5,325.0,322.8,87.4,52.9,4.82,1722.0,0,0
104027,CAEX-055,2026-08-05,B,dia,10,313.0,313.2,82.7,64.4,6.84,1831.0,1,0
102689,CAEX-052,2026-07-13,A,noche,2,167.0,275.0,89.5,54.2,5.99,1740.0,0,0
104274,CAEX-043,2026-03-25,B,noche,6,209.0,348.4,91.6,50.1,4.01,1638.0,1,0
100343,CAEX-012,2026-03-29,C,dia,8,324.0,318.5,88.6,52.6,6.14,1814.0,2,0
101765,CAEX-023,2026-08-26,C,noche,4,40.0,350.8,85.2,57.9,3.62,1858.0,0,0
101239,CAEX-052,2026-08-06,A,dia,2,220.0,295.3,94.4,47.6,2.67,1596.0,1,0
105676,CAEX-036,2026-07-26,A,noche,10,94.0,269.9,86.9,42.5,4.08,1996.0,0,0
104798,CAEX-007,2026-05-14,C,noche,2,125.0,350.7,90.0,53.3,2.88,1751.0,0,0
105394,CAEX-042,2026-08-06,C,noche,10,428.0,362.0,,57.7,5.48,1761.0,0,0
101882,CAEX-034,2026-05-31,A,dia,5,217.0,273.8,86.5,54.9,2.44,1576.0,0,0
105554,CAEX-025,2026-07-27,C,dia,14,1338.0,360.2,112.7,38.3,5.21,1507.0,1,1
105329,CAEX-035,2026-04-05,B,dia,7,49.0,301.0,86.6,40.9,3.52,1524.0,0,0
100583,CAEX-057,2026-03-25,B,dia,11,104.0,367.4,76.4,51.0,5.15,1542.0,0,0
102786,CAEX-036,2026-07-21,A,noche,10,658.0,301.1,94.5,41.4,5.0,1433.0,3,1
102507,CAEX-015,2026-03-16,B,dia,12,63.0,311.3,88.7,53.3,3.25,1843.0,0,0
105387,CAEX-014,2026-03-24,C,dia,8,242.0,360.5,97.4,50.2,8.34,1283.0,2,1
102699,CAEX-053,2026-05-02,C,dia,11,446.0,300.8,96.1,59.9,3.67,1728.0,0,0
102585,CAEX-013,2026-04-23,B,noche,2,337.0,328.8,90.5,50.2,3.97,1692.0,1,0
104091,CAEX-048,2026-08-23,A,dia,3,111.0,265.4,89.5,55.2,6.97,1670.0,0,0
101746,CAEX-008,2026-07-04,C,noche,11,334.0,346.4,98.0,53.3,4.19,1567.0,0,0
102908,CAEX-011,2026-05-28,A,noche,8,160.0,281.5,97.9,63.8,4.0,1881.0,0,0
103004,CAEX-004,2026-05-29,B,noche,7,256.0,334.5,73.5,62.9,3.33,1875.0,0,0
101597,CAEX-020,2026-07-28,B,noche,7,559.0,315.6,83.4,55.5,4.97,1542.0,3,1
103980,CAEX-002,2026-07-08,B,noche,10,338.0,315.6,98.3,45.6,6.18,1342.0,0,1
104220,CAEX-040,2026-06-06,B,dia,11,127.0,311.8,86.9,55.4,8.81,1430.0,0,0
104825,CAEX-047,2026-06-19,A,noche,5,128.0,263.4,82.5,59.3,5.54,1799.0,1,0
102721,CAEX-031,2026-03-24,B,noche,12,126.0,362.6,81.8,52.5,3.46,1282.0,0,1
102117,CAEX-011,2026-07-20,A,dia,8,400.0,293.9,88.9,48.1,3.82,1563.0,0,0
104722,CAEX-040,2026-03-02,B,noche,11,40.0,312.7,77.4,63.6,4.42,1690.0,0,0
103748,CAEX-010,2026-04-13,B,noche,9,36.0,313.8,79.0,53.5,5.73,1837.0,1,0
105664,CAEX-001,2026-03-02,C,noche,7,290.0,374.9,94.4,53.5,5.45,1675.0,1,0
102743,CAEX-008,2026-06-26,C,dia,11,251.0,352.2,86.6,44.3,3.03,1786.0,2,0
105178,CAEX-045,2026-07-14,C,noche,6,217.0,398.4,80.5,51.2,6.43,1715.0,0,0
103662,CAEX-030,2026-05-10,B,noche,1,135.0,330.5,87.9,53.3,3.15,1526.0,0,0
101927,CAEX-046,2026-05-28,C,noche,12,660.0,393.7,96.9,47.8,6.1,1514.0,0,0
100688,CAEX-051,2026-04-14,A,noche,2,279.0,276.9,88.5,59.5,2.75,1490.0,2,0
104389,CAEX-019,2026-08-18,C,noche,5,221.0,372.4,93.5,49.2,6.42,1659.0,0,0
101828,CAEX-010,2026-04-13,B,noche,9,234.0,339.1,86.9,58.5,3.55,1728.0,1,0
102822,CAEX-041,2026-03-04,B,noche,14,301.0,303.7,80.2,58.4,5.33,1492.0,0,0
103617,CAEX-042,2026-06-21,C,noche,10,123.0,352.9,79.5,62.7,6.12,1879.0,0,0
105101,CAEX-043,2026-03-31,B,dia,6,123.0,342.4,92.3,60.3,3.88,1404.0,0,0
103254,CAEX-021,2026-05-02,C,noche,14,87.0,340.7,81.3,58.2,2.22,1520.0,0,0
103687,CAEX-032,2026-04-18,C,noche,4,233.0,328.4,94.0,44.9,2.41,1646.0,0,0
105617,CAEX-053,2026-05-20,C,noche,11,259.0,382.0,89.7,52.5,3.6,1734.0,0,0
102824,CAEX-058,2026-05-21,B,noche,3,286.0,368.3,93.5,37.6,3.71,1804.0,0,1
101561,CAEX-026,2026-03-26,A,noche,12,124.0,271.8,97.2,57.6,3.53,1465.0,0,0
104418,CAEX-001,2026-04-17,C,dia,7,288.0,358.7,94.9,46.2,4.0,1629.0,0,0
102364,CAEX-023,2026-05-26,C,noche,4,65.0,357.3,87.4,52.2,4.58,1837.0,0,0
103998,CAEX-044,2026-08-16,A,dia,6,427.0,274.2,84.2,47.5,4.64,1320.0,2,1
102939,CAEX-002,2026-05-06,B,dia,10,288.0,331.2,89.7,53.8,3.48,1560.0,2,0
101754,CAEX-058,2026-05-29,B,noche,3,167.0,330.7,84.2,54.8,6.04,1711.0,1,0
101180,CAEX-022,2026-03-10,A,dia,4,70.0,264.9,93.5,52.5,5.72,1389.0,0,0
101574,CAEX-024,2026-03-01,C,dia,6,324.0,329.9,95.1,56.6,4.04,1310.0,0,0
102797,CAEX-030,2026-07-16,B,dia,1,569.0,337.4,99.5,46.2,4.24,1610.0,1,1
101160,CAEX-025,2026-06-12,C,noche,14,343.0,370.4,91.0,39.5,5.51,1561.0,1,1
101411,CAEX-045,2026-03-22,C,dia,6,558.0,370.6,93.8,48.8,3.28,1573.0,0,0
104496,CAEX-023,2026-06-28,C,dia,4,73.0,351.4,81.6,61.4,3.53,1609.0,0,0
102724,CAEX-038,2026-08-23,B,dia,8,140.0,319.9,88.5,60.0,2.39,1813.0,1,0
101455,CAEX-025,2026-03-15,C,noche,14,141.0,354.5,90.4,47.6,5.58,1468.0,1,0
102040,CAEX-012,2026-06-02,C,dia,8,240.0,380.3,93.5,61.0,5.37,2003.0,2,1
103626,CAEX-051,2026-04-02,A,noche,2,371.0,291.5,96.0,53.6,5.11,1731.0,0,0
102291,CAEX-054,2026-06-09,B,noche,11,225.0,312.2,88.1,60.6,4.53,1904.0,0,0
102459,CAEX-010,2026-07-14,B,noche,9,177.0,342.5,,,4.26,1481.0,0,0
104595,CAEX-017,2026-04-05,B,dia,9,171.0,294.8,85.4,48.2,4.49,1751.0,1,0
103863,CAEX-046,2026-05-07,C,noche,12,133.0,366.7,76.6,50.8,4.03,1477.0,0,0
104996,CAEX-010,2026-04-23,B,dia,9,391.0,316.9,93.3,65.1,4.3,1417.0,0,0
104930,CAEX-018,2026-06-28,A,noche,1,121.0,258.7,,58.7,4.09,1794.0,0,0
101298,CAEX-024,2026-07-22,C,noche,6,224.0,338.5,92.6,65.6,6.88,1672.0,0,0
103769,CAEX-059,2026-08-13,A,dia,13,152.0,247.3,100.2,49.1,8.21,1698.0,1,1
103763,CAEX-056,2026-07-24,C,dia,7,104.0,363.8,84.5,46.8,5.66,1974.0,0,0
103650,CAEX-010,2026-04-28,B,noche,9,307.0,287.8,86.7,51.9,3.72,1572.0,2,0
103006,CAEX-057,2026-07-10,B,noche,11,380.0,282.6,93.5,50.7,3.33,1745.0,0,0
104504,CAEX-005,2026-03-08,A,noche,12,37.0,247.7,92.8,53.9,4.44,1470.0,0,0
101886,CAEX-031,2026-06-24,B,dia,12,173.0,320.2,89.3,62.7,4.17,1397.0,1,0
104559,CAEX-021,2026-03-05,C,dia,14,229.0,335.9,92.8,56.0,,1736.0,0,0
104679,CAEX-016,2026-03-27,A,noche,5,119.0,278.8,77.3,59.8,4.18,1987.0,1,0
104865,CAEX-049,2026-04-08,B,noche,5,457.0,338.6,79.2,47.4,3.73,1496.0,0,1
102069,CAEX-010,2026-05-16,B,dia,9,189.0,316.9,84.0,49.6,3.0,1491.0,2,0
105742,CAEX-048,2026-03-03,A,dia,3,105.0,251.3,91.1,48.4,4.35,1808.0,0,0
103462,CAEX-056,2026-07-07,C,noche,7,68.0,326.6,82.1,53.8,2.65,1272.0,0,0
103882,CAEX-002,2026-03-02,B,noche,10,565.0,321.7,98.0,53.8,6.16,1904.0,2,1
100593,CAEX-001,2026-08-21,C,noche,7,531.0,382.1,91.5,52.4,2.73,1634.0,0,1
105094,CAEX-028,2026-04-17,A,dia,4,110.0,255.4,91.6,49.4,4.13,1722.0,0,0
103540,CAEX-016,2026-04-20,A,noche,5,140.0,266.6,81.6,50.8,5.91,1432.0,1,0
104259,CAEX-021,2026-03-13,C,noche,14,42.0,347.5,79.1,55.6,5.24,1499.0,0,0
100207,CAEX-005,2026-05-27,A,noche,12,304.0,300.4,80.2,54.1,5.5,1570.0,0,0
101818,CAEX-060,2026-05-01,A,noche,8,179.0,272.2,80.9,59.5,3.46,1509.0,1,0
104250,CAEX-056,2026-05-12,C,dia,7,156.0,364.5,92.8,62.6,4.16,1776.0,0,0
101654,CAEX-005,2026-06-02,A,dia,12,352.0,318.3,81.0,52.3,2.89,1734.0,0,0
103412,CAEX-018,2026-04-02,A,noche,1,354.0,300.9,88.4,55.2,1.8,1766.0,0,0
105804,CAEX-050,2026-07-02,A,dia,1,332.0,259.5,85.8,48.4,4.82,1543.0,1,0
101719,CAEX-045,2026-08-02,C,noche,6,319.0,334.7,81.3,52.1,2.49,1495.0,1,0
102076,CAEX-042,2026-05-26,C,dia,10,40.0,365.2,84.7,56.2,5.29,1540.0,2,1
103514,CAEX-020,2026-03-25,B,noche,7,552.0,317.5,78.0,50.0,4.75,1716.0,2,0
104816,CAEX-013,2026-04-25,B,noche,2,284.0,294.0,84.1,50.9,3.75,1553.0,0,0
101741,CAEX-024,2026-05-01,C,dia,6,161.0,365.2,84.3,54.6,2.93,1578.0,0,0
102417,CAEX-031,2026-08-27,B,noche,12,202.0,307.5,90.1,50.3,4.1,1554.0,1,0
100103,CAEX-041,2026-06-16,B,noche,14,130.0,324.8,86.9,52.8,7.78,1551.0,1,0
104298,CAEX-023,2026-05-18,C,noche,4,198.0,352.4,100.7,54.5,1.42,1252.0,1,1
105549,CAEX-025,2026-08-26,C,dia,14,188.0,378.8,95.1,52.4,7.12,1688.0,0,0
102688,CAEX-010,2026-05-06,B,dia,9,269.0,315.3,84.9,51.8,5.41,1667.0,0,0
103428,CAEX-042,2026-05-23,C,dia,10,298.0,339.8,86.9,56.3,3.37,1534.0,1,0
100590,CAEX-023,2026-04-06,C,dia,4,803.0,367.8,96.0,,7.09,1571.0,1,1
104961,CAEX-023,2026-03-12,C,dia,4,271.0,349.9,86.7,,2.49,1561.0,2,1
101080,CAEX-049,2026-04-04,B,noche,5,249.0,313.1,83.1,50.1,2.77,1600.0,1,0
104747,CAEX-024,2026-07-14,C,dia,6,590.0,344.3,95.2,46.6,5.13,1648.0,0,0
100314,CAEX-037,2026-05-02,A,noche,2,221.0,277.2,87.3,56.3,3.74,1632.0,0,0
104724,CAEX-044,2026-06-12,A,dia,6,305.0,278.7,94.2,48.6,3.94,1297.0,0,0
102604,CAEX-051,2026-07-15,A,dia,2,40.0,275.3,84.8,46.6,3.13,1649.0,1,0
105263,CAEX-056,2026-04-29,C,dia,7,612.0,329.8,98.8,55.3,5.53,1716.0,0,1
103153,CAEX-015,2026-06-24,B,noche,12,315.0,345.9,99.4,51.4,4.86,1928.0,0,1
105024,CAEX-041,2026-03-13,B,dia,14,34.0,294.4,74.2,52.6,4.04,1724.0,0,0
101118,CAEX-041,2026-04-14,B,noche,14,171.0,324.4,96.3,55.9,5.46,1377.0,2,0
101071,CAEX-015,2026-05-01,B,dia,12,306.0,298.9,,51.8,2.96,1706.0,0,0
101300,CAEX-025,2026-05-19,C,dia,14,266.0,338.2,82.2,45.1,6.81,1569.0,0,0
102479,CAEX-041,2026-04-11,B,noche,14,133.0,346.0,92.4,47.1,,1424.0,1,0
103076,CAEX-012,2026-04-29,C,noche,8,61.0,370.1,86.5,58.9,,1668.0,1,0
104588,CAEX-001,2026-04-04,C,dia,7,332.0,382.2,91.2,51.9,6.03,1607.0,2,0
104993,CAEX-053,2026-04-07,C,dia,11,32.0,340.6,86.7,53.6,5.31,1525.0,0,0
101017,CAEX-043,2026-04-25,B,dia,6,90.0,316.7,86.2,46.1,3.4,1646.0,0,0
103818,CAEX-051,2026-05-03,A,dia,2,93.0,288.0,82.0,44.2,6.36,1584.0,0,0
101166,CAEX-060,2026-04-23,A,noche,8,160.0,278.9,90.3,60.8,2.44,1727.0,1,0
103921,CAEX-006,2026-07-24,C,noche,8,514.0,365.3,86.0,50.9,4.33,1826.0,0,0
105780,CAEX-053,2026-06-28,C,noche,11,475.0,364.3,83.9,60.3,5.75,1729.0,1,0
102247,CAEX-010,2026-04-16,B,noche,9,350.0,307.3,95.0,55.2,4.0,1405.0,2,0
100969,CAEX-042,2026-04-20,C,dia,10,129.0,337.6,94.0,50.8,6.91,1753.0,1,0
104501,CAEX-020,2026-08-05,B,dia,7,126.0,334.5,86.9,54.3,2.93,1786.0,0,0
103141,CAEX-006,2026-04-22,C,noche,8,340.0,373.4,94.8,58.5,4.08,1666.0,1,0
102066,CAEX-050,2026-08-07,A,noche,1,218.0,270.4,88.3,51.6,5.99,1762.0,0,0
102140,CAEX-047,2026-04-07,A,dia,5,174.0,303.8,89.8,54.4,4.51,1809.0,3,0
105255,CAEX-032,2026-04-10,C,noche,4,304.0,351.4,83.7,62.0,2.63,1338.0,0,0
105968,CAEX-044,2026-04-02,A,noche,6,311.0,289.2,89.7,47.3,6.88,1725.0,0,0
105093,CAEX-015,2026-06-01,B,noche,12,184.0,334.8,86.4,55.4,3.44,1462.0,0,0
104561,CAEX-016,2026-06-16,A,dia,5,477.0,305.4,96.0,43.0,2.47,1855.0,1,1
101140,CAEX-024,2026-03-11,C,dia,6,417.0,333.1,87.8,60.1,3.55,1456.0,1,0
100068,CAEX-025,2026-05-21,C,dia,14,150.0,399.6,92.5,,6.03,1867.0,1,0
100994,CAEX-011,2026-05-10,A,dia,8,546.0,264.1,91.6,56.0,3.73,1417.0,1,0
104681,CAEX-004,2026-03-05,B,dia,7,325.0,324.0,88.4,50.9,5.64,1607.0,0,0
105651,CAEX-020,2026-06-09,B,noche,7,174.0,321.0,81.5,,3.82,1612.0,0,0
100193,CAEX-025,2026-08-17,C,dia,14,177.0,314.0,84.9,59.8,2.75,1830.0,0,0
105003,CAEX-039,2026-06-19,A,noche,8,170.0,308.3,93.2,47.6,2.29,1494.0,2,0
104012,CAEX-021,2026-06-09,C,noche,14,129.0,320.8,94.9,70.3,1.88,1990.0,0,0
104687,CAEX-029,2026-04-27,A,dia,12,139.0,278.7,90.8,61.2,5.33,1829.0,0,0
102290,CAEX-013,2026-03-13,B,noche,2,180.0,277.2,88.8,55.8,5.67,1779.0,0,0
102646,CAEX-051,2026-07-12,A,dia,2,83.0,281.0,88.3,48.3,3.31,1465.0,0,0
100800,CAEX-034,2026-05-29,A,noche,5,160.0,269.4,83.9,62.6,4.03,1586.0,0,0
104087,CAEX-022,2026-04-29,A,dia,4,418.0,280.8,90.2,59.6,4.38,1866.0,1,0
105907,CAEX-027,2026-07-26,B,noche,1,421.0,366.9,96.5,39.5,5.55,1851.0,1,1
100998,CAEX-012,2026-07-19,C,noche,8,172.0,389.2,92.0,54.0,3.85,1491.0,1,0
101991,CAEX-002,2026-08-06,B,noche,10,645.0,289.1,102.0,46.2,2.51,1514.0,2,1
101661,CAEX-026,2026-05-28,A,noche,12,181.0,304.5,80.7,58.9,3.36,1597.0,0,0
104822,CAEX-003,2026-03-31,C,dia,10,175.0,342.2,80.4,53.7,5.29,1476.0,0,0
100696,CAEX-031,2026-04-28,B,dia,12,129.0,328.8,87.2,48.3,4.59,1713.0,0,0
100239,CAEX-018,2026-08-24,A,dia,1,47.0,304.5,90.8,56.3,7.9,1728.0,1,0
100305,CAEX-028,2026-07-07,A,dia,4,328.0,292.5,90.4,53.4,4.43,1809.0,0,0
102383,CAEX-041,2026-08-23,B,dia,14,90.0,300.4,84.3,57.4,2.05,1537.0,0,0
100059,CAEX-019,2026-08-27,C,dia,5,44.0,384.6,82.2,57.6,4.52,1685.0,0,0
104544,CAEX-004,2026-03-14,B,noche,7,55.0,281.7,85.3,58.8,3.47,1677.0,0,0
104546,CAEX-029,2026-03-26,A,dia,12,398.0,279.7,93.4,41.7,2.98,1747.0,0,0
101813,CAEX-018,2026-06-29,A,noche,1,168.0,290.4,81.3,52.8,5.6,1834.0,2,0
101841,CAEX-019,2026-04-21,C,noche,5,164.0,328.0,90.3,61.4,4.24,1769.0,1,0
102228,CAEX-043,2026-06-19,B,noche,6,316.0,326.1,96.4,46.0,4.14,1753.0,1,0
102576,CAEX-053,2026-04-05,C,noche,11,54.0,345.7,85.4,49.0,2.48,1873.0,0,0
102895,CAEX-035,2026-05-15,B,dia,7,286.0,349.9,82.1,54.6,5.95,1649.0,0,0
101305,CAEX-025,2026-03-05,C,dia,14,232.0,375.1,90.7,51.7,4.6,1552.0,0,1
105516,CAEX-004,2026-04-09,B,noche,7,224.0,296.3,86.4,47.3,5.08,1842.0,1,0
102848,CAEX-045,2026-03-22,C,noche,6,224.0,364.7,87.2,55.7,3.52,1482.0,1,0
102104,CAEX-048,2026-06-04,A,noche,3,46.0,280.6,94.6,50.5,6.55,1561.0,1,0
103785,CAEX-012,2026-06-26,C,dia,8,360.0,371.2,76.2,49.2,3.88,1520.0,0,0
105194,CAEX-015,2026-03-13,B,noche,12,17.0,286.2,83.4,51.1,3.75,1719.0,2,0
103711,CAEX-035,2026-06-08,B,dia,7,222.0,346.0,88.8,62.5,4.54,2043.0,1,1
102182,CAEX-046,2026-07-09,C,dia,12,186.0,363.9,94.3,53.3,1.93,1252.0,0,1
105880,CAEX-023,2026-04-01,C,dia,4,112.0,373.4,90.3,65.0,2.03,1832.0,0,0
100784,CAEX-014,2026-07-05,C,dia,8,405.0,342.4,,50.1,3.92,1795.0,3,0
101972,CAEX-020,2026-05-13,B,dia,7,565.0,328.0,,55.7,2.56,1400.0,0,0
100393,CAEX-017,2026-03-06,B,noche,9,1022.0,337.8,95.1,45.8,3.29,1566.0,2,0
102705,CAEX-022,2026-03-28,A,noche,4,90.0,301.6,82.6,57.0,5.02,1690.0,0,0
105271,CAEX-016,2026-07-18,A,dia,5,169.0,265.6,95.1,58.8,3.22,1641.0,0,0
103435,CAEX-046,2026-07-10,C,noche,12,757.0,353.0,97.6,53.7,3.03,1595.0,1,1
104324,CAEX-047,2026-03-12,A,dia,5,304.0,304.8,89.5,55.0,4.65,1702.0,1,0
103457,CAEX-033,2026-08-27,A,dia,13,197.0,288.6,85.1,43.9,5.55,1896.0,0,0
103045,CAEX-037,2026-03-14,A,dia,2,265.0,294.2,96.3,58.2,3.42,1325.0,0,1
105031,CAEX-007,2026-05-17,C,noche,2,358.0,356.6,82.3,43.1,3.66,1729.0,2,0
102720,CAEX-013,2026-03-04,B,dia,2,311.0,325.6,87.2,45.7,3.34,1422.0,0,0
100281,CAEX-044,2026-03-31,A,dia,6,132.0,296.8,,44.0,2.98,1664.0,3,0
101051,CAEX-050,2026-06-12,A,noche,1,600.0,263.4,87.3,44.8,5.45,1816.0,2,0
100558,CAEX-021,2026-03-25,C,noche,14,514.0,301.4,98.5,35.7,3.53,1673.0,2,1
102998,CAEX-018,2026-06-24,A,noche,1,35.0,331.7,82.9,59.9,3.31,1891.0,0,0
100646,CAEX-006,2026-06-01,C,dia,8,259.0,353.9,91.8,51.3,4.22,1539.0,1,0
102320,CAEX-056,2026-07-23,C,noche,7,297.0,372.3,79.6,54.2,4.72,1304.0,1,0
100232,CAEX-014,2026-05-15,C,noche,8,274.0,369.3,88.1,49.2,2.39,1704.0,0,0
105383,CAEX-048,2026-08-03,A,dia,3,187.0,302.0,82.1,52.4,3.23,1707.0,0,0
103574,CAEX-017,2026-04-09,B,noche,9,135.0,302.9,84.0,55.7,3.72,1410.0,1,0
104505,CAEX-032,2026-06-19,C,dia,4,52.0,327.8,83.7,56.2,4.92,1747.0,1,0
103386,CAEX-016,2026-08-12,A,noche,5,249.0,302.4,95.6,59.0,3.61,1432.0,0,0
105643,CAEX-053,2026-06-11,C,dia,11,367.0,350.9,73.3,52.4,6.1,1705.0,0,0
102472,CAEX-053,2026-06-08,C,dia,11,714.0,360.9,97.1,51.6,6.43,1804.0,0,1
105812,CAEX-029,2026-05-07,A,noche,12,111.0,269.6,82.8,53.4,4.73,1865.0,1,0
102727,CAEX-038,2026-08-09,B,dia,8,257.0,307.2,,52.4,4.1,1602.0,0,0
103721,CAEX-032,2026-06-13,C,noche,4,189.0,360.5,93.5,62.4,5.01,1805.0,0,0
100458,CAEX-018,2026-03-16,A,dia,1,371.0,261.1,93.5,,2.15,1790.0,3,0
105746,CAEX-007,2026-05-29,C,noche,2,160.0,333.4,90.1,48.8,4.46,1532.0,0,0
104407,CAEX-013,2026-05-10,B,noche,2,425.0,323.4,90.2,52.1,2.71,1496.0,1,0
105634,CAEX-059,2026-06-23,A,dia,13,70.0,274.4,91.6,46.8,2.7,1737.0,0,0
101027,CAEX-031,2026-08-25,B,dia,12,262.0,313.9,82.3,49.7,4.46,1446.0,0,0
105427,CAEX-028,2026-07-11,A,noche,4,243.0,290.2,77.3,57.4,2.52,1717.0,0,0
101065,CAEX-053,2026-07-10,C,dia,11,437.0,316.1,100.1,42.0,4.06,1829.0,0,0
104969,CAEX-023,2026-07-31,C,dia,4,633.0,337.7,101.0,,4.25,1621.0,3,0
100847,CAEX-005,2026-04-14,A,dia,12,103.0,233.5,84.8,54.4,4.07,1835.0,0,0
103736,CAEX-005,2026-04-13,A,dia,12,347.0,279.0,93.9,45.9,4.54,1501.0,0,0
100780,CAEX-025,2026-06-10,C,dia,14,171.0,362.5,86.3,53.3,5.04,1805.0,1,0
101505,CAEX-022,2026-06-01,A,dia,4,139.0,267.8,82.4,66.5,4.52,1345.0,0,0
105863,CAEX-022,2026-06-02,A,dia,4,62.0,268.4,89.7,59.9,2.47,1527.0,0,0
105849,CAEX-032,2026-06-06,C,dia,4,343.0,401.0,90.1,57.3,6.32,1586.0,0,1
104805,CAEX-012,2026-08-07,C,noche,8,374.0,391.9,84.0,41.4,1.97,1570.0,1,0
103710,CAEX-050,2026-06-04,A,noche,1,452.0,277.9,82.4,53.0,2.89,1431.0,0,0
102488,CAEX-058,2026-05-25,B,noche,3,355.0,292.3,85.7,54.0,8.81,1627.0,1,0
103941,CAEX-044,2026-06-09,A,dia,6,25.0,277.2,96.4,60.7,3.99,1725.0,1,0
100215,CAEX-044,2026-06-13,A,noche,6,235.0,287.5,90.1,50.7,3.15,1752.0,0,0
101990,CAEX-059,2026-06-06,A,noche,13,672.0,281.8,90.8,50.7,4.94,1644.0,0,0
101937,CAEX-058,2026-03-22,B,noche,3,498.0,295.8,88.8,51.9,3.0,1441.0,1,0
105951,CAEX-005,2026-08-19,A,dia,12,109.0,282.8,77.9,53.4,7.31,1637.0,0,0
101692,CAEX-013,2026-04-17,B,noche,2,221.0,322.2,86.9,46.5,5.36,1717.0,0,0
104903,CAEX-001,2026-06-28,C,noche,7,109.0,344.6,86.0,52.1,3.13,1720.0,0,0
102502,CAEX-007,2026-03-23,C,noche,2,462.0,337.7,91.6,51.3,5.0,1994.0,1,1
102635,CAEX-012,2026-05-25,C,noche,8,209.0,375.2,90.7,59.4,3.58,1417.0,1,0
104137,CAEX-059,2026-04-25,A,noche,13,139.0,312.1,83.9,51.6,3.97,1758.0,0,0
105112,CAEX-053,2026-04-10,C,dia,11,457.0,314.2,85.5,52.7,5.18,1777.0,1,0
102321,CAEX-042,2026-04-19,C,noche,10,259.0,343.6,94.2,45.0,2.59,1676.0,0,0
101442,CAEX-001,2026-06-11,C,dia,7,316.0,378.2,90.6,50.8,4.72,1538.0,0,0
104834,CAEX-057,2026-03-31,B,noche,11,60.0,319.0,89.9,55.5,6.66,1935.0,1,0
104823,CAEX-038,2026-06-23,B,noche,8,162.0,298.9,84.7,47.5,3.68,1177.0,0,1
101529,CAEX-015,2026-05-19,B,dia,12,215.0,317.8,90.9,60.9,2.68,1661.0,1,0
101353,CAEX-056,2026-07-29,C,dia,7,108.0,335.3,89.8,55.7,4.05,1930.0,1,0
104394,CAEX-054,2026-07-20,B,dia,11,260.0,290.1,83.9,60.0,5.32,1757.0,0,0
104176,CAEX-050,2026-03-01,A,noche,1,178.0,275.5,85.0,55.5,3.96,1416.0,3,0
105071,CAEX-009,2026-08-06,A,noche,9,339.0,297.7,83.4,54.9,3.42,1960.0,1,0
103497,CAEX-022,2026-07-26,A,dia,4,440.0,259.0,94.5,44.0,2.91,1496.0,1,0
104470,CAEX-016,2026-03-27,A,noche,5,294.0,268.5,82.6,52.7,5.31,1520.0,1,0
104412,CAEX-003,2026-06-14,C,dia,10,203.0,379.2,84.9,47.1,7.44,1319.0,0,0
102719,CAEX-048,2026-07-11,A,dia,3,330.0,301.3,88.3,52.7,4.99,1447.0,0,0
103906,CAEX-038,2026-04-26,B,noche,8,269.0,317.1,84.6,59.5,4.36,1718.0,0,0
105981,CAEX-015,2026-03-13,B,noche,12,133.0,328.1,88.2,54.9,4.68,1702.0,1,0
101894,CAEX-021,2026-04-26,C,dia,14,106.0,361.2,82.2,61.2,3.13,1506.0,0,0
104728,CAEX-048,2026-04-01,A,noche,3,187.0,271.2,89.4,58.2,3.6,1535.0,0,0
100959,CAEX-045,2026-04-10,C,noche,6,156.0,385.4,80.5,53.9,3.6,1690.0,1,0
101035,CAEX-005,2026-04-14,A,dia,12,216.0,280.6,82.5,56.3,5.44,1730.0,0,0
104921,CAEX-034,2026-08-07,A,dia,5,127.0,275.9,89.8,57.5,7.57,1527.0,0,0
101772,CAEX-037,2026-04-06,A,dia,2,173.0,293.2,84.7,40.2,5.73,1556.0,1,0
100502,CAEX-009,2026-05-01,A,noche,9,199.0,268.7,90.7,48.0,6.53,1276.0,1,0
104766,CAEX-044,2026-08-18,A,dia,6,257.0,277.6,89.6,39.9,6.92,1890.0,0,0
104077,CAEX-020,2026-07-19,B,dia,7,811.0,320.2,98.7,38.6,4.23,1815.0,0,1
105150,CAEX-030,2026-04-07,B,dia,1,383.0,299.4,85.1,47.1,3.75,1421.0,0,0
105015,CAEX-023,2026-03-07,C,noche,4,258.0,360.4,86.6,51.2,4.74,1680.0,0,0
102499,CAEX-035,2026-06-13,B,noche,7,366.0,299.8,86.3,43.5,2.05,1670.0,1,0
105439,CAEX-055,2026-04-30,B,noche,10,52.0,344.7,77.3,53.1,,1657.0,1,0
103975,CAEX-014,2026-05-25,C,noche,8,279.0,376.4,90.7,50.9,5.58,1505.0,0,0
104191,CAEX-034,2026-03-23,A,dia,5,179.0,306.6,84.2,62.8,5.0,1697.0,1,0
103664,CAEX-019,2026-03-29,C,dia,5,163.0,329.2,93.0,62.0,3.02,1732.0,2,0
100882,CAEX-042,2026-03-09,C,dia,10,357.0,368.0,83.4,59.4,2.2,1803.0,3,0
104278,CAEX-003,2026-04-04,C,noche,10,148.0,360.7,85.5,55.3,2.12,1870.0,0,0
101579,CAEX-035,2026-07-25,B,noche,7,265.0,341.0,89.0,50.9,4.27,1828.0,2,0
103112,CAEX-028,2026-08-27,A,dia,4,260.0,299.1,78.9,57.5,4.45,1918.0,3,0
100368,CAEX-036,2026-07-06,A,dia,10,380.0,295.9,92.2,45.8,3.11,1437.0,1,0
101024,CAEX-046,2026-03-24,C,dia,12,138.0,352.7,93.0,,3.81,1503.0,1,0
104670,CAEX-055,2026-08-15,B,dia,10,286.0,317.8,92.2,58.2,2.56,1375.0,1,0
100944,CAEX-015,2026-05-30,B,dia,12,63.0,317.0,,,4.02,1355.0,1,0
102404,CAEX-040,2026-03-12,B,dia,11,252.0,338.7,93.2,45.3,3.55,1844.0,1,1
104828,CAEX-050,2026-06-21,A,noche,1,54.0,288.7,83.5,47.3,4.27,1825.0,0,0
100567,CAEX-032,2026-03-03,C,dia,4,456.0,334.9,93.1,64.2,5.65,1632.0,1,0
104770,CAEX-023,2026-07-01,C,dia,4,116.0,321.4,84.7,61.8,4.36,1473.0,1,0
105832,CAEX-047,2026-05-29,A,noche,5,407.0,296.9,89.5,,4.46,1691.0,0,0
103989,CAEX-031,2026-08-02,B,noche,12,142.0,305.3,96.0,48.2,2.91,1354.0,0,0
105098,CAEX-050,2026-03-09,A,noche,1,113.0,271.1,91.9,54.1,4.61,1261.0,1,0
104918,CAEX-020,2026-06-29,B,noche,7,684.0,304.9,97.3,42.7,2.4,1562.0,1,0
100508,CAEX-036,2026-03-19,A,dia,10,70.0,298.4,91.6,,4.56,2014.0,1,0
103265,CAEX-056,2026-07-13,C,dia,7,268.0,353.3,82.1,58.6,2.91,1649.0,1,0
104628,CAEX-054,2026-03-27,B,noche,11,342.0,340.7,94.5,47.7,2.1,1708.0,0,0
102685,CAEX-006,2026-07-23,C,noche,8,249.0,348.4,85.8,53.9,4.35,2005.0,0,1
100099,CAEX-004,2026-03-07,B,dia,7,140.0,319.8,82.0,53.1,3.65,1675.0,0,0
102619,CAEX-043,2026-07-31,B,dia,6,155.0,312.9,94.8,61.3,4.48,1585.0,1,0
105097,CAEX-015,2026-05-28,B,dia,12,25.0,311.2,81.5,58.4,5.66,1824.0,0,0
104456,CAEX-046,2026-08-13,C,noche,12,226.0,323.8,86.1,49.2,7.06,1650.0,0,1
100668,CAEX-004,2026-05-12,B,noche,7,68.0,310.2,98.5,58.9,2.79,1548.0,0,0
100859,CAEX-027,2026-07-24,B,dia,1,170.0,325.5,90.3,59.8,3.21,1884.0,0,0
101784,CAEX-050,2026-05-19,A,noche,1,106.0,317.9,93.5,55.0,3.58,1572.0,1,0
103938,CAEX-008,2026-06-17,C,noche,11,165.0,358.2,81.0,45.4,5.99,1649.0,1,0
103726,CAEX-046,2026-04-12,C,noche,12,423.0,374.0,82.0,51.5,2.15,1381.0,2,0
103678,CAEX-002,2026-07-07,B,dia,10,295.0,306.4,,44.4,4.6,1639.0,1,0
105960,CAEX-027,2026-03-25,B,dia,1,160.0,322.7,85.0,55.5,8.83,1809.0,1,0
100300,CAEX-007,2026-04-27,C,noche,2,296.0,349.1,89.4,51.7,4.0,1717.0,0,0
101750,CAEX-058,2026-05-02,B,dia,3,309.0,314.7,82.5,52.9,3.79,1727.0,1,0
102050,CAEX-059,2026-07-17,A,noche,13,156.0,257.7,82.4,45.1,2.85,1823.0,1,0
103795,CAEX-006,2026-06-08,C,noche,8,92.0,352.1,83.2,58.6,3.03,1996.0,3,0
104297,CAEX-057,2026-07-05,B,noche,11,179.0,330.9,80.9,60.1,4.78,1486.0,2,0
102929,CAEX-055,2026-05-02,B,noche,10,36.0,307.5,71.8,53.1,4.57,1526.0,0,0
102205,CAEX-012,2026-08-27,C,noche,8,155.0,365.4,83.8,61.9,4.44,1610.0,0,0
103393,CAEX-042,2026-03-30,C,dia,10,137.0,338.1,85.8,61.6,4.54,1370.0,0,0
102039,CAEX-018,2026-05-28,A,dia,1,255.0,281.3,90.0,55.5,3.55,1677.0,0,0
101236,CAEX-048,2026-06-29,A,noche,3,138.0,275.4,83.0,61.2,5.13,1538.0,1,0
105859,CAEX-027,2026-07-05,B,noche,1,314.0,314.5,91.3,59.4,2.5,1434.0,1,0
104662,CAEX-008,2026-05-09,C,dia,11,243.0,369.8,87.7,49.7,3.87,1548.0,0,0
104943,CAEX-037,2026-04-16,A,dia,2,397.0,296.4,89.1,42.3,6.85,1998.0,1,0
102170,CAEX-031,2026-07-21,B,dia,12,470.0,321.7,99.4,47.2,4.1,1858.0,1,1
105641,CAEX-037,2026-07-08,A,noche,2,285.0,302.9,79.6,56.4,4.26,1527.0,1,0
105472,CAEX-045,2026-03-29,C,noche,6,123.0,395.8,89.0,61.4,5.01,1584.0,0,0
105881,CAEX-029,2026-05-16,A,dia,12,472.0,296.8,92.9,58.2,4.56,1682.0,0,0
100557,CAEX-044,2026-05-11,A,dia,6,357.0,264.1,93.3,51.4,2.06,1875.0,1,0
103595,CAEX-026,2026-03-20,A,dia,12,140.0,284.7,88.9,51.4,3.36,1651.0,0,0
104391,CAEX-042,2026-07-19,C,noche,10,270.0,318.9,83.1,49.4,3.08,1346.0,1,0
105986,CAEX-040,2026-06-12,B,dia,11,109.0,287.0,86.5,57.3,4.66,1794.0,1,0
104302,CAEX-018,2026-03-25,A,dia,1,210.0,289.3,89.3,46.6,2.95,1940.0,2,1
101332,CAEX-014,2026-05-01,C,dia,8,298.0,344.5,90.4,47.5,4.22,1521.0,1,0
102647,CAEX-022,2026-04-10,A,dia,4,261.0,268.7,88.3,49.1,4.41,1571.0,2,0
103486,CAEX-028,2026-07-01,A,dia,4,250.0,269.6,94.3,58.9,3.38,1685.0,0,0
100539,CAEX-015,2026-04-01,B,noche,12,459.0,292.7,96.7,41.9,2.19,1518.0,1,1
102016,CAEX-049,2026-06-20,B,dia,5,153.0,327.2,81.0,61.3,,1778.0,0,0
105341,CAEX-027,2026-07-01,B,noche,1,695.0,305.0,100.1,47.1,4.18,1548.0,2,1
103122,CAEX-016,2026-07-30,A,noche,5,419.0,330.2,100.8,49.6,5.14,1869.0,1,1
101380,CAEX-052,2026-08-21,A,noche,2,228.0,293.2,93.0,56.2,7.33,1630.0,2,0
105451,CAEX-029,2026-06-17,A,dia,12,201.0,255.5,84.7,53.1,2.47,1770.0,3,0
102579,CAEX-022,2026-04-10,A,dia,4,117.0,260.2,82.9,47.9,4.91,1348.0,0,0
103679,CAEX-020,2026-05-05,B,dia,7,202.0,329.3,88.7,55.1,6.89,1786.0,0,0
104079,CAEX-037,2026-05-31,A,noche,2,271.0,305.5,86.6,59.6,7.41,1631.0,1,0
103587,CAEX-041,2026-05-03,B,noche,14,429.0,340.4,95.0,52.6,4.48,1820.0,0,0
102890,CAEX-005,2026-05-30,A,dia,12,529.0,283.9,97.5,46.3,3.54,1821.0,2,1
101792,CAEX-056,2026-03-13,C,noche,7,62.0,325.4,82.7,45.9,3.73,1616.0,1,0
105553,CAEX-051,2026-05-06,A,dia,2,437.0,296.2,89.6,51.6,4.11,1907.0,3,0
103690,CAEX-043,2026-06-22,B,noche,6,157.0,342.1,87.9,51.9,3.54,1375.0,1,0
100701,CAEX-006,2026-04-26,C,noche,8,395.0,350.0,89.4,58.0,3.15,1887.0,1,0
103072,CAEX-045,2026-06-21,C,dia,6,126.0,313.8,97.8,,7.81,1895.0,0,1
103447,CAEX-047,2026-05-09,A,noche,5,394.0,266.7,89.4,38.0,5.52,1575.0,2,1
104180,CAEX-059,2026-06-04,A,dia,13,149.0,291.1,81.9,50.7,3.54,1712.0,0,0
101551,CAEX-047,2026-06-08,A,dia,5,80.0,275.3,86.4,60.2,6.73,1464.0,3,0
105847,CAEX-027,2026-03-31,B,dia,1,187.0,319.0,81.0,54.8,3.66,1514.0,0,0
104288,CAEX-057,2026-05-12,B,noche,11,30.0,303.7,89.7,53.6,4.67,1571.0,1,0
103069,CAEX-009,2026-05-31,A,noche,9,82.0,280.4,82.9,61.0,3.88,1647.0,1,0
102919,CAEX-012,2026-05-23,C,noche,8,517.0,349.7,96.2,46.9,4.32,1960.0,0,1
104462,CAEX-002,2026-03-16,B,dia,10,238.0,316.9,90.7,53.8,5.84,1630.0,1,0
104935,CAEX-015,2026-06-09,B,noche,12,91.0,295.8,87.6,56.8,2.44,1516.0,2,0
102113,CAEX-015,2026-03-11,B,dia,12,235.0,344.2,87.1,51.9,5.6,1577.0,1,0
100851,CAEX-030,2026-08-08,B,dia,1,120.0,308.1,83.4,53.0,4.17,1488.0,0,0
103113,CAEX-015,2026-07-03,B,dia,12,334.0,316.9,95.9,46.8,2.73,1846.0,0,0
105840,CAEX-046,2026-08-02,C,dia,12,96.0,375.2,79.9,61.4,5.99,1568.0,1,0
100525,CAEX-008,2026-08-09,C,dia,11,64.0,329.2,81.3,64.2,5.11,1700.0,0,0
102348,CAEX-057,2026-07-26,B,dia,11,31.0,308.7,86.2,54.9,5.21,1691.0,0,0
103022,CAEX-055,2026-06-21,B,noche,10,173.0,314.6,78.5,53.3,7.07,1524.0,0,0
102918,CAEX-019,2026-07-09,C,dia,5,495.0,315.0,85.9,58.3,4.96,2002.0,0,0
102210,CAEX-053,2026-04-20,C,noche,11,712.0,324.8,92.6,41.2,2.84,1935.0,1,1
102955,CAEX-043,2026-04-08,B,noche,6,82.0,357.1,74.0,,9.11,1639.0,1,0
105689,CAEX-056,2026-03-18,C,noche,7,67.0,345.9,78.4,43.6,3.2,1566.0,0,0
104225,CAEX-016,2026-07-29,A,noche,5,457.0,276.2,92.1,45.1,1.59,1461.0,0,0
105413,CAEX-032,2026-06-27,C,dia,4,114.0,370.0,88.2,57.5,4.2,1647.0,0,0
105388,CAEX-022,2026-08-03,A,dia,4,424.0,313.8,87.2,54.3,6.8,1854.0,1,0
104275,CAEX-037,2026-03-10,A,dia,2,156.0,292.7,81.5,50.2,5.67,1573.0,1,0
102944,CAEX-037,2026-04-13,A,dia,2,386.0,301.0,86.3,56.8,3.32,1454.0,1,0
101272,CAEX-003,2026-07-22,C,dia,10,137.0,315.5,92.1,51.6,1.92,1760.0,0,0
101735,CAEX-020,2026-03-24,B,noche,7,234.0,330.2,88.0,49.5,8.67,1762.0,1,1
102595,CAEX-033,2026-06-01,A,noche,13,47.0,275.7,90.1,61.7,2.63,1660.0,2,0
100006,CAEX-027,2026-08-01,B,noche,1,130.0,313.0,95.0,45.6,5.42,1559.0,0,0
100706,CAEX-045,2026-03-08,C,noche,6,62.0,377.6,77.2,52.1,3.05,1725.0,1,0
103834,CAEX-030,2026-07-18,B,noche,1,140.0,341.6,98.3,57.9,4.3,1532.0,0,0
102869,CAEX-011,2026-05-13,A,dia,8,277.0,285.5,,51.5,4.96,1748.0,0,1
103294,CAEX-054,2026-07-01,B,noche,11,515.0,327.8,102.0,49.2,2.61,1456.0,1,1
102999,CAEX-013,2026-04-03,B,dia,2,127.0,338.7,94.9,50.0,8.66,1769.0,2,1
102038,CAEX-060,2026-08-12,A,dia,8,120.0,265.9,89.2,59.5,5.17,1715.0,0,0
103359,CAEX-032,2026-06-07,C,noche,4,476.0,338.3,96.7,58.7,4.89,1618.0,1,1
105179,CAEX-004,2026-05-09,B,noche,7,184.0,309.4,90.6,49.0,7.71,1199.0,1,1
100545,CAEX-048,2026-04-19,A,noche,3,91.0,278.0,89.5,51.7,3.59,1769.0,0,0
102662,CAEX-043,2026-04-24,B,dia,6,172.0,362.6,72.2,53.6,4.78,1881.0,0,0
100617,CAEX-059,2026-03-14,A,dia,13,63.0,297.6,81.1,49.8,4.84,1755.0,1,0
100576,CAEX-027,2026-08-12,B,noche,1,291.0,375.1,107.9,39.9,3.42,1692.0,0,1
103725,CAEX-053,2026-06-20,C,dia,11,76.0,407.4,83.7,60.0,5.01,1544.0,0,0
104383,CAEX-002,2026-04-28,B,dia,10,448.0,311.1,91.3,50.9,3.44,1864.0,0,0
100977,CAEX-008,2026-07-10,C,dia,11,115.0,355.5,86.7,51.9,7.52,1667.0,0,0
100549,CAEX-030,2026-03-23,B,noche,1,276.0,305.3,81.8,54.5,5.05,1676.0,1,0
100640,CAEX-060,2026-03-19,A,dia,8,197.0,290.5,92.7,57.0,4.16,1717.0,2,0
105884,CAEX-004,2026-05-22,B,noche,7,201.0,318.6,76.6,56.3,3.85,1277.0,0,1
101851,CAEX-034,2026-04-15,A,noche,5,719.0,279.5,96.3,46.2,6.22,1659.0,1,1
101516,CAEX-041,2026-07-05,B,dia,14,109.0,314.4,91.9,51.6,3.14,1726.0,2,0
105167,CAEX-030,2026-06-22,B,dia,1,22.0,307.0,92.2,51.9,3.03,1587.0,0,0
102703,CAEX-034,2026-04-19,A,noche,5,657.0,283.1,99.4,55.2,2.7,1580.0,1,1
101724,CAEX-015,2026-08-20,B,noche,12,299.0,338.1,92.5,48.4,6.21,1477.0,0,0
101357,CAEX-010,2026-04-10,B,dia,9,80.0,341.2,82.6,61.6,2.8,1799.0,2,0
101704,CAEX-051,2026-04-03,A,dia,2,203.0,278.4,85.5,48.1,5.72,1689.0,0,0
104526,CAEX-015,2026-06-27,B,noche,12,635.0,353.3,87.9,47.3,5.01,1650.0,1,0
100289,CAEX-011,2026-06-01,A,dia,8,594.0,291.7,97.1,50.9,4.17,1751.0,0,0
100514,CAEX-057,2026-07-22,B,noche,11,639.0,280.3,90.7,44.8,7.49,1840.0,2,0
104851,CAEX-020,2026-04-06,B,dia,7,342.0,303.6,82.2,54.7,3.46,1846.0,1,0
100988,CAEX-024,2026-07-09,C,dia,6,80.0,331.5,80.3,48.5,3.35,1665.0,1,0
100433,CAEX-048,2026-08-13,A,dia,3,593.0,291.8,97.1,41.2,4.97,1733.0,2,1
100589,CAEX-009,2026-06-02,A,noche,9,90.0,296.7,88.6,58.5,4.26,1732.0,0,0
105774,CAEX-040,2026-07-15,B,dia,11,310.0,335.4,95.8,60.9,4.26,1456.0,1,0
105675,CAEX-025,2026-07-10,C,noche,14,651.0,356.5,,47.8,6.4,1675.0,3,1
103119,CAEX-033,2026-07-31,A,noche,13,99.0,279.7,93.4,49.5,2.63,1436.0,2,0
100848,CAEX-017,2026-08-22,B,noche,9,160.0,353.0,80.3,53.0,4.33,1587.0,1,0
101677,CAEX-023,2026-03-18,C,dia,4,297.0,346.2,85.8,50.2,3.33,1725.0,1,0
101310,CAEX-031,2026-03-17,B,dia,12,191.0,315.6,88.3,53.4,6.2,1502.0,0,0
100063,CAEX-006,2026-08-13,C,noche,8,287.0,357.6,86.7,54.6,3.76,1751.0,1,0
102157,CAEX-028,2026-05-11,A,dia,4,43.0,282.8,85.2,57.8,5.54,1505.0,0,0
104883,CAEX-037,2026-05-25,A,dia,2,78.0,234.4,85.0,62.5,3.08,1519.0,1,0
104652,CAEX-007,2026-05-24,C,noche,2,158.0,359.6,81.3,56.8,6.23,1795.0,0,0
104835,CAEX-040,2026-05-25,B,noche,11,436.0,325.1,91.1,57.4,4.61,1642.0,3,0
100109,CAEX-033,2026-04-18,A,dia,13,145.0,293.6,81.4,61.8,2.63,1644.0,1,0
100518,CAEX-036,2026-07-18,A,dia,10,205.0,300.3,,46.8,2.18,1489.0,0,0
105993,CAEX-056,2026-06-02,C,noche,7,415.0,344.2,99.7,49.9,2.73,1172.0,0,1
101228,CAEX-053,2026-07-02,C,dia,11,201.0,348.7,98.7,48.3,4.31,1469.0,1,0
105014,CAEX-006,2026-08-12,C,noche,8,436.0,337.3,93.2,46.5,5.92,1202.0,1,1
101658,CAEX-019,2026-06-27,C,dia,5,212.0,359.0,90.2,52.8,3.29,1700.0,1,0
102301,CAEX-040,2026-06-23,B,noche,11,264.0,345.1,88.7,52.2,3.72,1756.0,0,0
105908,CAEX-027,2026-08-27,B,noche,1,251.0,340.1,97.3,52.3,4.06,1351.0,2,1
101769,CAEX-001,2026-06-13,C,dia,7,121.0,310.1,87.3,49.9,7.68,1724.0,0,0
104655,CAEX-059,2026-03-23,A,noche,13,207.0,273.9,85.9,58.9,6.19,1406.0,2,0
105258,CAEX-001,2026-03-18,C,noche,7,305.0,383.6,98.4,42.1,5.68,1410.0,1,1
101625,CAEX-008,2026-07-15,C,noche,11,108.0,339.0,82.7,60.0,6.39,1697.0,0,0
104735,CAEX-047,2026-03-04,A,dia,5,333.0,286.6,93.1,50.8,7.72,1879.0,1,1
105873,CAEX-024,2026-07-21,C,dia,6,355.0,319.8,97.2,43.5,3.63,1792.0,1,1
105343,CAEX-046,2026-04-14,C,dia,12,38.0,363.7,86.9,56.2,3.31,1613.0,0,0
101123,CAEX-042,2026-08-17,C,noche,10,166.0,327.0,92.5,50.4,2.5,1793.0,0,0
104318,CAEX-024,2026-03-19,C,dia,6,75.0,352.0,94.2,58.2,4.68,1428.0,2,0
101132,CAEX-021,2026-03-15,C,dia,14,215.0,322.5,83.8,56.3,4.66,1640.0,1,0
104022,CAEX-045,2026-06-10,C,dia,6,172.0,351.2,76.9,55.8,3.53,1588.0,0,0
103645,CAEX-036,2026-03-08,A,noche,10,121.0,287.8,81.7,,4.32,1825.0,0,0
100349,CAEX-055,2026-07-30,B,noche,10,197.0,280.4,88.6,,4.14,1641.0,0,0
101898,CAEX-027,2026-05-08,B,noche,1,401.0,344.6,78.3,52.0,3.09,1498.0,0,0
102165,CAEX-036,2026-04-24,A,dia,10,364.0,280.3,89.1,47.3,3.67,1570.0,1,0
104141,CAEX-040,2026-08-24,B,noche,11,267.0,296.7,82.3,45.4,5.07,1696.0,3,0
100702,CAEX-052,2026-04-17,A,dia,2,233.0,268.0,89.1,59.5,3.18,1600.0,1,0
104125,CAEX-041,2026-08-24,B,noche,14,121.0,327.2,89.5,57.8,1.93,1797.0,1,0
105852,CAEX-043,2026-03-11,B,noche,6,375.0,317.7,89.9,52.4,6.65,1492.0,2,0
102032,CAEX-047,2026-03-18,A,dia,5,53.0,318.6,89.9,40.3,3.63,1801.0,0,0
100687,CAEX-050,2026-05-20,A,noche,1,167.0,272.8,88.7,61.6,9.49,1985.0,0,1
103504,CAEX-035,2026-05-16,B,dia,7,187.0,306.0,89.7,53.3,3.78,1746.0,1,0
104863,CAEX-024,2026-04-21,C,dia,6,287.0,358.8,97.1,51.6,3.16,1404.0,0,1
103731,CAEX-014,2026-08-16,C,noche,8,364.0,330.2,91.0,41.2,2.43,1556.0,1,0
101565,CAEX-013,2026-03-30,B,dia,2,187.0,287.0,93.2,52.5,3.29,1530.0,0,0
104153,CAEX-052,2026-05-30,A,noche,2,190.0,280.5,95.1,44.8,1.82,1571.0,1,0
103728,CAEX-059,2026-08-24,A,dia,13,212.0,312.1,92.9,59.6,4.15,1416.0,1,0
104003,CAEX-007,2026-03-04,C,noche,2,212.0,340.7,85.8,51.2,3.6,1857.0,0,0
100644,CAEX-040,2026-03-25,B,noche,11,55.0,300.7,79.2,49.1,4.16,1822.0,0,0
104614,CAEX-016,2026-04-26,A,noche,5,602.0,293.1,93.5,35.3,4.22,1424.0,0,1
104881,CAEX-033,2026-07-10,A,noche,13,355.0,300.1,83.8,45.3,5.36,1561.0,1,0
101423,CAEX-050,2026-04-19,A,dia,1,192.0,267.4,98.4,62.6,3.23,1391.0,0,1
104901,CAEX-019,2026-03-17,C,dia,5,330.0,348.2,84.8,56.5,6.12,1741.0,1,0
101020,CAEX-038,2026-05-18,B,dia,8,231.0,323.0,81.9,45.6,5.05,1831.0,0,0
100820,CAEX-031,2026-08-01,B,noche,12,432.0,310.4,87.6,45.8,4.79,1775.0,0,0
103746,CAEX-035,2026-05-27,B,noche,7,306.0,339.7,90.7,49.7,2.98,1759.0,0,0
101622,CAEX-029,2026-03-26,A,dia,12,221.0,273.5,82.2,52.8,3.53,1800.0,1,0
101794,CAEX-021,2026-04-09,C,noche,14,447.0,332.5,77.5,58.0,3.79,1493.0,0,0
104179,CAEX-041,2026-08-22,B,dia,14,267.0,302.9,89.9,55.4,4.08,1696.0,0,0
105219,CAEX-057,2026-06-15,B,dia,11,165.0,297.7,89.6,47.1,4.06,1645.0,0,0
102430,CAEX-050,2026-03-03,A,noche,1,252.0,263.8,87.2,60.1,5.13,1615.0,0,0
100055,CAEX-030,2026-07-16,B,noche,1,89.0,310.9,97.8,62.5,3.15,1296.0,0,1
101164,CAEX-035,2026-06-18,B,dia,7,598.0,320.9,94.6,60.8,4.05,1802.0,0,0
100095,CAEX-026,2026-06-10,A,noche,12,356.0,248.4,83.6,55.0,3.42,1632.0,0,0
104155,CAEX-056,2026-04-23,C,noche,7,114.0,355.3,93.9,52.2,4.04,1508.0,2,0
104596,CAEX-003,2026-04-04,C,noche,10,329.0,348.9,88.6,57.9,3.17,2083.0,1,1
103709,CAEX-009,2026-08-16,A,noche,9,201.0,289.9,89.8,48.4,4.53,1492.0,1,0
101878,CAEX-045,2026-05-26,C,noche,6,149.0,353.3,88.3,52.5,4.88,1428.0,1,0
101234,CAEX-048,2026-04-29,A,dia,3,414.0,291.8,90.8,57.4,5.42,1427.0,0,0
103081,CAEX-027,2026-05-05,B,dia,1,102.0,321.9,91.2,64.3,4.75,1837.0,0,0
101075,CAEX-039,2026-04-07,A,noche,8,206.0,280.7,81.3,58.0,3.15,1757.0,0,0
105504,CAEX-026,2026-04-29,A,dia,12,115.0,274.0,95.5,51.6,3.82,1385.0,0,0
103128,CAEX-009,2026-03-23,A,dia,9,190.0,275.8,84.6,54.3,5.45,1564.0,0,0
105645,CAEX-032,2026-06-08,C,dia,4,164.0,351.8,91.4,42.4,4.93,1670.0,1,0
105233,CAEX-031,2026-07-24,B,noche,12,279.0,305.1,97.8,56.3,4.7,1672.0,1,0
101916,CAEX-047,2026-04-17,A,dia,5,174.0,259.3,75.1,45.7,4.28,1488.0,1,0
104068,CAEX-012,2026-06-08,C,dia,8,30.0,335.5,94.0,61.5,2.87,1673.0,0,0
105935,CAEX-012,2026-06-27,C,dia,8,47.0,369.3,92.4,50.1,5.13,1328.0,0,0
102739,CAEX-051,2026-07-05,A,dia,2,714.0,263.5,107.0,47.4,2.39,1642.0,2,1
104370,CAEX-053,2026-05-08,C,dia,11,251.0,387.9,84.6,53.8,3.09,1553.0,1,0
105535,CAEX-058,2026-06-28,B,dia,3,371.0,310.4,99.8,55.8,4.58,1733.0,2,1
104258,CAEX-057,2026-04-22,B,dia,11,258.0,315.1,86.4,55.7,4.32,1767.0,1,0
103739,CAEX-004,2026-06-29,B,dia,7,264.0,307.8,89.0,44.5,3.11,1977.0,1,0
105802,CAEX-048,2026-03-20,A,noche,3,245.0,275.6,89.6,49.6,5.11,1738.0,0,0
100350,CAEX-056,2026-04-30,C,dia,7,292.0,344.1,93.6,53.9,6.29,1533.0,1,0
102041,CAEX-057,2026-04-26,B,noche,11,363.0,323.1,84.6,49.0,3.56,1637.0,1,0
103950,CAEX-026,2026-08-13,A,noche,12,215.0,293.4,85.1,58.6,3.04,1827.0,1,0
102802,CAEX-004,2026-06-03,B,noche,7,68.0,324.1,83.9,61.6,6.03,1633.0,0,0
100245,CAEX-026,2026-08-22,A,dia,12,180.0,290.5,86.7,56.7,3.43,1575.0,0,0
100960,CAEX-033,2026-04-25,A,noche,13,230.0,252.8,96.5,57.8,7.75,1482.0,0,1
100435,CAEX-042,2026-04-07,C,dia,10,3.0,372.3,81.8,60.2,5.64,1676.0,1,0
104936,CAEX-016,2026-04-29,A,noche,5,267.0,259.2,82.5,57.9,4.13,1591.0,0,0
104707,CAEX-042,2026-03-01,C,dia,10,688.0,373.2,89.4,60.2,4.32,1599.0,3,0
104289,CAEX-054,2026-07-15,B,noche,11,129.0,310.6,86.4,55.0,4.67,1673.0,0,0
101838,CAEX-044,2026-03-30,A,dia,6,121.0,299.5,90.6,59.3,3.38,1787.0,0,0
101730,CAEX-057,2026-03-13,B,noche,11,374.0,309.9,89.4,58.5,3.83,1981.0,0,0
103233,CAEX-014,2026-07-25,C,dia,8,379.0,381.6,95.5,58.8,2.56,1803.0,0,0
103708,CAEX-011,2026-08-25,A,noche,8,154.0,270.9,84.6,49.2,5.07,1552.0,0,0
102242,CAEX-046,2026-07-04,C,noche,12,344.0,359.1,,52.8,8.69,1864.0,0,1
100712,CAEX-043,2026-04-30,B,dia,6,88.0,319.6,95.1,59.3,7.93,1655.0,0,1
102238,CAEX-016,2026-05-20,A,dia,5,235.0,290.3,88.8,53.8,3.8,1494.0,1,0
104327,CAEX-018,2026-03-08,A,noche,1,384.0,273.8,83.0,61.0,4.97,1632.0,0,0
100496,CAEX-044,2026-08-06,A,dia,6,49.0,272.8,81.0,55.4,6.54,1379.0,0,0
100601,CAEX-053,2026-08-06,C,dia,11,139.0,313.3,102.0,56.6,5.02,1766.0,2,1
102923,CAEX-001,2026-05-25,C,noche,7,193.0,347.5,90.0,54.3,3.3,1481.0,1,0
102801,CAEX-044,2026-08-27,A,dia,6,824.0,285.5,90.8,44.0,5.0,1459.0,1,1
100841,CAEX-004,2026-06-02,B,noche,7,53.0,341.7,85.0,56.5,2.9,1831.0,1,0
104396,CAEX-046,2026-06-08,C,noche,12,124.0,330.1,85.7,56.7,6.28,1524.0,0,0
105530,CAEX-046,2026-03-08,C,noche,12,60.0,317.8,83.6,63.0,4.91,1939.0,1,0
103792,CAEX-056,2026-04-29,C,dia,7,216.0,337.7,91.5,56.7,4.82,1626.0,1,0
102820,CAEX-040,2026-07-17,B,dia,11,332.0,325.2,91.5,47.9,5.04,1835.0,1,1
100907,CAEX-049,2026-05-20,B,noche,5,87.0,321.7,85.9,62.8,3.93,1480.0,0,0
104188,CAEX-009,2026-06-30,A,dia,9,92.0,273.5,77.2,55.6,3.15,1545.0,0,0
105777,CAEX-014,2026-07-29,C,noche,8,73.0,347.3,77.2,58.3,3.19,1583.0,0,0
105335,CAEX-031,2026-07-13,B,dia,12,270.0,346.4,91.0,57.0,8.04,1803.0,0,1
105126,CAEX-049,2026-06-15,B,noche,5,211.0,305.2,93.4,46.9,6.41,1421.0,1,0
105650,CAEX-028,2026-04-17,A,dia,4,82.0,285.0,98.9,55.1,3.81,1908.0,0,0
104147,CAEX-052,2026-08-04,A,dia,2,92.0,262.2,93.8,60.0,5.17,1635.0,1,0
100564,CAEX-017,2026-03-07,B,dia,9,75.0,301.7,92.0,68.2,4.61,1564.0,0,0
104786,CAEX-007,2026-05-03,C,noche,2,426.0,368.6,79.2,51.6,2.8,1972.0,2,0
101156,CAEX-060,2026-03-24,A,dia,8,419.0,323.4,90.8,59.5,3.41,1678.0,0,0
103505,CAEX-059,2026-06-25,A,noche,13,318.0,272.3,88.9,56.7,6.11,1626.0,0,0
104529,CAEX-047,2026-07-19,A,noche,5,803.0,296.2,97.3,45.9,4.41,1780.0,2,1
103356,CAEX-005,2026-06-11,A,dia,12,118.0,267.1,84.9,43.2,4.95,1581.0,0,0
100597,CAEX-026,2026-06-03,A,noche,12,38.0,276.6,82.7,51.4,3.1,1815.0,0,0
100941,CAEX-001,2026-06-02,C,dia,7,327.0,327.8,99.2,55.3,3.54,1443.0,1,1
101378,CAEX-047,2026-07-15,A,dia,5,360.0,267.4,86.5,42.1,5.44,1509.0,1,0
101404,CAEX-025,2026-04-28,C,dia,14,252.0,344.5,78.7,58.3,3.56,1526.0,0,0
102373,CAEX-014,2026-05-31,C,dia,8,144.0,378.0,85.9,55.6,10.05,1837.0,0,1
104926,CAEX-039,2026-05-03,A,noche,8,56.0,298.0,86.9,61.6,2.66,1660.0,0,0
100840,CAEX-007,2026-04-20,C,noche,2,154.0,349.4,82.0,54.8,5.51,1463.0,2,0
100345,CAEX-020,2026-04-23,B,noche,7,478.0,309.8,90.4,47.8,2.88,1818.0,2,0
102697,CAEX-040,2026-04-25,B,dia,11,197.0,361.9,92.9,54.7,4.79,1594.0,0,0
102337,CAEX-042,2026-05-30,C,noche,10,266.0,365.6,92.0,45.8,5.44,1913.0,2,0
100779,CAEX-059,2026-04-22,A,dia,13,249.0,267.7,90.5,64.0,5.78,1598.0,0,0
104487,CAEX-019,2026-05-20,C,noche,5,151.0,343.9,87.7,57.9,3.87,1758.0,2,0
104567,CAEX-046,2026-06-15,C,noche,12,158.0,331.9,82.7,56.7,2.91,1646.0,1,0
105270,CAEX-011,2026-07-23,A,noche,8,520.0,260.5,,58.9,7.47,1475.0,0,0
100858,CAEX-001,2026-06-06,C,dia,7,276.0,367.6,87.9,57.5,5.03,1705.0,1,0
103230,CAEX-029,2026-03-25,A,dia,12,111.0,303.2,89.7,53.5,4.65,1839.0,1,0
103182,CAEX-045,2026-08-17,C,noche,6,211.0,352.7,84.3,47.6,4.34,1465.0,0,0
103605,CAEX-060,2026-05-25,A,dia,8,257.0,283.2,95.7,58.9,3.89,1362.0,0,0
103564,CAEX-027,2026-04-14,B,dia,1,216.0,315.6,96.2,50.4,3.69,1905.0,2,1
105453,CAEX-032,2026-04-14,C,noche,4,455.0,296.7,94.1,47.1,3.78,1705.0,2,0
104723,CAEX-038,2026-03-08,B,noche,8,104.0,347.1,88.0,64.6,4.84,1826.0,0,0
100727,CAEX-025,2026-03-06,C,dia,14,179.0,324.0,78.9,51.9,5.09,1747.0,1,0
101848,CAEX-058,2026-03-08,B,noche,3,368.0,320.5,87.4,50.5,5.24,1596.0,0,0
103291,CAEX-014,2026-05-08,C,noche,8,71.0,290.1,94.4,58.2,5.58,1583.0,0,0
104934,CAEX-002,2026-04-24,B,noche,10,66.0,325.1,80.9,59.1,4.84,1372.0,0,0
103685,CAEX-038,2026-06-28,B,noche,8,78.0,330.3,75.0,50.8,5.82,1643.0,0,0
105232,CAEX-029,2026-05-14,A,dia,12,68.0,282.3,81.8,,5.03,1474.0,0,0
100276,CAEX-034,2026-04-05,A,dia,5,152.0,297.8,85.1,44.3,5.59,1725.0,0,0
103148,CAEX-013,2026-03-15,B,noche,2,486.0,328.2,98.8,52.9,3.87,1491.0,1,1
105446,CAEX-042,2026-07-01,C,noche,10,442.0,363.9,85.5,54.4,8.62,1725.0,0,1
105226,CAEX-024,2026-03-12,C,dia,6,218.0,360.9,89.2,60.3,9.54,1601.0,0,1
101823,CAEX-024,2026-04-18,C,dia,6,246.0,342.9,85.4,58.7,3.41,1637.0,0,0
103832,CAEX-054,2026-05-19,B,noche,11,176.0,328.6,87.6,62.3,4.92,1570.0,0,0
101509,CAEX-057,2026-03-08,B,dia,11,191.0,320.2,87.6,63.2,4.0,1627.0,1,0
102856,CAEX-058,2026-04-23,B,noche,3,259.0,325.2,91.0,53.5,6.77,1694.0,1,0
101103,CAEX-024,2026-07-07,C,noche,6,433.0,323.6,91.5,53.8,2.02,1725.0,2,0
100330,CAEX-015,2026-03-07,B,noche,12,143.0,313.1,96.8,52.3,4.17,1722.0,0,0
101374,CAEX-038,2026-07-05,B,dia,8,173.0,321.5,91.9,54.0,,1678.0,0,0
105228,CAEX-049,2026-07-15,B,dia,5,345.0,301.7,89.9,59.6,5.09,1683.0,0,0
101744,CAEX-027,2026-03-24,B,dia,1,125.0,316.4,81.7,50.5,5.49,1538.0,0,0
102718,CAEX-038,2026-06-08,B,dia,8,118.0,346.9,88.3,50.9,2.82,1702.0,1,0
105088,CAEX-038,2026-03-13,B,noche,8,88.0,331.0,83.7,46.1,5.26,1639.0,0,0
103028,CAEX-049,2026-06-26,B,noche,5,79.0,316.9,91.0,56.5,2.36,1618.0,0,0
105674,CAEX-042,2026-07-26,C,noche,10,403.0,319.4,91.9,56.6,3.73,1628.0,2,0
105865,CAEX-036,2026-07-10,A,noche,10,561.0,268.9,94.8,51.7,2.66,1576.0,2,0
100997,CAEX-019,2026-07-13,C,noche,5,96.0,348.6,81.3,56.5,4.74,1805.0,1,0
103418,CAEX-034,2026-07-30,A,dia,5,168.0,295.8,105.1,50.2,3.13,1752.0,1,1
105830,CAEX-006,2026-03-11,C,dia,8,242.0,382.7,94.1,42.5,5.53,1681.0,0,0
100797,CAEX-006,2026-07-21,C,dia,8,276.0,388.3,99.0,46.7,2.52,1810.0,0,1
100124,CAEX-054,2026-06-16,B,noche,11,200.0,336.5,90.7,49.5,1.76,1690.0,0,0
101942,CAEX-058,2026-08-22,B,dia,3,282.0,334.3,85.4,60.9,4.44,2091.0,0,0
105311,CAEX-029,2026-05-31,A,noche,12,49.0,245.6,83.9,54.6,5.57,1573.0,0,0
101938,CAEX-033,2026-05-11,A,noche,13,334.0,277.9,95.1,43.7,6.27,1871.0,1,0
104468,CAEX-005,2026-03-08,A,noche,12,553.0,260.9,92.4,43.6,4.95,1632.0,1,0
105136,CAEX-034,2026-07-22,A,dia,5,261.0,300.4,92.5,60.3,4.52,1573.0,1,0
105450,CAEX-002,2026-06-03,B,noche,10,87.0,323.8,96.0,51.7,4.88,1799.0,0,0
102151,CAEX-004,2026-03-06,B,dia,7,204.0,325.8,81.5,46.6,2.95,1567.0,0,0
103767,CAEX-002,2026-07-02,B,noche,10,274.0,281.7,96.7,44.4,2.87,1629.0,1,1
102667,CAEX-052,2026-04-13,A,noche,2,467.0,264.7,85.8,56.3,4.35,1679.0,0,0
104868,CAEX-038,2026-06-30,B,dia,8,108.0,303.9,88.6,68.9,5.64,1371.0,0,0
105260,CAEX-034,2026-03-19,A,dia,5,436.0,295.8,85.7,47.0,6.5,1965.0,2,0
103692,CAEX-007,2026-03-28,C,dia,2,276.0,350.4,91.4,63.0,3.57,1510.0,0,0
105736,CAEX-001,2026-03-14,C,noche,7,254.0,320.2,85.9,49.1,3.8,1676.0,0,0
101052,CAEX-045,2026-07-04,C,dia,6,283.0,306.7,96.0,46.6,4.76,1330.0,2,0
103542,CAEX-035,2026-05-30,B,noche,7,265.0,359.1,90.6,53.9,4.07,1613.0,0,0
103283,CAEX-053,2026-05-12,C,noche,11,61.0,338.5,88.2,,3.79,1878.0,3,0
103807,CAEX-019,2026-05-28,C,dia,5,236.0,337.6,83.4,43.1,2.26,1695.0,0,0
101667,CAEX-025,2026-04-18,C,dia,14,84.0,361.6,95.1,51.1,9.14,1670.0,0,0
101243,CAEX-036,2026-04-03,A,noche,10,95.0,302.4,88.5,56.0,4.49,1570.0,0,0
104771,CAEX-020,2026-03-11,B,dia,7,202.0,317.1,86.9,57.1,3.18,1491.0,0,0
100611,CAEX-006,2026-08-03,C,dia,8,115.0,331.6,84.5,42.9,2.25,1407.0,0,0
105124,CAEX-026,2026-05-20,A,noche,12,227.0,267.9,81.5,50.8,4.45,1579.0,1,0
103517,CAEX-019,2026-05-17,C,dia,5,874.0,320.4,92.7,41.0,3.09,1559.0,2,1
100231,CAEX-011,2026-07-31,A,noche,8,126.0,283.5,81.6,54.0,4.97,1673.0,1,0
100561,CAEX-050,2026-03-01,A,dia,1,272.0,296.5,82.6,51.8,4.88,1511.0,0,0
100911,CAEX-031,2026-06-26,B,dia,12,234.0,304.2,80.7,55.9,4.45,1764.0,0,0
102538,CAEX-042,2026-05-27,C,dia,10,324.0,402.3,82.7,56.5,3.86,1735.0,1,0
102276,CAEX-029,2026-04-01,A,dia,12,265.0,275.5,96.1,70.8,4.48,1479.0,1,0
104763,CAEX-051,2026-06-25,A,dia,2,71.0,277.2,83.3,62.7,8.9,1603.0,1,0
102189,CAEX-010,2026-05-28,B,dia,9,134.0,345.7,95.9,41.0,5.11,1507.0,0,1
102160,CAEX-006,2026-05-22,C,dia,8,153.0,368.5,94.3,55.4,4.25,1774.0,0,0
103379,CAEX-011,2026-07-17,A,noche,8,100.0,266.5,93.3,52.3,2.88,1438.0,0,0
105235,CAEX-019,2026-05-20,C,noche,5,185.0,357.5,84.1,60.0,3.75,1558.0,0,0
104000,CAEX-028,2026-04-22,A,dia,4,42.0,292.7,84.1,49.2,6.09,1681.0,1,0
105697,CAEX-055,2026-06-23,B,noche,10,78.0,311.8,97.0,58.3,5.51,1416.0,0,0
104427,CAEX-015,2026-06-04,B,noche,12,319.0,329.7,96.5,50.8,3.31,1444.0,0,0
101405,CAEX-039,2026-03-02,A,dia,8,304.0,282.8,83.6,57.7,3.66,1944.0,1,0
101329,CAEX-052,2026-06-22,A,dia,2,620.0,309.6,,58.1,4.46,2105.0,0,1
102521,CAEX-053,2026-06-09,C,dia,11,393.0,372.8,97.6,51.7,3.82,1548.0,2,1
103342,CAEX-020,2026-05-30,B,dia,7,465.0,324.0,92.6,52.9,4.1,1746.0,1,0
104646,CAEX-026,2026-04-29,A,noche,12,158.0,283.2,92.2,49.6,3.33,1580.0,0,0
102224,CAEX-034,2026-07-24,A,dia,5,216.0,257.1,92.5,51.8,3.23,1462.0,0,0
100101,CAEX-017,2026-03-03,B,noche,9,166.0,311.6,92.6,62.2,3.77,1509.0,2,0
102857,CAEX-049,2026-06-20,B,noche,5,166.0,318.2,87.2,48.1,2.89,1637.0,0,0
105304,CAEX-051,2026-06-24,A,noche,2,64.0,288.0,80.5,51.8,3.05,1365.0,1,0
104617,CAEX-031,2026-05-07,B,noche,12,215.0,329.3,88.8,55.5,4.49,1635.0,0,0
103013,CAEX-041,2026-08-04,B,noche,14,144.0,278.1,86.9,43.9,6.16,1558.0,1,0
101163,CAEX-008,2026-07-31,C,dia,11,85.0,367.5,98.6,59.6,6.13,1683.0,2,0
102441,CAEX-051,2026-03-05,A,dia,2,393.0,251.8,82.3,48.2,5.13,1519.0,1,0
101627,CAEX-001,2026-04-12,C,noche,7,27.0,357.9,93.5,51.0,4.13,1805.0,1,0
101464,CAEX-036,2026-06-21,A,noche,10,152.0,279.8,76.9,58.5,3.54,1444.0,0,0
103268,CAEX-034,2026-06-19,A,dia,5,523.0,299.3,90.6,55.3,7.68,1713.0,3,1
103744,CAEX-026,2026-03-29,A,dia,12,320.0,289.4,91.5,66.0,4.77,1867.0,0,0
100211,CAEX-045,2026-07-15,C,dia,6,183.0,401.4,82.2,,6.75,1757.0,1,1
105957,CAEX-009,2026-03-05,A,noche,9,49.0,273.5,81.8,51.2,6.23,1482.0,0,0
104490,CAEX-026,2026-05-04,A,dia,12,522.0,247.4,92.6,54.5,6.67,1575.0,1,0
102359,CAEX-032,2026-03-05,C,noche,4,381.0,335.7,97.6,,3.39,1837.0,0,0
102941,CAEX-038,2026-06-25,B,noche,8,83.0,326.5,85.3,53.0,4.14,1433.0,2,0
103245,CAEX-037,2026-04-17,A,noche,2,197.0,280.1,88.8,59.7,3.94,1453.0,3,0
103451,CAEX-028,2026-03-06,A,noche,4,240.0,262.1,93.9,48.0,5.07,1780.0,0,0
101616,CAEX-013,2026-05-12,B,dia,2,158.0,314.7,90.9,44.9,4.08,1281.0,1,0
105033,CAEX-028,2026-03-13,A,noche,4,159.0,300.5,85.7,60.2,3.66,1611.0,2,0
101006,CAEX-019,2026-07-24,C,dia,5,370.0,354.2,86.8,51.9,4.59,1637.0,1,0
101241,CAEX-057,2026-07-07,B,dia,11,194.0,308.4,79.8,66.0,4.16,1546.0,0,0
101967,CAEX-011,2026-08-27,A,dia,8,133.0,276.0,75.9,62.8,4.39,1857.0,0,0
104070,CAEX-023,2026-06-08,C,noche,4,95.0,374.7,94.6,55.5,5.13,1186.0,0,1
105266,CAEX-022,2026-03-13,A,noche,4,601.0,303.8,99.7,43.5,3.89,1419.0,0,1
102436,CAEX-041,2026-05-01,B,noche,14,247.0,343.8,85.4,54.5,3.68,1620.0,0,0
105384,CAEX-007,2026-08-26,C,dia,2,608.0,399.9,82.6,49.4,2.52,1594.0,2,0
105929,CAEX-037,2026-04-17,A,dia,2,194.0,318.2,87.9,52.8,2.88,1770.0,0,0
101860,CAEX-027,2026-07-08,B,noche,1,350.0,312.3,82.7,54.0,7.24,1655.0,0,0
102985,CAEX-008,2026-08-18,C,noche,11,213.0,337.2,87.5,36.7,5.03,1827.0,0,0
102248,CAEX-024,2026-03-21,C,noche,6,121.0,326.9,95.6,,4.0,2066.0,0,1
104674,CAEX-005,2026-08-19,A,noche,12,258.0,284.1,88.9,62.8,3.52,1699.0,1,0
100373,CAEX-050,2026-04-02,A,noche,1,205.0,299.2,85.5,52.1,5.02,1603.0,0,0
102530,CAEX-053,2026-08-08,C,dia,11,143.0,334.9,86.1,60.7,4.39,1768.0,0,0
103977,CAEX-043,2026-03-20,B,noche,6,493.0,337.3,,49.6,5.71,1679.0,1,0
105442,CAEX-003,2026-06-01,C,noche,10,140.0,369.5,93.0,63.1,5.7,1872.0,1,0
103421,CAEX-027,2026-06-11,B,noche,1,367.0,302.0,93.4,59.8,4.62,1661.0,1,0
105293,CAEX-048,2026-08-11,A,noche,3,243.0,293.2,108.0,45.3,3.86,1535.0,1,1
102091,CAEX-020,2026-05-01,B,dia,7,634.0,337.3,89.4,46.5,3.18,1688.0,1,0
102163,CAEX-033,2026-04-06,A,dia,13,45.0,311.8,86.3,44.9,6.45,1538.0,0,0
100835,CAEX-032,2026-05-17,C,dia,4,115.0,343.0,85.9,51.7,4.02,1574.0,0,0
104748,CAEX-036,2026-07-12,A,noche,10,520.0,258.2,87.2,42.3,5.7,1822.0,2,0
101682,CAEX-018,2026-06-04,A,dia,1,110.0,280.7,83.4,53.9,4.41,1796.0,0,0
104277,CAEX-036,2026-05-04,A,dia,10,117.0,,86.0,70.4,2.27,1306.0,1,0
104081,CAEX-014,2026-04-02,C,noche,8,381.0,319.3,89.5,54.2,7.79,1382.0,1,1
104742,CAEX-053,2026-07-02,C,noche,11,173.0,371.0,93.7,44.5,4.21,1341.0,0,1
103191,CAEX-060,2026-04-29,A,noche,8,638.0,299.2,93.6,53.8,3.43,1197.0,1,1
102609,CAEX-001,2026-03-09,C,noche,7,39.0,335.7,79.2,62.3,3.89,1928.0,0,0
102708,CAEX-004,2026-08-12,B,dia,7,69.0,324.4,88.2,54.3,3.58,1568.0,1,0
100206,CAEX-008,2026-06-08,C,dia,11,407.0,367.4,81.5,59.9,3.71,1533.0,2,0
101007,CAEX-009,2026-05-24,A,dia,9,205.0,285.3,97.6,52.6,3.58,1467.0,1,1
105225,CAEX-002,2026-07-29,B,dia,10,229.0,320.1,91.9,51.3,3.76,1561.0,1,0
103335,CAEX-016,2026-06-22,A,noche,5,242.0,271.7,96.1,59.7,6.23,2107.0,0,1
103243,CAEX-037,2026-05-23,A,dia,2,223.0,274.9,92.3,54.6,6.53,1528.0,0,0
103936,CAEX-029,2026-06-07,A,dia,12,263.0,238.6,94.8,57.1,3.59,1799.0,0,0
104378,CAEX-052,2026-04-02,A,noche,2,216.0,240.1,85.8,50.7,5.03,1582.0,0,0
105919,CAEX-048,2026-05-18,A,noche,3,86.0,267.5,87.7,61.9,4.75,1474.0,0,0
100952,CAEX-041,2026-07-25,B,noche,14,215.0,299.5,89.2,51.2,4.86,1328.0,0,0
105773,CAEX-012,2026-07-01,C,dia,8,207.0,372.4,92.2,47.6,3.16,1667.0,0,0
105401,CAEX-033,2026-07-15,A,noche,13,31.0,268.4,82.6,58.3,5.76,1993.0,0,0
103240,CAEX-018,2026-05-02,A,noche,1,142.0,259.2,84.9,63.4,3.89,1584.0,1,0
101498,CAEX-026,2026-07-22,A,noche,12,177.0,290.2,85.4,51.6,4.5,1415.0,1,0
103305,CAEX-025,2026-05-21,C,noche,14,381.0,338.6,95.1,51.8,2.98,1397.0,0,1
102274,CAEX-029,2026-06-17,A,dia,12,273.0,273.1,86.0,48.0,4.52,1542.0,3,0
104519,CAEX-019,2026-07-16,C,dia,5,99.0,353.0,86.1,63.7,3.92,1778.0,0,0
101550,CAEX-007,2026-08-18,C,noche,2,255.0,380.2,90.6,51.1,4.96,1907.0,1,0
101948,CAEX-038,2026-06-14,B,dia,8,371.0,323.5,88.3,49.0,3.93,1436.0,0,0
105414,CAEX-038,2026-06-02,B,dia,8,176.0,340.3,80.1,70.5,6.12,1741.0,0,0
102390,CAEX-056,2026-08-09,C,noche,7,491.0,328.5,83.5,51.4,3.89,1545.0,0,0
103500,CAEX-045,2026-03-29,C,dia,6,93.0,344.2,97.2,66.1,3.34,1837.0,0,0
101834,CAEX-056,2026-05-29,C,noche,7,119.0,370.1,86.2,57.6,6.08,1796.0,0,0
100058,CAEX-026,2026-04-18,A,noche,12,206.0,249.8,77.4,56.7,2.1,1669.0,0,0
104460,CAEX-056,2026-04-29,C,dia,7,146.0,351.4,86.5,48.0,2.34,1791.0,1,0
101521,CAEX-016,2026-06-04,A,dia,5,148.0,282.6,89.8,52.5,3.65,1846.0,0,0
105230,CAEX-043,2026-06-05,B,dia,6,175.0,308.0,88.6,50.9,4.39,1606.0,2,0
105841,CAEX-016,2026-05-09,A,noche,5,367.0,304.9,99.4,55.1,3.32,1617.0,1,0
101930,CAEX-018,2026-07-28,A,dia,1,496.0,289.4,89.9,61.4,3.7,1684.0,0,0
101749,CAEX-011,2026-08-15,A,noche,8,136.0,273.3,91.7,48.4,4.06,1421.0,0,0
105407,CAEX-014,2026-03-31,C,noche,8,70.0,356.4,91.2,52.5,4.34,1483.0,0,0
100647,CAEX-041,2026-06-05,B,dia,14,140.0,304.4,87.5,68.7,3.74,1725.0,0,0
105837,CAEX-020,2026-05-08,B,noche,7,409.0,337.5,97.0,59.2,5.64,1509.0,2,0
102544,CAEX-023,2026-06-06,C,noche,4,463.0,350.4,87.7,52.8,3.25,1752.0,0,0
101580,CAEX-035,2026-05-15,B,dia,7,197.0,312.9,89.8,60.3,5.99,1773.0,0,0
102065,CAEX-043,2026-06-16,B,dia,6,211.0,324.2,95.9,55.5,3.06,1602.0,0,0
104776,CAEX-012,2026-05-21,C,dia,8,96.0,371.9,87.4,52.7,3.78,1687.0,0,0
102879,CAEX-024,2026-08-26,C,noche,6,106.0,361.0,88.0,58.9,4.45,1971.0,3,1
105637,CAEX-025,2026-06-13,C,noche,14,401.0,346.4,93.4,59.8,4.31,1583.0,0,0
105540,CAEX-028,2026-04-15,A,dia,4,92.0,300.8,94.4,64.0,6.71,1534.0,0,0
102713,CAEX-022,2026-07-02,A,noche,4,331.0,278.7,90.4,50.1,6.65,1493.0,0,0
102193,CAEX-004,2026-06-26,B,noche,7,249.0,311.9,92.0,60.4,3.52,1920.0,2,0
103474,CAEX-031,2026-04-02,B,noche,12,71.0,328.1,86.6,64.3,3.4,1560.0,0,0
104090,CAEX-031,2026-08-05,B,dia,12,440.0,313.3,83.1,45.6,2.56,1340.0,1,0
105396,CAEX-033,2026-07-25,A,noche,13,322.0,291.4,88.7,54.5,4.73,1496.0,1,0
105965,CAEX-005,2026-05-16,A,noche,12,88.0,262.0,83.9,54.1,2.8,1473.0,1,0
101297,CAEX-030,2026-08-20,B,dia,1,272.0,330.1,93.4,45.3,5.61,1690.0,1,0
105403,CAEX-043,2026-03-21,B,dia,6,97.0,336.2,86.8,61.9,3.91,1847.0,0,0
100204,CAEX-015,2026-03-05,B,dia,12,45.0,348.5,88.1,53.9,5.31,1624.0,0,0
104156,CAEX-026,2026-07-13,A,noche,12,255.0,282.6,91.3,46.0,3.1,1674.0,1,0
100519,CAEX-004,2026-04-29,B,noche,7,50.0,379.7,88.4,47.8,3.03,1771.0,0,0
102942,CAEX-060,2026-08-26,A,noche,8,214.0,279.1,97.3,62.1,5.13,1553.0,2,0
104894,CAEX-047,2026-04-23,A,dia,5,91.0,273.0,85.0,52.0,,1396.0,0,0
102744,CAEX-033,2026-05-14,A,noche,13,192.0,293.6,87.0,50.2,5.01,1632.0,1,0
104983,CAEX-018,2026-06-06,A,dia,1,118.0,268.2,75.9,50.7,4.2,1604.0,0,0
101832,CAEX-024,2026-04-03,C,dia,6,78.0,355.4,82.6,66.9,7.95,1953.0,1,1
105157,CAEX-045,2026-05-03,C,dia,6,497.0,365.3,94.3,46.5,4.59,1637.0,0,0
101078,CAEX-034,2026-06-24,A,dia,5,184.0,271.0,88.1,34.7,4.41,1663.0,0,0
101777,CAEX-032,2026-07-02,C,noche,4,132.0,360.4,97.5,52.1,4.76,1531.0,0,0
101601,CAEX-003,2026-06-01,C,dia,10,152.0,350.5,80.2,55.0,5.03,1687.0,0,0
105333,CAEX-055,2026-04-10,B,dia,10,487.0,306.2,92.8,50.6,3.95,1728.0,2,0
102464,CAEX-028,2026-06-08,A,dia,4,272.0,284.4,96.7,53.4,3.76,1801.0,1,0
102839,CAEX-036,2026-03-23,A,dia,10,408.0,320.0,96.2,53.8,2.92,1614.0,1,1
105889,CAEX-009,2026-08-12,A,dia,9,382.0,251.0,,38.5,2.71,1477.0,0,1
102930,CAEX-015,2026-04-15,B,noche,12,124.0,324.9,84.0,59.9,4.91,1894.0,0,0
102350,CAEX-035,2026-07-02,B,noche,7,109.0,358.6,93.5,63.0,4.66,1730.0,0,0
102755,CAEX-049,2026-05-05,B,dia,5,328.0,322.1,82.0,55.1,3.81,1597.0,1,0
104411,CAEX-042,2026-08-25,C,noche,10,125.0,366.6,98.8,52.1,3.12,1676.0,0,0
101876,CAEX-022,2026-06-28,A,dia,4,147.0,308.9,88.3,59.0,4.7,1674.0,0,0
101914,CAEX-012,2026-04-13,C,dia,8,893.0,318.5,99.7,43.4,6.69,1785.0,0,1
101358,CAEX-007,2026-06-28,C,noche,2,67.0,356.4,84.1,60.1,3.48,1612.0,0,0
102882,CAEX-019,2026-07-17,C,dia,5,169.0,339.2,87.3,57.4,3.92,1568.0,0,0
100017,CAEX-021,2026-06-20,C,dia,14,293.0,312.2,89.4,61.7,3.25,1683.0,0,0
102286,CAEX-012,2026-07-10,C,dia,8,515.0,342.0,96.0,42.5,4.05,1817.0,1,1
105222,CAEX-042,2026-07-27,C,dia,10,311.0,358.7,83.1,56.2,3.72,1653.0,1,0
105481,CAEX-008,2026-05-10,C,dia,11,88.0,354.3,92.5,59.7,3.19,1635.0,0,0
103273,CAEX-028,2026-07-06,A,noche,4,364.0,280.7,95.1,50.6,5.86,1848.0,0,0
100762,CAEX-025,2026-05-19,C,dia,14,40.0,366.6,89.4,56.5,5.72,1447.0,2,0
103127,CAEX-017,2026-07-01,B,noche,9,141.0,345.4,95.4,52.6,3.21,1652.0,2,0
101062,CAEX-047,2026-06-20,A,noche,5,130.0,280.1,95.3,53.4,4.01,1682.0,2,0
101910,CAEX-002,2026-05-26,B,noche,10,401.0,321.8,,58.2,4.19,1762.0,1,0
105818,CAEX-059,2026-08-03,A,noche,13,190.0,267.7,88.5,50.4,4.85,1493.0,0,0
103814,CAEX-018,2026-03-31,A,dia,1,164.0,276.3,85.4,56.2,2.81,1749.0,0,0
101652,CAEX-058,2026-04-24,B,noche,3,67.0,335.7,83.9,57.0,2.6,1544.0,0,0
100191,CAEX-021,2026-08-26,C,dia,14,197.0,349.9,92.3,62.8,6.88,1391.0,1,0
102513,CAEX-055,2026-08-26,B,dia,10,94.0,302.1,87.1,52.1,5.28,1386.0,0,0
100463,CAEX-052,2026-08-23,A,dia,2,204.0,274.5,92.5,43.9,3.4,1679.0,0,0
100485,CAEX-036,2026-07-03,A,dia,10,293.0,279.0,86.3,61.9,3.86,1679.0,0,0
101265,CAEX-009,2026-06-30,A,dia,9,77.0,248.3,81.6,55.2,2.85,1822.0,1,0
104966,CAEX-046,2026-05-30,C,noche,12,235.0,327.0,94.6,57.4,2.54,1600.0,2,0
101126,CAEX-041,2026-04-25,B,noche,14,580.0,324.4,99.5,51.6,10.85,1694.0,1,1
101711,CAEX-012,2026-04-08,C,noche,8,234.0,374.8,90.3,60.0,3.8,1520.0,0,0
101371,CAEX-017,2026-05-03,B,noche,9,192.0,328.3,89.8,53.7,3.0,1510.0,0,0
104495,CAEX-050,2026-07-08,A,dia,1,85.0,280.7,87.3,58.0,3.9,1682.0,1,0
105523,CAEX-017,2026-07-31,B,dia,9,28.0,341.7,93.7,68.3,7.0,1547.0,1,0
105035,CAEX-049,2026-05-25,B,dia,5,171.0,337.0,93.7,51.8,2.64,1567.0,0,0
102990,CAEX-037,2026-06-29,A,noche,2,127.0,271.0,84.1,52.5,2.81,1745.0,1,0
101448,CAEX-036,2026-03-12,A,dia,10,463.0,285.8,81.0,53.1,4.23,1818.0,3,0
105766,CAEX-008,2026-06-05,C,noche,11,195.0,358.4,79.9,51.1,4.08,2037.0,1,1
100111,CAEX-049,2026-05-13,B,noche,5,111.0,329.4,72.6,50.9,4.41,1926.0,0,0
101547,CAEX-057,2026-03-02,B,dia,11,377.0,300.6,97.0,60.8,4.54,1787.0,0,0
103511,CAEX-025,2026-03-02,C,dia,14,244.0,338.9,89.0,39.1,2.84,1748.0,1,0
105794,CAEX-004,2026-03-08,B,dia,7,319.0,358.2,86.9,40.0,2.33,1747.0,0,0
101173,CAEX-030,2026-05-07,B,dia,1,155.0,312.8,88.7,45.2,3.75,2022.0,0,0
104768,CAEX-032,2026-04-07,C,dia,4,165.0,349.7,75.9,61.2,2.29,1548.0,1,0
103925,CAEX-005,2026-05-28,A,noche,12,412.0,277.7,95.4,43.9,5.07,1571.0,0,0
100233,CAEX-017,2026-03-16,B,dia,9,228.0,337.7,88.8,49.1,4.56,1473.0,0,0
101249,CAEX-017,2026-08-07,B,dia,9,281.0,361.2,89.6,54.9,3.32,1341.0,0,0
102618,CAEX-035,2026-03-29,B,noche,7,176.0,323.5,83.3,39.6,3.33,1996.0,0,1
104035,CAEX-042,2026-07-27,C,noche,10,163.0,354.6,93.1,44.9,2.48,1762.0,0,0
104700,CAEX-046,2026-03-28,C,dia,12,168.0,330.6,88.3,54.0,2.39,1703.0,0,0
105855,CAEX-015,2026-05-20,B,dia,12,291.0,335.8,85.6,64.4,3.46,1653.0,0,0
104515,CAEX-043,2026-07-14,B,noche,6,266.0,331.9,89.2,48.3,4.93,1818.0,1,0
104605,CAEX-051,2026-07-27,A,dia,2,567.0,251.8,93.3,50.0,4.28,1801.0,0,0
103805,CAEX-052,2026-04-18,A,dia,2,165.0,284.0,87.8,53.3,5.03,1828.0,1,0
105455,CAEX-046,2026-05-15,C,noche,12,289.0,374.1,89.1,45.3,7.46,1691.0,0,0
102271,CAEX-051,2026-06-10,A,noche,2,148.0,264.5,86.8,50.1,3.93,1400.0,2,0
100934,CAEX-018,2026-05-29,A,noche,1,416.0,279.7,95.9,48.6,4.81,1815.0,2,0
101046,CAEX-059,2026-06-19,A,noche,13,186.0,296.9,84.9,57.7,3.8,1327.0,0,0
104810,CAEX-054,2026-08-02,B,noche,11,99.0,346.3,96.3,51.3,4.34,1523.0,0,0
100449,CAEX-031,2026-05-18,B,dia,12,305.0,356.4,95.1,51.0,3.08,1500.0,2,1
100454,CAEX-023,2026-07-11,C,noche,4,69.0,340.5,87.0,55.1,3.78,2023.0,1,0
103177,CAEX-004,2026-07-05,B,dia,7,302.0,314.6,87.5,55.2,5.07,1931.0,0,0
100013,CAEX-037,2026-04-17,A,dia,2,303.0,284.7,83.6,56.2,7.59,1656.0,0,0
101388,CAEX-037,2026-04-10,A,dia,2,237.0,292.1,88.9,62.4,4.69,1740.0,3,0
103772,CAEX-014,2026-05-14,C,noche,8,116.0,352.4,81.6,53.5,1.71,1390.0,0,0
101797,CAEX-056,2026-03-12,C,dia,7,184.0,351.3,88.2,50.7,2.73,1763.0,1,0
101917,CAEX-057,2026-04-30,B,dia,11,166.0,330.2,82.3,59.1,4.09,1620.0,1,0
103190,CAEX-008,2026-08-27,C,dia,11,75.0,374.2,85.0,52.8,6.93,1542.0,0,0
103604,CAEX-046,2026-04-20,C,noche,12,433.0,361.1,90.9,50.2,3.32,1544.0,3,1
105055,CAEX-023,2026-03-16,C,dia,4,298.0,374.2,81.6,51.1,3.88,1656.0,1,0
104767,CAEX-023,2026-07-20,C,noche,4,331.0,349.5,95.4,63.7,6.1,1531.0,1,0
101022,CAEX-029,2026-04-21,A,dia,12,54.0,277.4,87.1,47.2,1.98,1610.0,0,0
100837,CAEX-024,2026-06-19,C,noche,6,181.0,351.7,96.3,55.7,4.07,1786.0,0,0
101397,CAEX-033,2026-08-14,A,noche,13,169.0,294.0,76.4,58.2,5.03,1684.0,0,0
101587,CAEX-031,2026-08-06,B,dia,12,179.0,261.8,97.1,,2.53,1519.0,0,0
104447,CAEX-001,2026-04-21,C,dia,7,27.0,365.4,95.8,56.9,4.28,1799.0,1,0
101954,CAEX-024,2026-04-20,C,noche,6,285.0,332.4,93.8,56.5,3.77,1590.0,2,0
100792,CAEX-026,2026-07-13,A,noche,12,250.0,283.3,84.9,48.8,1.81,1707.0,0,0
103783,CAEX-040,2026-07-17,B,dia,11,177.0,341.3,84.3,55.8,3.01,1939.0,1,0
105810,CAEX-034,2026-06-11,A,dia,5,306.0,256.6,99.8,50.9,2.67,1806.0,3,0
105134,CAEX-024,2026-08-12,C,dia,6,205.0,333.4,86.9,57.6,4.69,1433.0,0,0
101217,CAEX-038,2026-05-27,B,dia,8,809.0,327.6,109.0,36.8,4.35,1497.0,0,1
104710,CAEX-029,2026-08-20,A,noche,12,129.0,268.4,83.0,55.0,3.53,1394.0,0,0
102399,CAEX-059,2026-08-10,A,noche,13,390.0,271.4,87.6,52.0,6.91,1909.0,1,1
105197,CAEX-011,2026-08-21,A,dia,8,169.0,298.1,82.6,57.4,3.54,1734.0,1,0
100864,CAEX-023,2026-08-04,C,dia,4,130.0,388.2,79.0,47.4,3.25,1806.0,0,0
100105,CAEX-027,2026-05-23,B,noche,1,72.0,284.1,71.3,67.9,3.68,1449.0,0,0
101345,CAEX-037,2026-05-12,A,noche,2,281.0,274.8,86.0,55.7,3.47,1521.0,0,0
103850,CAEX-025,2026-04-05,C,dia,14,78.0,367.7,83.5,52.2,4.54,1585.0,1,0
102253,CAEX-010,2026-03-15,B,noche,9,381.0,314.2,83.3,48.1,6.7,1750.0,1,0
101269,CAEX-045,2026-07-09,C,dia,6,532.0,394.5,104.4,42.9,2.0,1666.0,0,1
105080,CAEX-015,2026-04-24,B,noche,12,190.0,297.6,84.4,52.8,9.02,1479.0,0,1
102763,CAEX-046,2026-08-14,C,noche,12,199.0,361.3,86.4,58.0,4.97,1765.0,2,0
100517,CAEX-044,2026-08-06,A,noche,6,157.0,271.8,85.6,48.8,3.09,1649.0,1,0
105002,CAEX-047,2026-05-16,A,noche,5,129.0,239.9,86.7,58.9,3.02,1580.0,0,0
105127,CAEX-024,2026-04-04,C,dia,6,57.0,382.8,83.8,55.6,5.42,1570.0,1,0
103468,CAEX-037,2026-07-05,A,dia,2,302.0,283.5,95.7,59.1,3.85,2048.0,1,0
105952,CAEX-027,2026-08-04,B,noche,1,298.0,311.5,88.2,57.5,3.82,1591.0,0,0
103647,CAEX-021,2026-08-11,C,dia,14,136.0,345.6,89.9,53.6,3.95,1688.0,1,0
105862,CAEX-024,2026-08-24,C,dia,6,344.0,402.5,93.7,52.2,2.46,1609.0,1,1
104749,CAEX-011,2026-04-23,A,dia,8,400.0,284.1,67.4,51.9,2.84,1676.0,1,0
102175,CAEX-019,2026-06-09,C,noche,5,300.0,361.5,93.6,57.7,4.96,1493.0,1,0
102199,CAEX-060,2026-08-18,A,noche,8,134.0,294.2,94.6,52.9,2.05,1266.0,1,0
102852,CAEX-017,2026-04-24,B,noche,9,204.0,337.4,79.3,44.2,5.76,1669.0,2,0
101999,CAEX-038,2026-06-29,B,noche,8,91.0,347.2,81.0,51.1,7.94,1616.0,2,0
105444,CAEX-053,2026-03-14,C,noche,11,141.0,339.1,86.5,49.5,3.76,1711.0,0,0
103985,CAEX-043,2026-05-18,B,dia,6,212.0,313.7,94.0,40.7,4.04,1495.0,0,0
105192,CAEX-045,2026-03-03,C,dia,6,420.0,367.7,99.0,59.2,5.8,1451.0,1,1
100160,CAEX-058,2026-06-17,B,noche,3,92.0,346.5,89.4,57.6,6.0,1780.0,0,0
102606,CAEX-008,2026-06-02,C,dia,11,53.0,384.5,84.7,64.2,4.18,1424.0,0,0
103835,CAEX-017,2026-07-02,B,dia,9,170.0,283.7,96.8,55.8,2.87,1703.0,2,0
101535,CAEX-039,2026-03-27,A,dia,8,231.0,280.7,93.2,56.4,3.37,1490.0,0,0
101135,CAEX-055,2026-08-08,B,noche,10,187.0,314.6,82.3,52.0,7.71,1551.0,0,0
103195,CAEX-041,2026-04-20,B,dia,14,160.0,331.4,93.3,56.5,3.81,1436.0,0,0
104098,CAEX-046,2026-04-10,C,noche,12,144.0,368.3,95.1,53.8,3.57,1713.0,0,0
100679,CAEX-041,2026-05-17,B,noche,14,324.0,293.9,85.8,47.2,2.78,1652.0,1,0
102386,CAEX-026,2026-06-19,A,dia,12,629.0,293.4,95.5,48.4,4.73,1394.0,1,1
103469,CAEX-060,2026-08-24,A,noche,8,191.0,293.9,93.6,56.2,5.22,1716.0,1,0
101247,CAEX-041,2026-06-13,B,dia,14,523.0,324.4,100.5,55.2,3.29,1724.0,2,1
100166,CAEX-016,2026-07-06,A,dia,5,444.0,266.4,83.0,46.2,4.86,1568.0,1,0
102788,CAEX-014,2026-04-13,C,noche,8,262.0,373.0,93.5,49.3,5.86,1739.0,0,0
104089,CAEX-003,2026-05-04,C,noche,10,55.0,357.4,81.1,52.1,3.84,1419.0,0,0
100395,CAEX-001,2026-03-25,C,dia,7,335.0,374.7,79.1,55.1,4.9,1648.0,1,0
102633,CAEX-012,2026-06-08,C,dia,8,663.0,328.1,92.2,42.8,3.14,1851.0,1,1
104332,CAEX-032,2026-08-05,C,dia,4,471.0,314.2,78.6,59.3,3.01,1751.0,2,0
101533,CAEX-053,2026-05-08,C,noche,11,274.0,320.9,82.3,57.5,3.39,1446.0,2,0
101651,CAEX-022,2026-04-02,A,noche,4,87.0,304.4,91.0,52.6,3.54,1639.0,0,0
101934,CAEX-055,2026-04-22,B,noche,10,130.0,317.2,91.6,57.3,6.33,1576.0,0,0
104292,CAEX-053,2026-06-21,C,dia,11,228.0,418.4,79.2,61.4,4.73,1710.0,0,0
105646,CAEX-033,2026-06-04,A,noche,13,279.0,325.5,98.2,48.4,2.68,1635.0,1,1
100996,CAEX-021,2026-05-27,C,noche,14,539.0,316.1,87.0,46.3,3.02,1595.0,0,0
102722,CAEX-049,2026-07-30,B,dia,5,423.0,307.7,96.4,51.9,3.42,1544.0,0,0
101146,CAEX-012,2026-08-08,C,dia,8,259.0,350.2,82.8,40.5,2.99,1851.0,0,0
102089,CAEX-008,2026-03-26,C,dia,11,176.0,348.7,98.5,49.1,4.27,1951.0,0,0
102813,CAEX-012,2026-08-27,C,noche,8,219.0,360.8,91.1,65.4,5.85,2005.0,1,1
103582,CAEX-031,2026-03-27,B,dia,12,363.0,270.7,86.6,63.9,3.52,1530.0,1,0
101436,CAEX-011,2026-06-22,A,noche,8,192.0,279.5,94.0,42.5,3.05,1777.0,0,0
102590,CAEX-058,2026-07-30,B,dia,3,18.0,301.6,76.0,59.2,3.79,1824.0,0,0
102785,CAEX-045,2026-08-04,C,dia,6,587.0,345.5,101.3,54.1,3.38,1647.0,1,0
101621,CAEX-004,2026-05-17,B,dia,7,227.0,310.9,86.5,61.7,3.19,1703.0,0,0
104927,CAEX-046,2026-06-20,C,noche,12,54.0,377.4,94.7,59.8,4.35,1655.0,0,0
104452,CAEX-018,2026-05-11,A,noche,1,81.0,295.8,86.2,65.4,3.53,1745.0,0,0
105661,CAEX-047,2026-06-04,A,dia,5,228.0,268.6,100.6,56.0,5.86,1464.0,1,1
105987,CAEX-019,2026-06-28,C,noche,5,97.0,346.6,95.5,58.9,3.49,1781.0,0,0
100038,CAEX-006,2026-04-03,C,dia,8,43.0,364.2,90.9,59.0,4.29,1792.0,0,0
101301,CAEX-010,2026-06-25,B,dia,9,280.0,278.4,95.6,59.7,5.45,1505.0,0,0
102000,CAEX-028,2026-04-02,A,dia,4,283.0,297.9,86.6,48.4,4.75,1893.0,0,0
104428,CAEX-030,2026-04-30,B,dia,1,296.0,324.2,90.9,57.7,3.08,1740.0,0,0
103259,CAEX-057,2026-05-02,B,dia,11,351.0,298.9,83.7,36.1,4.85,1490.0,0,1
102346,CAEX-020,2026-04-20,B,noche,7,312.0,356.6,79.9,62.6,4.73,1790.0,0,0
105078,CAEX-018,2026-03-11,A,dia,1,121.0,279.2,100.4,55.6,3.39,1465.0,0,0
105572,CAEX-014,2026-05-26,C,dia,8,221.0,337.2,90.9,56.4,3.49,1479.0,0,0
103793,CAEX-008,2026-06-17,C,noche,11,136.0,359.6,93.1,47.3,3.83,1757.0,2,0
101186,CAEX-002,2026-05-16,B,noche,10,450.0,297.0,84.2,52.1,4.07,1889.0,0,0
103758,CAEX-029,2026-03-06,A,dia,12,329.0,283.9,95.6,50.1,4.14,1642.0,0,0
100323,CAEX-058,2026-06-01,B,dia,3,555.0,327.8,92.0,51.2,3.46,1465.0,1,0
100012,CAEX-038,2026-03-09,B,dia,8,51.0,315.5,76.4,51.8,2.49,1769.0,0,0
103078,CAEX-012,2026-04-05,C,dia,8,418.0,356.9,87.1,50.7,2.84,1598.0,1,0
100018,CAEX-008,2026-04-16,C,noche,11,182.0,338.2,89.5,50.0,6.79,1563.0,2,0
105338,CAEX-041,2026-04-13,B,dia,14,491.0,299.5,95.0,54.1,3.66,1827.0,1,0
105639,CAEX-024,2026-07-17,C,noche,6,62.0,348.1,81.8,61.2,3.15,1697.0,0,0
105903,CAEX-015,2026-07-22,B,dia,12,310.0,303.8,88.3,51.0,7.32,1326.0,1,0
103706,CAEX-025,2026-06-16,C,noche,14,84.0,354.0,86.6,58.4,3.58,1790.0,0,0
105115,CAEX-056,2026-07-27,C,dia,7,425.0,321.5,101.6,46.8,8.18,1664.0,3,1
101752,CAEX-029,2026-03-17,A,noche,12,117.0,256.5,81.8,55.1,4.0,1721.0,0,0
102578,CAEX-039,2026-08-09,A,dia,8,262.0,259.5,87.7,44.7,3.52,1672.0,0,0
104575,CAEX-013,2026-07-11,B,dia,2,242.0,345.4,84.8,51.7,3.99,1830.0,0,0
101311,CAEX-017,2026-03-21,B,dia,9,268.0,318.0,83.1,63.2,7.26,1782.0,0,0
104977,CAEX-056,2026-04-11,C,dia,7,94.0,311.3,82.8,66.0,5.7,1542.0,1,0
101229,CAEX-001,2026-06-05,C,dia,7,221.0,324.8,91.9,44.8,4.32,1536.0,1,0
100580,CAEX-044,2026-08-19,A,dia,6,190.0,297.0,86.5,62.9,3.22,1589.0,0,0
100020,CAEX-058,2026-03-31,B,dia,3,81.0,309.8,83.0,45.4,3.51,1639.0,0,0
100801,CAEX-036,2026-04-22,A,dia,10,714.0,282.8,85.7,38.6,3.2,1857.0,2,1
101396,CAEX-020,2026-03-24,B,noche,7,354.0,339.3,91.3,63.2,4.09,1575.0,0,0
102640,CAEX-043,2026-03-30,B,dia,6,85.0,339.7,73.7,64.5,3.79,1580.0,1,0
102952,CAEX-028,2026-06-27,A,noche,4,197.0,290.7,92.1,53.1,3.88,1563.0,0,0
103226,CAEX-022,2026-05-01,A,noche,4,98.0,276.4,87.4,55.2,3.76,1641.0,1,0
105543,CAEX-042,2026-06-11,C,noche,10,43.0,342.6,79.2,53.9,3.59,1206.0,1,1
101685,CAEX-051,2026-04-12,A,noche,2,195.0,284.7,100.8,68.6,5.1,1698.0,0,1
104571,CAEX-003,2026-06-02,C,noche,10,176.0,333.6,96.4,56.0,3.7,1792.0,0,0
105705,CAEX-008,2026-07-22,C,dia,11,141.0,369.8,82.5,54.9,3.51,1449.0,1,0
102452,CAEX-041,2026-06-20,B,dia,14,300.0,302.2,100.2,44.2,3.89,1674.0,1,0
101826,CAEX-008,2026-08-01,C,noche,11,220.0,319.6,82.6,58.3,5.75,1502.0,0,0
103307,CAEX-021,2026-05-05,C,noche,14,192.0,343.5,96.1,64.8,5.59,1689.0,0,0
102875,CAEX-048,2026-08-22,A,noche,3,604.0,259.5,95.8,49.5,4.14,1600.0,0,0
100495,CAEX-038,2026-06-10,B,noche,8,174.0,323.7,86.5,58.1,1.89,1851.0,0,0
105309,CAEX-052,2026-05-05,A,noche,2,225.0,298.2,85.8,50.1,4.94,1607.0,1,0
105756,CAEX-018,2026-04-21,A,dia,1,232.0,281.9,94.4,48.2,5.71,1513.0,1,0
103788,CAEX-015,2026-03-29,B,noche,12,598.0,311.1,78.9,50.1,2.36,1676.0,1,0
102243,CAEX-007,2026-04-12,C,noche,2,492.0,359.4,,52.9,4.4,1625.0,1,1
101923,CAEX-011,2026-04-02,A,dia,8,663.0,272.7,96.9,57.9,5.06,1840.0,0,0
101715,CAEX-009,2026-07-12,A,noche,9,208.0,281.6,84.4,53.9,4.44,1569.0,0,0
105319,CAEX-060,2026-03-09,A,noche,8,54.0,302.0,87.2,56.5,6.57,1701.0,1,0
104129,CAEX-049,2026-03-19,B,dia,5,13.0,297.4,82.4,53.6,5.83,1540.0,1,0
102805,CAEX-044,2026-04-08,A,dia,6,153.0,320.2,90.9,51.4,4.2,1876.0,1,0
100947,CAEX-052,2026-08-07,A,noche,2,45.0,273.6,82.1,48.9,6.38,1726.0,2,0
103859,CAEX-019,2026-08-20,C,noche,5,186.0,350.1,87.6,61.2,6.99,1620.0,0,0
103154,CAEX-051,2026-07-24,A,noche,2,84.0,270.4,87.1,57.4,5.6,1588.0,0,0
101585,CAEX-035,2026-05-24,B,dia,7,250.0,369.8,81.8,48.3,3.47,1777.0,0,0
103994,CAEX-022,2026-07-20,A,noche,4,85.0,278.1,87.8,52.2,3.39,1369.0,2,1
105753,CAEX-021,2026-03-14,C,noche,14,261.0,365.8,85.6,46.1,5.84,1521.0,1,0
102624,CAEX-004,2026-07-13,B,dia,7,208.0,340.7,89.6,51.2,1.63,1824.0,0,0
105795,CAEX-058,2026-05-12,B,noche,3,11.0,318.7,87.9,45.9,1.98,1877.0,0,0
101226,CAEX-010,2026-06-12,B,noche,9,443.0,323.1,90.5,40.1,2.91,1474.0,0,0
100325,CAEX-017,2026-05-14,B,dia,9,272.0,310.0,94.8,43.6,4.32,1803.0,3,1
105153,CAEX-024,2026-08-18,C,dia,6,127.0,361.8,93.2,62.4,4.13,1558.0,1,0
100087,CAEX-027,2026-07-03,B,dia,1,281.0,307.6,90.3,68.7,2.0,1847.0,2,0
103224,CAEX-060,2026-05-19,A,noche,8,880.0,288.9,98.8,54.1,3.04,1380.0,0,1
100091,CAEX-018,2026-05-31,A,noche,1,277.0,259.3,92.2,46.8,4.04,1672.0,1,0
105073,CAEX-043,2026-05-01,B,noche,6,226.0,316.7,81.6,56.6,3.0,1881.0,1,0
103768,CAEX-023,2026-08-05,C,dia,4,429.0,381.2,91.5,47.4,2.21,1855.0,1,0
105367,CAEX-010,2026-08-24,B,dia,9,570.0,315.2,94.8,56.1,5.03,1833.0,1,0
103771,CAEX-023,2026-05-13,C,noche,4,232.0,394.8,92.0,45.2,4.98,1550.0,1,1
100481,CAEX-011,2026-03-13,A,dia,8,158.0,288.3,94.8,49.9,4.83,1671.0,0,0
100158,CAEX-020,2026-03-14,B,dia,7,564.0,334.2,84.5,55.8,4.04,1594.0,0,0
101791,CAEX-050,2026-04-09,A,noche,1,192.0,270.0,93.9,52.7,5.08,1683.0,0,0
104991,CAEX-037,2026-05-20,A,noche,2,613.0,277.5,95.1,56.6,3.78,1913.0,3,1
105844,CAEX-054,2026-07-05,B,noche,11,174.0,302.3,97.9,58.1,2.4,1764.0,1,0
104438,CAEX-036,2026-04-03,A,dia,10,310.0,296.0,96.1,,4.75,1697.0,2,1
105359,CAEX-049,2026-07-28,B,noche,5,177.0,300.9,,51.3,3.06,1474.0,0,0
104804,CAEX-025,2026-06-28,C,noche,14,294.0,408.3,88.2,59.3,4.74,1602.0,0,0
101045,CAEX-026,2026-06-02,A,dia,12,210.0,268.3,88.3,56.3,4.03,1654.0,2,0
105739,CAEX-041,2026-04-26,B,noche,14,257.0,339.8,96.6,50.0,5.7,1506.0,2,1
104205,CAEX-023,2026-07-12,C,dia,4,252.0,344.5,86.1,39.4,4.05,1688.0,0,0
105595,CAEX-030,2026-05-26,B,dia,1,289.0,279.9,93.9,50.9,6.56,1518.0,1,0
102077,CAEX-048,2026-06-09,A,noche,3,169.0,258.0,87.3,55.0,5.27,1469.0,0,0
103508,CAEX-057,2026-05-17,B,noche,11,450.0,308.1,100.9,57.3,4.59,1783.0,0,0
105342,CAEX-040,2026-03-15,B,noche,11,265.0,307.6,87.5,55.5,3.28,1566.0,0,0
103910,CAEX-059,2026-04-14,A,noche,13,277.0,260.1,,51.0,10.29,1804.0,1,1
104112,CAEX-056,2026-07-29,C,noche,7,196.0,331.5,93.1,56.4,6.61,1545.0,0,0
104047,CAEX-027,2026-05-01,B,dia,1,170.0,314.2,85.2,,3.99,1821.0,0,0
100914,CAEX-024,2026-05-26,C,dia,6,295.0,365.1,91.4,54.7,2.75,1741.0,1,0
101263,CAEX-057,2026-06-10,B,dia,11,42.0,330.9,84.6,49.1,2.83,1596.0,0,0
100770,CAEX-017,2026-06-08,B,dia,9,400.0,317.5,87.5,43.8,3.58,1507.0,0,0
100004,CAEX-042,2026-08-12,C,dia,10,610.0,333.8,93.2,58.7,2.88,1700.0,0,0
101489,CAEX-032,2026-04-21,C,dia,4,42.0,351.4,88.6,47.4,3.41,1770.0,0,0
101420,CAEX-043,2026-04-19,B,dia,6,250.0,299.3,88.3,45.8,3.48,1520.0,1,0
102378,CAEX-052,2026-04-22,A,noche,2,155.0,285.5,79.8,63.2,3.92,1349.0,1,0
102090,CAEX-059,2026-05-31,A,dia,13,108.0,322.7,83.5,52.9,4.43,1650.0,1,0
101005,CAEX-026,2026-04-11,A,dia,12,110.0,275.7,90.4,47.0,4.24,1754.0,0,0
105428,CAEX-036,2026-06-10,A,dia,10,117.0,299.1,89.3,71.1,4.65,1449.0,0,0
103286,CAEX-045,2026-05-01,C,dia,6,72.0,343.9,88.1,64.5,3.5,1547.0,0,0
100966,CAEX-029,2026-04-25,A,noche,12,675.0,267.4,85.6,50.4,3.52,1648.0,3,0
105887,CAEX-023,2026-04-19,C,dia,4,149.0,342.9,82.7,58.7,5.45,1704.0,1,0
103229,CAEX-040,2026-04-16,B,dia,11,164.0,328.1,85.7,53.7,4.18,1647.0,1,0
101114,CAEX-001,2026-05-03,C,dia,7,244.0,391.3,83.9,47.7,2.53,1660.0,2,0
103170,CAEX-047,2026-06-27,A,dia,5,165.0,297.8,82.3,48.6,6.9,2062.0,0,0
104720,CAEX-036,2026-05-20,A,noche,10,39.0,291.9,97.5,48.3,3.58,1597.0,0,0
104109,CAEX-046,2026-04-16,C,noche,12,183.0,302.0,88.4,58.5,6.43,1736.0,1,0
103238,CAEX-053,2026-03-31,C,dia,11,100.0,360.8,93.3,42.5,5.28,1774.0,2,0
101104,CAEX-049,2026-03-06,B,noche,5,527.0,322.3,93.3,52.7,3.85,1672.0,2,0
101413,CAEX-024,2026-06-06,C,noche,6,48.0,343.9,86.9,50.3,3.51,2077.0,0,0
105787,CAEX-044,2026-06-19,A,noche,6,570.0,284.1,91.1,41.9,2.73,1762.0,0,0
103173,CAEX-007,2026-03-07,C,dia,2,76.0,366.7,83.6,56.1,3.64,2004.0,0,0
100922,CAEX-029,2026-08-03,A,noche,12,789.0,279.6,98.0,49.8,3.44,1829.0,1,0
101553,CAEX-042,2026-04-20,C,dia,10,348.0,339.9,92.0,52.4,6.45,1544.0,0,0
103333,CAEX-008,2026-05-25,C,noche,11,66.0,377.7,79.5,56.2,3.53,1293.0,1,0
102949,CAEX-031,2026-03-18,B,dia,12,111.0,305.9,91.5,56.7,3.71,1814.0,1,0
103766,CAEX-044,2026-04-27,A,noche,6,736.0,277.7,89.1,43.2,5.32,1654.0,3,0
105901,CAEX-054,2026-05-12,B,noche,11,229.0,321.7,93.4,51.6,8.48,1773.0,1,0
100961,CAEX-053,2026-04-02,C,dia,11,133.0,323.3,89.7,68.8,2.81,1440.0,1,0
104307,CAEX-033,2026-08-10,A,dia,13,598.0,294.6,100.5,44.2,3.1,1761.0,2,1
105477,CAEX-050,2026-05-01,A,noche,1,144.0,291.0,,50.9,6.33,1829.0,1,0
101040,CAEX-027,2026-04-10,B,dia,1,658.0,338.1,91.3,55.0,4.32,1622.0,1,0
104986,CAEX-005,2026-04-28,A,noche,12,243.0,290.7,89.2,53.0,7.36,1486.0,1,0
102850,CAEX-054,2026-03-21,B,noche,11,561.0,285.1,97.5,48.5,3.51,1563.0,1,1
104107,CAEX-043,2026-07-13,B,noche,6,117.0,307.3,86.5,53.6,6.29,2126.0,1,1
102327,CAEX-028,2026-05-22,A,dia,4,228.0,255.8,92.4,54.9,4.28,2016.0,1,0
103918,CAEX-009,2026-03-29,A,noche,9,384.0,290.2,101.2,58.9,3.98,1749.0,0,1
100394,CAEX-003,2026-06-22,C,noche,10,133.0,376.4,83.3,46.8,2.75,1817.0,0,0
103730,CAEX-055,2026-04-11,B,noche,10,240.0,314.1,88.7,56.1,4.53,1667.0,1,0
102731,CAEX-007,2026-04-12,C,dia,2,431.0,350.1,89.8,42.4,3.64,1760.0,1,0
102752,CAEX-041,2026-03-28,B,dia,14,196.0,319.3,84.5,58.6,4.22,1791.0,0,0
100552,CAEX-026,2026-04-29,A,dia,12,196.0,282.3,92.9,46.5,3.33,1273.0,0,0
103308,CAEX-058,2026-04-21,B,noche,3,169.0,341.9,98.6,52.8,3.34,1736.0,0,0
101626,CAEX-003,2026-07-05,C,noche,10,306.0,351.7,76.6,65.1,3.78,1634.0,0,0
102166,CAEX-016,2026-08-27,A,noche,5,546.0,252.3,88.9,57.9,3.16,1509.0,3,0
104512,CAEX-004,2026-03-13,B,noche,7,370.0,337.2,90.1,48.5,7.46,1482.0,1,1
105220,CAEX-053,2026-03-10,C,dia,11,259.0,325.4,80.8,44.1,4.34,1370.0,1,0
104101,CAEX-029,2026-07-07,A,dia,12,95.0,273.6,82.1,60.8,7.39,1780.0,1,0
103355,CAEX-006,2026-03-16,C,dia,8,453.0,342.6,91.4,50.6,6.46,1484.0,1,0
102709,CAEX-009,2026-06-10,A,noche,9,177.0,287.2,78.2,54.7,5.48,1678.0,1,0
104146,CAEX-024,2026-03-23,C,dia,6,254.0,338.1,88.9,48.3,3.35,1545.0,1,0
103002,CAEX-012,2026-04-12,C,dia,8,144.0,313.1,85.6,52.9,3.27,1552.0,1,0
104199,CAEX-010,2026-04-26,B,dia,9,61.0,336.3,89.3,58.4,1.89,1588.0,0,0
100704,CAEX-010,2026-04-03,B,noche,9,106.0,326.6,84.4,56.0,4.82,1774.0,1,0
100824,CAEX-054,2026-06-11,B,dia,11,189.0,333.0,90.6,53.8,4.9,1635.0,0,0
102451,CAEX-057,2026-05-20,B,noche,11,296.0,287.1,89.3,53.5,4.88,1744.0,0,0
105511,CAEX-023,2026-03-19,C,dia,4,482.0,347.5,87.4,44.5,3.77,1521.0,1,0
101900,CAEX-008,2026-07-26,C,noche,11,483.0,366.5,96.8,52.7,3.74,1729.0,2,1
103351,CAEX-023,2026-06-30,C,dia,4,409.0,350.6,96.7,49.7,,1642.0,2,0
102568,CAEX-049,2026-03-30,B,noche,5,120.0,291.5,82.1,56.6,7.99,1598.0,0,0
103602,CAEX-014,2026-04-10,C,noche,8,552.0,360.6,85.9,42.9,4.18,1817.0,0,0
100902,CAEX-060,2026-08-07,A,noche,8,333.0,270.4,85.2,50.7,4.08,1619.0,2,0
103471,CAEX-008,2026-04-23,C,noche,11,331.0,368.9,87.1,52.5,6.3,1455.0,0,0
101336,CAEX-056,2026-04-20,C,noche,7,122.0,343.1,92.5,44.9,4.13,1851.0,0,0
101562,CAEX-045,2026-05-06,C,noche,6,210.0,333.1,87.1,63.4,2.39,1804.0,1,0
104301,CAEX-029,2026-04-19,A,noche,12,291.0,291.0,83.1,47.7,6.35,1418.0,3,0
103216,CAEX-048,2026-05-26,A,noche,3,198.0,285.7,92.9,55.4,4.36,1696.0,0,0
100195,CAEX-054,2026-03-27,B,dia,11,420.0,312.9,99.5,44.2,5.1,1783.0,0,0
103394,CAEX-020,2026-04-27,B,noche,7,268.0,329.3,85.0,57.0,2.23,1569.0,2,0
103372,CAEX-032,2026-03-14,C,dia,4,143.0,338.7,93.7,64.1,4.3,1683.0,0,0
101407,CAEX-050,2026-07-27,A,noche,1,630.0,269.1,90.0,54.2,4.33,1672.0,1,0
103522,CAEX-014,2026-04-06,C,noche,8,276.0,392.9,94.9,56.6,2.89,1613.0,0,0
100660,CAEX-055,2026-08-01,B,noche,10,45.0,309.6,92.4,58.5,3.77,1524.0,1,0
102317,CAEX-049,2026-08-23,B,noche,5,202.0,328.8,88.2,66.3,2.88,1481.0,1,0
105833,CAEX-040,2026-06-20,B,noche,11,62.0,251.5,89.8,,3.92,1667.0,0,0
102424,CAEX-034,2026-07-07,A,noche,5,125.0,281.7,78.4,71.4,5.03,1562.0,0,0
100995,CAEX-001,2026-03-21,C,dia,7,74.0,390.4,94.1,58.2,4.51,1506.0,1,1
102288,CAEX-041,2026-07-18,B,dia,14,200.0,300.9,88.5,46.9,5.59,1369.0,0,0
103024,CAEX-009,2026-08-14,A,noche,9,46.0,293.6,90.2,56.8,3.52,1640.0,0,0
104955,CAEX-044,2026-08-04,A,noche,6,249.0,279.8,96.5,50.0,2.85,1841.0,0,0
105499,CAEX-037,2026-03-14,A,noche,2,293.0,289.4,89.1,54.4,2.73,1778.0,1,0
105362,CAEX-010,2026-07-23,B,dia,9,374.0,324.6,93.0,49.4,3.86,1437.0,1,0
101127,CAEX-016,2026-06-06,A,noche,5,111.0,302.6,90.7,56.3,3.58,1607.0,0,0
105006,CAEX-040,2026-06-14,B,noche,11,279.0,295.1,94.8,64.8,3.71,1673.0,1,0
104132,CAEX-052,2026-03-01,A,noche,2,167.0,278.7,88.5,49.5,2.24,1527.0,0,0
102012,CAEX-025,2026-04-28,C,dia,14,116.0,378.0,88.4,58.3,5.82,1924.0,0,1
100219,CAEX-017,2026-06-11,B,noche,9,575.0,345.5,86.1,50.8,3.41,1474.0,1,1
102915,CAEX-055,2026-04-07,B,dia,10,364.0,341.1,91.1,50.3,4.55,1518.0,1,0
101414,CAEX-002,2026-06-25,B,noche,10,121.0,288.4,91.4,60.3,2.64,1725.0,0,0
104815,CAEX-039,2026-04-25,A,dia,8,234.0,292.1,85.6,63.2,1.71,1613.0,0,0
100772,CAEX-019,2026-05-17,C,dia,5,106.0,363.5,90.5,52.1,3.12,1449.0,1,0
105701,CAEX-010,2026-04-11,B,noche,9,425.0,314.0,87.7,63.1,3.46,1627.0,1,0
100014,CAEX-022,2026-03-16,A,dia,4,235.0,280.4,83.2,48.0,4.16,1628.0,0,0
103742,CAEX-037,2026-03-29,A,dia,2,265.0,281.4,84.3,59.2,6.43,1560.0,0,0
104648,CAEX-033,2026-04-03,A,dia,13,334.0,274.3,92.2,50.4,4.13,1554.0,1,0
101161,CAEX-033,2026-08-06,A,dia,13,254.0,277.8,88.2,53.0,4.11,1485.0,0,0
104857,CAEX-055,2026-05-19,B,noche,10,47.0,282.1,85.8,53.3,2.55,1441.0,1,0
105239,CAEX-034,2026-06-20,A,dia,5,140.0,302.2,85.0,54.4,5.88,1938.0,0,0
102329,CAEX-025,2026-03-03,C,noche,14,252.0,364.6,103.0,56.9,3.0,1794.0,0,1
100134,CAEX-017,2026-03-13,B,dia,9,94.0,322.1,85.3,51.0,5.51,1945.0,1,0
102518,CAEX-026,2026-06-02,A,dia,12,254.0,292.0,79.3,41.1,3.78,1580.0,0,0
105443,CAEX-013,2026-07-19,B,dia,2,115.0,327.7,86.9,64.5,6.47,1633.0,0,0
100828,CAEX-031,2026-06-25,B,noche,12,93.0,311.3,84.3,50.9,3.54,1798.0,0,0
102237,CAEX-038,2026-06-05,B,noche,8,171.0,334.5,88.0,,5.21,1633.0,0,0
103738,CAEX-051,2026-05-04,A,dia,2,157.0,256.4,80.7,52.0,4.41,1747.0,1,0
103837,CAEX-017,2026-07-30,B,dia,9,336.0,342.9,93.9,46.4,3.54,1803.0,1,1
102992,CAEX-057,2026-07-17,B,dia,11,55.0,315.6,81.9,44.5,2.71,1620.0,0,0
102272,CAEX-054,2026-08-05,B,dia,11,584.0,341.0,89.6,43.7,4.35,1427.0,0,0
103436,CAEX-027,2026-06-16,B,dia,1,98.0,343.6,85.7,46.9,3.01,1650.0,1,0
101760,CAEX-013,2026-03-26,B,noche,2,191.0,317.4,80.3,50.9,4.07,1757.0,1,0
101299,CAEX-014,2026-07-21,C,dia,8,375.0,368.7,93.7,50.7,,1600.0,0,0
102556,CAEX-009,2026-06-14,A,noche,9,412.0,277.7,91.9,63.9,7.46,1404.0,0,0
102749,CAEX-012,2026-06-28,C,noche,8,83.0,315.8,82.0,47.3,5.28,1615.0,1,0
105609,CAEX-033,2026-06-04,A,dia,13,456.0,273.3,90.1,49.9,4.06,1734.0,3,0
105469,CAEX-059,2026-05-21,A,noche,13,204.0,281.7,100.9,54.2,5.63,1560.0,0,0
102296,CAEX-026,2026-08-04,A,noche,12,177.0,263.9,85.9,49.4,5.25,1766.0,1,0
104052,CAEX-056,2026-08-14,C,noche,7,165.0,378.8,82.6,58.5,,1629.0,2,0
103290,CAEX-052,2026-08-11,A,noche,2,87.0,291.5,84.6,53.3,4.04,1724.0,1,0
104912,CAEX-023,2026-04-22,C,noche,4,145.0,344.0,80.5,56.6,3.17,1711.0,3,0
101095,CAEX-046,2026-03-14,C,noche,12,339.0,386.5,87.7,42.3,4.85,1566.0,0,0
104305,CAEX-029,2026-03-20,A,dia,12,436.0,330.4,88.6,60.6,4.51,1397.0,3,0
105743,CAEX-040,2026-03-15,B,noche,11,277.0,329.2,90.3,47.5,3.15,1609.0,2,0
105985,CAEX-015,2026-03-22,B,noche,12,153.0,314.5,92.6,60.3,4.47,1608.0,0,0
100623,CAEX-031,2026-06-03,B,dia,12,196.0,319.4,88.7,41.2,6.21,1268.0,0,0
103371,CAEX-027,2026-07-20,B,noche,1,638.0,319.3,92.4,49.8,4.23,1800.0,0,0
103278,CAEX-002,2026-06-17,B,noche,10,66.0,317.4,82.7,58.6,4.26,1592.0,0,0
104540,CAEX-010,2026-07-26,B,dia,9,361.0,278.3,95.8,44.7,4.46,1692.0,1,0
103336,CAEX-059,2026-08-26,A,dia,13,216.0,265.2,84.7,53.4,1.92,1410.0,2,0
100805,CAEX-036,2026-08-20,A,dia,10,235.0,299.1,89.0,65.3,3.63,1533.0,1,0
101031,CAEX-038,2026-07-18,B,dia,8,172.0,329.6,84.9,49.3,3.4,1675.0,1,0
100588,CAEX-029,2026-06-09,A,noche,12,327.0,263.8,85.7,47.2,3.14,1432.0,0,0
104696,CAEX-040,2026-04-06,B,noche,11,480.0,332.9,92.9,64.7,3.06,1497.0,0,0
102264,CAEX-013,2026-03-03,B,dia,2,387.0,308.4,88.2,57.0,6.09,1526.0,1,0
104415,CAEX-038,2026-06-25,B,dia,8,42.0,306.0,96.4,56.3,4.5,1709.0,0,0
102524,CAEX-051,2026-03-13,A,dia,2,510.0,306.4,81.2,53.6,3.83,1609.0,1,0
105405,CAEX-028,2026-04-30,A,dia,4,463.0,308.7,91.2,53.7,6.92,1591.0,1,0
100594,CAEX-044,2026-06-07,A,dia,6,226.0,283.9,85.5,49.1,5.13,1453.0,0,0
105982,CAEX-014,2026-04-04,C,dia,8,38.0,353.6,76.1,55.1,4.22,2015.0,0,1
104245,CAEX-019,2026-03-26,C,noche,5,139.0,348.2,81.9,56.0,5.42,1639.0,1,0
102085,CAEX-007,2026-03-10,C,noche,2,129.0,349.8,87.7,56.6,2.96,1600.0,0,0
102068,CAEX-011,2026-05-09,A,noche,8,111.0,296.3,94.3,50.5,2.91,1647.0,0,0
104088,CAEX-056,2026-05-25,C,noche,7,227.0,348.8,96.0,50.0,5.03,1652.0,0,0
101908,CAEX-040,2026-08-14,B,dia,11,111.0,334.2,82.6,46.7,2.81,1997.0,0,0
105017,CAEX-057,2026-04-02,B,noche,11,125.0,308.3,82.3,,3.33,1617.0,2,0
100757,CAEX-010,2026-05-26,B,noche,9,472.0,335.4,103.2,52.6,5.63,1626.0,0,1
105198,CAEX-016,2026-07-17,A,dia,5,197.0,266.5,96.4,58.2,3.34,1553.0,0,0
100758,CAEX-009,2026-04-25,A,noche,9,402.0,270.6,92.3,45.2,4.82,1594.0,1,0
103145,CAEX-027,2026-05-13,B,noche,1,383.0,336.4,99.7,58.5,4.58,1680.0,2,1
100600,CAEX-052,2026-04-18,A,dia,2,186.0,279.5,86.8,57.4,2.7,1627.0,0,0
101385,CAEX-034,2026-04-20,A,noche,5,294.0,275.1,79.4,44.7,4.13,1935.0,1,0
100444,CAEX-026,2026-08-16,A,noche,12,35.0,261.4,83.3,46.3,2.93,1581.0,0,0
104403,CAEX-010,2026-06-23,B,noche,9,323.0,326.7,96.6,57.0,5.7,1592.0,2,1
100359,CAEX-033,2026-04-28,A,dia,13,392.0,299.6,95.6,,3.46,1520.0,2,1
105298,CAEX-043,2026-08-12,B,noche,6,109.0,327.6,76.7,64.0,2.62,2017.0,0,0
103848,CAEX-027,2026-07-09,B,dia,1,597.0,331.6,87.7,52.4,3.52,1895.0,0,0
102458,CAEX-045,2026-08-01,C,dia,6,118.0,344.6,81.9,56.4,4.19,1682.0,0,0
100999,CAEX-016,2026-05-09,A,dia,5,41.0,280.8,77.2,58.4,4.84,1759.0,1,0
105537,CAEX-012,2026-05-20,C,noche,8,353.0,352.8,90.5,54.1,3.34,1729.0,0,0
105259,CAEX-026,2026-08-23,A,noche,12,318.0,288.9,,47.7,3.48,1510.0,4,0
102257,CAEX-039,2026-04-04,A,noche,8,19.0,258.8,88.2,44.8,3.26,1652.0,0,0
101915,CAEX-010,2026-05-01,B,dia,9,69.0,305.2,90.1,55.7,5.43,1676.0,0,0
103017,CAEX-014,2026-08-12,C,noche,8,662.0,341.0,97.3,50.0,3.41,1657.0,1,0
103781,CAEX-057,2026-03-20,B,noche,11,46.0,308.7,89.6,63.7,4.66,1612.0,0,0
103670,CAEX-014,2026-05-25,C,noche,8,238.0,334.5,82.8,46.9,4.11,1428.0,1,0
100662,CAEX-040,2026-08-02,B,dia,11,141.0,325.6,83.1,54.4,4.28,1763.0,0,0
102974,CAEX-048,2026-07-26,A,noche,3,151.0,254.1,70.9,52.7,3.7,1560.0,0,0
105447,CAEX-026,2026-05-31,A,dia,12,325.0,281.4,94.8,52.2,4.16,1845.0,1,1
103287,CAEX-033,2026-06-23,A,noche,13,181.0,291.5,87.0,52.6,2.52,1219.0,0,0
100192,CAEX-040,2026-03-15,B,noche,11,200.0,325.3,94.7,61.8,3.18,1500.0,1,0
100894,CAEX-032,2026-04-11,C,dia,4,387.0,371.9,93.7,,3.29,1848.0,0,0
105236,CAEX-014,2026-07-30,C,dia,8,184.0,338.9,90.2,57.2,4.81,1416.0,0,0
103836,CAEX-009,2026-06-26,A,noche,9,120.0,277.4,86.5,47.3,2.06,1437.0,0,0
102777,CAEX-006,2026-06-25,C,dia,8,123.0,390.7,89.3,52.0,2.27,1549.0,2,0
100322,CAEX-040,2026-08-22,B,noche,11,27.0,331.3,91.2,60.2,4.02,1644.0,0,0
101056,CAEX-021,2026-03-29,C,noche,14,124.0,341.5,86.8,53.2,3.76,1710.0,0,0
100198,CAEX-045,2026-03-26,C,noche,6,62.0,352.2,83.6,50.7,,1409.0,0,0
105644,CAEX-009,2026-03-19,A,noche,9,136.0,291.4,92.5,54.1,4.28,1886.0,0,0
103949,CAEX-033,2026-04-07,A,dia,13,370.0,279.8,91.9,45.7,3.76,1857.0,0,0
104712,CAEX-035,2026-04-18,B,dia,7,359.0,337.7,93.8,57.9,5.8,1240.0,1,1
102403,CAEX-018,2026-04-16,A,dia,1,202.0,304.8,96.3,62.6,3.62,1867.0,0,0
100257,CAEX-035,2026-07-26,B,dia,7,369.0,334.1,86.5,50.8,3.44,2024.0,2,0
103561,CAEX-014,2026-05-02,C,noche,8,385.0,358.9,90.8,59.2,4.64,1626.0,0,0
105292,CAEX-028,2026-08-19,A,dia,4,110.0,289.6,88.7,46.6,3.43,1456.0,0,0
104422,CAEX-057,2026-06-08,B,noche,11,736.0,361.0,92.0,47.6,7.27,1619.0,0,1
102935,CAEX-022,2026-06-02,A,noche,4,54.0,277.7,80.8,51.2,3.21,1727.0,0,0
105422,CAEX-060,2026-05-14,A,dia,8,758.0,287.7,95.1,44.3,2.78,1638.0,1,1
102428,CAEX-016,2026-05-03,A,dia,5,96.0,319.8,93.1,59.0,3.74,1392.0,1,0
101992,CAEX-045,2026-08-14,C,noche,6,198.0,378.2,96.7,65.3,4.8,1450.0,2,0
100247,CAEX-052,2026-08-23,A,noche,2,298.0,300.1,83.4,47.0,3.93,1333.0,0,0
101214,CAEX-045,2026-04-23,C,dia,6,233.0,362.8,86.5,54.4,2.23,1848.0,0,0
103345,CAEX-018,2026-05-26,A,noche,1,116.0,296.0,87.9,67.1,3.47,1776.0,1,0
101925,CAEX-053,2026-04-02,C,noche,11,165.0,347.9,94.2,46.2,5.54,1683.0,1,0
102984,CAEX-019,2026-07-21,C,noche,5,396.0,356.1,97.0,49.6,3.57,1882.0,3,1
101038,CAEX-044,2026-04-05,A,dia,6,362.0,272.1,95.1,51.9,5.5,1637.0,2,0
100472,CAEX-040,2026-07-31,B,dia,11,153.0,304.7,91.1,54.2,4.15,1718.0,0,0
104145,CAEX-059,2026-05-30,A,dia,13,627.0,257.6,90.8,54.3,5.38,1591.0,5,0
100760,CAEX-031,2026-08-22,B,noche,12,336.0,304.2,89.7,44.8,3.19,1569.0,0,0
104657,CAEX-009,2026-05-22,A,dia,9,249.0,277.0,85.2,46.7,3.31,1603.0,1,0
101043,CAEX-058,2026-05-11,B,dia,3,404.0,290.8,104.8,60.1,4.03,1362.0,2,1
105286,CAEX-034,2026-07-01,A,dia,5,101.0,284.6,93.7,59.6,7.0,1745.0,0,0
104229,CAEX-016,2026-05-06,A,noche,5,64.0,276.6,82.1,53.9,2.68,1700.0,0,0
104904,CAEX-027,2026-06-07,B,dia,1,232.0,307.1,87.5,50.6,2.4,1546.0,0,0
100852,CAEX-011,2026-07-14,A,dia,8,254.0,288.9,91.9,56.2,4.63,1906.0,1,0
102254,CAEX-019,2026-07-01,C,noche,5,183.0,338.5,90.8,47.3,6.6,1491.0,0,0
105767,CAEX-016,2026-05-25,A,noche,5,145.0,272.7,83.2,45.5,4.9,1596.0,0,0
102821,CAEX-047,2026-05-20,A,dia,5,142.0,277.4,87.0,50.2,3.28,1675.0,1,0
102741,CAEX-020,2026-07-10,B,noche,7,34.0,295.3,90.0,54.3,2.8,1484.0,0,0
101365,CAEX-014,2026-05-12,C,noche,8,164.0,324.6,79.1,60.1,3.1,1678.0,0,0
102782,CAEX-026,2026-05-22,A,noche,12,245.0,259.0,93.7,50.0,5.12,1816.0,0,0
102968,CAEX-051,2026-05-05,A,dia,2,128.0,258.5,93.0,58.8,4.39,1335.0,2,0
100892,CAEX-013,2026-07-22,B,dia,2,170.0,327.6,103.9,53.4,3.18,1041.0,1,1
100274,CAEX-002,2026-06-30,B,dia,10,91.0,326.4,,53.5,5.16,1726.0,0,0
105013,CAEX-030,2026-07-01,B,noche,1,250.0,327.6,99.3,66.0,,1563.0,0,0
101716,CAEX-052,2026-03-17,A,noche,2,179.0,289.4,92.7,50.0,3.71,1908.0,0,0
105138,CAEX-007,2026-03-24,C,noche,2,197.0,363.6,82.1,63.2,3.38,1688.0,1,0
103000,CAEX-011,2026-08-07,A,dia,8,94.0,268.5,89.2,56.4,3.85,1682.0,1,0
105494,CAEX-039,2026-08-05,A,noche,8,147.0,265.9,82.7,47.2,3.56,1424.0,0,0
101415,CAEX-043,2026-05-28,B,noche,6,155.0,299.2,75.9,58.8,3.16,1623.0,0,0
100100,CAEX-005,2026-05-07,A,dia,12,113.0,304.8,84.7,66.9,3.83,1450.0,0,0
102901,CAEX-027,2026-08-13,B,dia,1,107.0,386.0,76.9,56.6,3.99,1588.0,0,0
104284,CAEX-040,2026-08-12,B,dia,11,595.0,308.1,93.9,58.4,4.15,1646.0,1,1
104472,CAEX-060,2026-03-27,A,dia,8,484.0,288.4,91.2,58.2,4.03,1360.0,1,0
100336,CAEX-007,2026-04-25,C,dia,2,179.0,332.8,83.8,59.1,5.45,1483.0,0,0
104388,CAEX-043,2026-05-08,B,noche,6,768.0,340.8,93.4,49.0,7.12,1497.0,0,1
101122,CAEX-025,2026-04-23,C,noche,14,571.0,349.8,86.7,50.8,3.7,1873.0,1,1
102583,CAEX-022,2026-07-18,A,noche,4,220.0,314.5,94.3,48.4,2.95,1500.0,0,0
100041,CAEX-008,2026-04-20,C,noche,11,176.0,349.9,87.1,42.9,4.4,1602.0,3,1
103199,CAEX-052,2026-07-18,A,dia,2,178.0,307.6,80.7,51.6,4.51,1646.0,0,0
103398,CAEX-052,2026-03-25,A,noche,2,22.0,308.8,86.2,57.5,3.43,1319.0,0,0
102652,CAEX-048,2026-07-18,A,noche,3,211.0,279.8,88.5,52.7,3.26,1692.0,0,0
104874,CAEX-055,2026-04-25,B,noche,10,281.0,336.2,98.8,47.3,4.3,1512.0,1,0
105607,CAEX-039,2026-06-05,A,dia,8,74.0,274.2,87.5,49.6,8.59,1701.0,2,1
103306,CAEX-002,2026-07-19,B,noche,10,927.0,296.4,101.8,49.6,4.09,1588.0,1,1
105130,CAEX-028,2026-04-21,A,dia,4,364.0,274.7,90.2,57.2,4.97,1587.0,2,0
100920,CAEX-027,2026-08-01,B,dia,1,79.0,333.1,88.0,60.1,5.17,1880.0,0,0
103987,CAEX-028,2026-05-04,A,noche,4,408.0,246.6,86.7,42.9,4.19,1727.0,3,0
104755,CAEX-023,2026-05-23,C,dia,4,202.0,381.3,86.6,56.1,5.93,1449.0,2,0
102162,CAEX-024,2026-08-21,C,noche,6,456.0,354.4,97.0,48.0,5.47,1780.0,0,0
100956,CAEX-004,2026-05-26,B,noche,7,133.0,298.3,75.4,60.5,7.79,1609.0,0,0
101885,CAEX-036,2026-07-17,A,dia,10,305.0,283.5,93.3,53.9,5.58,1520.0,1,0
105142,CAEX-051,2026-05-15,A,dia,2,674.0,269.6,102.0,53.2,6.49,1260.0,1,1
102926,CAEX-019,2026-03-01,C,dia,5,76.0,378.6,86.1,54.3,3.63,1553.0,1,0
101278,CAEX-028,2026-07-06,A,noche,4,285.0,281.4,94.5,51.2,4.49,1638.0,1,0
100307,CAEX-021,2026-07-20,C,dia,14,111.0,354.5,85.0,50.7,6.53,1483.0,0,0
101549,CAEX-027,2026-04-09,B,dia,1,151.0,330.8,99.0,50.9,3.52,1547.0,1,0
101737,CAEX-017,2026-06-29,B,dia,9,158.0,310.2,81.8,55.1,6.06,1462.0,1,0
101250,CAEX-048,2026-08-01,A,noche,3,94.0,284.4,86.3,58.1,4.53,1361.0,1,0
105594,CAEX-002,2026-04-16,B,dia,10,107.0,299.8,90.4,54.6,4.19,1674.0,0,0
102540,CAEX-010,2026-07-12,B,noche,9,131.0,335.9,81.1,56.0,3.53,1471.0,1,0
101968,CAEX-057,2026-04-01,B,noche,11,49.0,291.4,80.1,48.9,4.85,1361.0,1,0
105711,CAEX-045,2026-05-24,C,dia,6,251.0,367.5,84.5,48.3,2.29,1690.0,0,0
105603,CAEX-054,2026-07-31,B,dia,11,62.0,321.8,90.8,40.6,5.23,1420.0,0,0
101732,CAEX-054,2026-06-15,B,dia,11,60.0,302.6,86.4,54.1,8.26,1586.0,1,1
100554,CAEX-047,2026-07-03,A,dia,5,233.0,332.1,85.9,53.0,3.95,1307.0,0,0
103212,CAEX-032,2026-06-29,C,noche,4,249.0,354.1,86.6,45.3,5.67,1713.0,0,0
102658,CAEX-054,2026-03-01,B,dia,11,325.0,311.4,92.3,61.0,1.87,1283.0,0,0
104906,CAEX-021,2026-06-16,C,dia,14,127.0,340.9,89.3,47.2,3.0,1953.0,0,0
102994,CAEX-021,2026-05-31,C,dia,14,111.0,336.8,85.4,61.3,6.84,1646.0,0,0
101254,CAEX-034,2026-07-10,A,noche,5,100.0,283.4,87.4,51.2,4.23,1861.0,0,0
101042,CAEX-034,2026-06-27,A,noche,5,523.0,253.8,89.1,45.7,3.9,1702.0,1,0
101698,CAEX-054,2026-05-29,B,dia,11,260.0,355.9,103.3,55.3,1.93,1602.0,3,1
100189,CAEX-002,2026-03-05,B,noche,10,212.0,292.9,83.2,50.5,4.5,1499.0,0,0
102439,CAEX-040,2026-03-03,B,dia,11,289.0,329.8,74.5,51.7,4.95,1699.0,1,0
103947,CAEX-003,2026-05-18,C,noche,10,52.0,380.3,92.3,49.3,3.68,1925.0,0,0
105400,CAEX-024,2026-05-23,C,noche,6,29.0,370.6,79.2,57.6,5.32,1791.0,0,0
103858,CAEX-037,2026-06-17,A,dia,2,145.0,250.1,97.5,53.0,3.43,1766.0,1,0
105411,CAEX-005,2026-03-19,A,dia,12,332.0,304.9,87.1,45.8,4.92,1696.0,1,0
101519,CAEX-022,2026-03-14,A,dia,4,181.0,309.2,89.4,59.8,3.25,1413.0,1,0
103843,CAEX-033,2026-06-19,A,noche,13,133.0,289.2,91.9,,4.97,1872.0,0,0
100686,CAEX-042,2026-08-25,C,dia,10,57.0,340.5,83.8,62.5,3.7,1175.0,0,1
105212,CAEX-010,2026-04-22,B,dia,9,399.0,330.6,96.2,63.5,7.0,1357.0,1,0
104808,CAEX-056,2026-04-28,C,noche,7,83.0,378.0,86.6,47.1,2.67,1561.0,1,0
100790,CAEX-003,2026-07-04,C,noche,10,143.0,329.4,88.9,52.8,6.19,1585.0,0,0
103778,CAEX-045,2026-07-25,C,noche,6,85.0,328.3,89.4,50.4,2.8,1350.0,1,0
104261,CAEX-020,2026-05-29,B,noche,7,236.0,328.5,96.5,46.0,5.13,1850.0,0,0
101013,CAEX-011,2026-06-11,A,noche,8,72.0,279.8,84.2,50.3,4.32,1604.0,0,0
105175,CAEX-048,2026-08-25,A,dia,3,143.0,281.9,87.2,45.0,6.61,1656.0,0,0
101883,CAEX-009,2026-04-02,A,noche,9,225.0,279.3,81.0,43.6,3.25,1406.0,1,0
103683,CAEX-015,2026-08-03,B,dia,12,41.0,285.0,92.9,52.6,5.8,1653.0,0,0
101786,CAEX-045,2026-06-13,C,dia,6,91.0,395.3,86.0,66.1,5.73,1836.0,1,0
103691,CAEX-003,2026-06-25,C,dia,10,55.0,355.9,91.6,56.8,3.78,1735.0,0,0
102506,CAEX-029,2026-06-11,A,noche,12,334.0,267.0,86.3,50.8,3.79,1919.0,0,0
104268,CAEX-012,2026-03-19,C,noche,8,173.0,390.8,88.4,55.7,5.67,1745.0,0,1
105636,CAEX-004,2026-06-21,B,noche,7,108.0,296.5,84.8,45.5,2.96,1811.0,1,0
102380,CAEX-036,2026-07-05,A,noche,10,52.0,281.0,87.0,56.8,2.64,1653.0,2,0
101588,CAEX-029,2026-05-23,A,noche,12,168.0,286.6,90.8,51.4,6.15,1057.0,1,1
105640,CAEX-035,2026-03-25,B,dia,7,319.0,287.9,87.8,50.3,4.61,1453.0,1,0
101614,CAEX-017,2026-04-25,B,noche,9,141.0,290.9,75.6,47.8,3.96,1527.0,0,0
101988,CAEX-051,2026-04-25,A,dia,2,111.0,289.5,77.1,58.1,4.36,1537.0,0,0
104987,CAEX-044,2026-08-19,A,dia,6,148.0,294.1,87.9,50.0,4.34,1503.0,0,0
102061,CAEX-014,2026-07-05,C,noche,8,332.0,347.7,90.3,47.4,3.54,1722.0,1,0
102843,CAEX-024,2026-07-19,C,noche,6,250.0,385.4,96.7,57.1,5.17,1607.0,1,0
102419,CAEX-059,2026-04-23,A,dia,13,414.0,283.4,85.4,53.9,4.19,1566.0,1,0
104361,CAEX-036,2026-05-25,A,noche,10,179.0,269.7,84.6,51.9,3.91,1867.0,2,0
100317,CAEX-008,2026-06-19,C,dia,11,317.0,345.7,90.1,42.2,2.29,1562.0,3,1
103817,CAEX-002,2026-08-27,B,dia,10,66.0,313.5,95.9,69.2,6.2,1616.0,1,0
101356,CAEX-002,2026-04-30,B,dia,10,102.0,353.9,87.1,69.4,3.22,1730.0,0,0
102611,CAEX-057,2026-06-07,B,noche,11,137.0,314.7,100.7,53.8,3.27,1791.0,1,0
103845,CAEX-028,2026-03-14,A,dia,4,201.0,266.8,95.3,60.1,5.45,1835.0,1,0
104246,CAEX-053,2026-08-21,C,noche,11,193.0,340.2,89.3,58.0,2.54,1573.0,0,0
104757,CAEX-058,2026-08-16,B,noche,3,283.0,320.9,77.4,,5.42,1991.0,1,0
101178,CAEX-009,2026-04-20,A,dia,9,295.0,251.2,81.8,56.0,5.9,1620.0,0,0
101631,CAEX-015,2026-05-31,B,noche,12,18.0,300.1,92.3,60.1,3.57,1656.0,2,0
102498,CAEX-053,2026-06-01,C,dia,11,263.0,378.3,93.5,41.4,5.84,1679.0,0,1
105815,CAEX-008,2026-08-16,C,dia,11,152.0,383.4,98.7,59.4,4.75,1540.0,0,1
105307,CAEX-013,2026-04-25,B,noche,2,283.0,339.5,88.2,43.2,5.51,1555.0,0,1
104116,CAEX-060,2026-05-27,A,dia,8,522.0,299.8,88.3,54.4,5.43,1879.0,2,0
100331,CAEX-060,2026-04-19,A,noche,8,429.0,297.7,98.6,52.4,3.36,1571.0,3,1
104260,CAEX-019,2026-03-23,C,noche,5,74.0,367.5,84.6,51.7,2.92,1723.0,2,0
101674,CAEX-010,2026-06-05,B,dia,9,95.0,261.7,98.1,47.3,4.83,1574.0,0,0
103053,CAEX-041,2026-06-13,B,dia,14,71.0,287.9,89.2,68.0,2.96,1642.0,0,0
102141,CAEX-006,2026-06-28,C,noche,8,218.0,379.3,87.0,50.3,2.84,1476.0,1,0
105483,CAEX-052,2026-08-07,A,noche,2,479.0,266.2,90.8,53.4,5.69,1490.0,1,0
101499,CAEX-056,2026-05-18,C,noche,7,432.0,362.7,97.0,48.0,5.3,1530.0,2,0
100033,CAEX-048,2026-06-13,A,dia,3,597.0,296.7,88.5,52.5,3.88,1590.0,0,0
104864,CAEX-034,2026-04-14,A,dia,5,265.0,282.4,86.5,58.9,3.95,1449.0,3,0
101725,CAEX-020,2026-06-22,B,dia,7,62.0,,91.5,47.6,2.78,2031.0,1,0
104430,CAEX-027,2026-03-03,B,noche,1,320.0,342.1,90.9,56.6,4.87,1689.0,0,0
102838,CAEX-013,2026-07-15,B,noche,2,276.0,325.6,93.8,56.7,4.07,1448.0,0,0
102395,CAEX-047,2026-08-27,A,noche,5,444.0,312.8,82.0,50.3,5.16,1487.0,1,0
104507,CAEX-057,2026-07-06,B,noche,11,123.0,314.6,76.6,54.0,3.79,1235.0,0,0
105114,CAEX-044,2026-06-13,A,noche,6,169.0,292.1,87.7,56.3,4.65,1863.0,1,0
105829,CAEX-005,2026-05-31,A,noche,12,453.0,280.0,101.7,62.9,4.67,1705.0,0,1
101439,CAEX-008,2026-04-16,C,noche,11,107.0,358.3,77.3,59.0,4.58,1763.0,0,0
105526,CAEX-049,2026-03-05,B,dia,5,265.0,335.3,89.0,53.4,4.21,1801.0,0,0
101399,CAEX-007,2026-06-20,C,dia,2,228.0,354.6,88.5,47.2,4.4,1614.0,2,0
101477,CAEX-051,2026-07-23,A,noche,2,236.0,273.8,84.4,58.2,4.38,1900.0,1,0
103466,CAEX-032,2026-06-28,C,dia,4,283.0,353.8,91.0,65.6,4.15,1797.0,2,0
100664,CAEX-003,2026-05-01,C,noche,10,231.0,343.8,91.8,48.9,4.54,1534.0,0,0
105177,CAEX-042,2026-04-21,C,noche,10,262.0,345.3,86.3,56.7,4.46,1799.0,1,0
101011,CAEX-025,2026-05-25,C,noche,14,266.0,374.4,86.3,55.0,4.1,1931.0,0,0
104643,CAEX-055,2026-03-20,B,dia,10,138.0,313.8,85.7,58.8,3.65,1727.0,0,0
100222,CAEX-047,2026-07-16,A,noche,5,105.0,288.9,80.0,50.3,7.27,1342.0,2,1
101387,CAEX-059,2026-05-15,A,dia,13,247.0,254.8,82.0,58.1,4.53,1758.0,1,0
105571,CAEX-053,2026-03-21,C,noche,11,47.0,315.5,88.1,45.6,3.18,1606.0,1,0
101142,CAEX-017,2026-04-08,B,dia,9,53.0,316.2,80.1,51.2,3.31,1698.0,0,0
102148,CAEX-011,2026-05-11,A,noche,8,162.0,284.7,93.8,55.2,5.48,1864.0,0,0
105669,CAEX-037,2026-04-25,A,noche,2,179.0,269.5,,57.8,2.06,1945.0,0,0
103444,CAEX-027,2026-07-01,B,noche,1,494.0,329.5,88.7,51.9,3.37,1635.0,1,0
105247,CAEX-050,2026-08-21,A,dia,1,59.0,293.1,98.1,52.2,3.8,1368.0,0,0
105781,CAEX-011,2026-08-11,A,noche,8,440.0,278.0,93.4,44.2,6.73,1648.0,1,0
104574,CAEX-053,2026-04-16,C,noche,11,30.0,375.8,82.7,60.3,6.14,1376.0,0,1
101381,CAEX-018,2026-06-27,A,dia,1,655.0,293.1,96.2,59.2,4.6,1787.0,1,0
105577,CAEX-020,2026-03-04,B,noche,7,283.0,278.2,92.7,51.6,2.99,1595.0,1,0
101721,CAEX-033,2026-03-21,A,noche,13,653.0,302.9,93.2,43.8,2.29,1738.0,0,1
102398,CAEX-028,2026-08-26,A,noche,4,245.0,283.0,90.2,59.9,3.62,1473.0,0,0
102306,CAEX-022,2026-05-25,A,noche,4,157.0,286.8,87.0,67.2,4.67,1610.0,1,0
104876,CAEX-055,2026-04-05,B,noche,10,709.0,307.9,84.9,44.2,6.97,1536.0,2,1
100933,CAEX-012,2026-08-17,C,dia,8,130.0,340.8,88.7,57.2,6.52,1334.0,1,1
103382,CAEX-011,2026-04-25,A,noche,8,164.0,283.3,96.4,54.7,4.58,1723.0,1,0
103671,CAEX-045,2026-04-04,C,dia,6,421.0,353.1,88.9,52.8,3.46,1622.0,0,0
101939,CAEX-033,2026-05-16,A,dia,13,244.0,304.6,94.2,48.5,3.67,1637.0,1,0
103406,CAEX-013,2026-04-19,B,dia,2,120.0,289.3,86.4,59.8,4.95,1769.0,0,0
101609,CAEX-029,2026-07-30,A,dia,12,232.0,289.8,82.4,57.9,4.15,1610.0,0,0
105997,CAEX-045,2026-08-01,C,dia,6,410.0,324.3,89.9,52.7,2.86,1376.0,2,1
103409,CAEX-040,2026-05-30,B,noche,11,120.0,333.4,80.3,55.6,3.4,1935.0,0,0
105673,CAEX-016,2026-05-30,A,dia,5,205.0,254.9,96.1,62.6,4.05,1829.0,0,0
105067,CAEX-036,2026-03-30,A,noche,10,68.0,310.5,79.7,56.9,1.98,1669.0,1,0
104957,CAEX-028,2026-07-11,A,noche,4,131.0,253.3,81.6,53.5,11.32,1787.0,0,1
104775,CAEX-023,2026-03-18,C,dia,4,174.0,341.8,82.5,51.6,4.04,1730.0,0,0
101141,CAEX-007,2026-04-09,C,dia,2,258.0,333.9,81.2,65.0,8.64,1628.0,3,1
102551,CAEX-058,2026-06-16,B,dia,3,467.0,330.0,96.0,52.8,5.13,1511.0,1,0
102218,CAEX-018,2026-04-01,A,noche,1,66.0,270.4,79.4,51.5,2.58,1645.0,0,0
100711,CAEX-006,2026-03-27,C,dia,8,169.0,381.6,93.2,52.5,5.17,1384.0,1,0
105140,CAEX-014,2026-07-13,C,dia,8,422.0,350.3,88.2,64.8,2.95,1785.0,1,0
105514,CAEX-014,2026-08-17,C,noche,8,189.0,347.7,,53.8,5.92,1492.0,1,0
103642,CAEX-001,2026-03-22,C,noche,7,167.0,326.0,91.8,57.3,4.52,1835.0,1,0
102263,CAEX-001,2026-04-25,C,dia,7,198.0,353.7,83.3,59.8,3.82,1559.0,0,0
105026,CAEX-028,2026-08-09,A,dia,4,272.0,273.4,88.1,63.3,4.19,1724.0,0,0
104074,CAEX-021,2026-05-19,C,dia,14,109.0,371.2,91.8,56.2,3.91,1357.0,0,0
101687,CAEX-007,2026-07-05,C,dia,2,155.0,352.3,,50.9,6.56,1548.0,0,0
100773,CAEX-037,2026-07-24,A,noche,2,92.0,278.5,83.7,54.1,3.57,1657.0,0,0
101607,CAEX-012,2026-07-07,C,noche,8,109.0,397.5,86.4,63.4,4.4,1962.0,1,0
103124,CAEX-017,2026-07-23,B,dia,9,112.0,284.9,92.6,64.2,3.01,1581.0,0,0
100901,CAEX-056,2026-05-01,C,dia,7,456.0,322.2,84.5,53.6,9.41,1553.0,1,1
101534,CAEX-045,2026-07-23,C,dia,6,303.0,393.1,91.1,51.7,3.73,1708.0,1,0
101428,CAEX-036,2026-04-02,A,dia,10,245.0,281.8,83.8,66.0,4.2,1383.0,0,0
104555,CAEX-050,2026-05-10,A,dia,1,78.0,297.5,85.0,54.4,4.87,1630.0,0,0
100855,CAEX-004,2026-07-31,B,noche,7,240.0,309.2,,52.5,4.67,1588.0,1,0
102861,CAEX-024,2026-07-11,C,noche,6,84.0,356.7,79.2,53.2,2.76,1603.0,1,0
102214,CAEX-014,2026-03-22,C,dia,8,309.0,373.4,86.7,52.3,3.17,1835.0,1,0
101393,CAEX-045,2026-04-05,C,dia,6,149.0,368.3,83.6,55.9,3.7,1542.0,0,0
100875,CAEX-005,2026-08-15,A,dia,12,245.0,281.1,90.4,54.5,7.34,1464.0,0,0
103668,CAEX-022,2026-08-06,A,noche,4,377.0,284.9,89.6,53.5,3.5,1394.0,2,1
100771,CAEX-006,2026-07-03,C,dia,8,35.0,360.5,79.9,53.0,4.2,1803.0,1,0
100895,CAEX-029,2026-07-07,A,noche,12,154.0,296.5,91.1,54.1,3.72,1645.0,0,0
102332,CAEX-052,2026-03-13,A,dia,2,143.0,278.6,86.7,50.4,4.37,1834.0,0,0
101604,CAEX-058,2026-06-28,B,dia,3,143.0,330.6,96.2,61.1,6.16,1826.0,0,0
103164,CAEX-038,2026-04-25,B,dia,8,44.0,319.2,93.5,56.7,9.86,1523.0,0,1
100750,CAEX-035,2026-07-14,B,noche,7,301.0,320.2,90.6,59.3,4.4,1427.0,0,0
103348,CAEX-006,2026-05-31,C,dia,8,201.0,344.2,95.4,66.2,3.4,1691.0,0,0
103579,CAEX-005,2026-08-07,A,noche,12,249.0,305.2,91.2,56.7,5.8,1658.0,1,0
102295,CAEX-007,2026-07-24,C,noche,2,104.0,355.2,81.7,49.7,1.36,1544.0,1,0
100084,CAEX-056,2026-08-10,C,noche,7,275.0,328.8,,53.5,3.46,1664.0,0,0
105081,CAEX-060,2026-04-12,A,dia,8,100.0,296.3,84.3,54.2,3.07,1395.0,0,0
105389,CAEX-019,2026-06-02,C,dia,5,180.0,382.3,87.5,52.6,6.45,1692.0,0,0
100129,CAEX-019,2026-05-11,C,noche,5,190.0,344.3,92.3,53.8,2.37,1931.0,0,0
102106,CAEX-050,2026-03-07,A,noche,1,406.0,302.3,84.6,53.1,2.09,1399.0,1,0
103350,CAEX-008,2026-05-18,C,noche,11,74.0,378.7,85.1,58.4,4.51,1486.0,0,1
100886,CAEX-024,2026-05-25,C,noche,6,385.0,317.8,,51.6,5.39,1295.0,1,1
101432,CAEX-009,2026-03-29,A,noche,9,45.0,301.6,87.9,67.7,3.98,1317.0,0,0
100135,CAEX-015,2026-08-01,B,noche,12,245.0,316.7,81.4,45.4,4.77,2002.0,1,0
101853,CAEX-006,2026-06-25,C,noche,8,360.0,319.7,90.2,51.0,3.19,1531.0,1,0
103215,CAEX-021,2026-03-31,C,noche,14,156.0,386.1,79.9,50.2,4.13,1424.0,1,0
105541,CAEX-059,2026-05-24,A,noche,13,106.0,271.0,80.7,55.0,6.66,1645.0,0,0
105029,CAEX-030,2026-06-04,B,dia,1,193.0,327.1,90.9,53.6,4.18,1510.0,0,0
102198,CAEX-009,2026-03-13,A,dia,9,411.0,303.6,92.9,58.1,1.53,1930.0,0,0
104058,CAEX-007,2026-03-10,C,dia,2,202.0,340.4,94.4,63.8,,1498.0,3,0
104795,CAEX-049,2026-07-26,B,noche,5,127.0,329.8,87.5,57.8,6.33,1822.0,1,0
103757,CAEX-032,2026-06-13,C,noche,4,171.0,353.4,75.6,61.0,9.4,1334.0,1,1
100523,CAEX-011,2026-06-03,A,noche,8,177.0,282.4,88.4,60.3,5.38,1615.0,0,0
101021,CAEX-053,2026-07-01,C,noche,11,337.0,382.7,89.8,55.1,3.96,1564.0,1,0
101546,CAEX-047,2026-06-30,A,dia,5,37.0,289.0,101.6,60.5,5.42,1747.0,2,0
104517,CAEX-005,2026-03-23,A,dia,12,84.0,295.2,81.9,56.0,2.1,1646.0,1,0
102408,CAEX-020,2026-06-15,B,dia,7,114.0,281.1,83.1,57.6,3.11,1570.0,0,0
105649,CAEX-008,2026-06-21,C,noche,11,444.0,362.2,87.9,52.5,5.7,1646.0,2,0
104248,CAEX-029,2026-08-11,A,noche,12,485.0,260.4,93.1,63.6,3.34,1386.0,0,0
101302,CAEX-001,2026-04-08,C,noche,7,80.0,356.0,81.1,55.6,3.96,1706.0,0,0
103869,CAEX-021,2026-04-28,C,dia,14,116.0,348.0,84.1,54.7,4.03,1562.0,1,0
100112,CAEX-017,2026-06-24,B,noche,9,104.0,279.7,85.5,48.6,1.83,1524.0,0,0
100479,CAEX-005,2026-06-13,A,dia,12,161.0,270.4,80.2,65.3,5.93,1660.0,0,0
105432,CAEX-015,2026-07-09,B,noche,12,382.0,333.0,93.6,58.6,3.68,1512.0,2,0
105911,CAEX-013,2026-05-23,B,dia,2,466.0,368.9,82.9,53.4,6.48,1449.0,4,1
104103,CAEX-011,2026-03-07,A,dia,8,537.0,284.9,82.6,43.6,4.87,1433.0,1,0
105956,CAEX-011,2026-04-10,A,noche,8,273.0,278.3,84.0,54.5,2.53,1750.0,1,0
102769,CAEX-032,2026-08-16,C,dia,4,198.0,333.8,86.1,52.0,6.37,2266.0,0,1
103225,CAEX-024,2026-07-16,C,noche,6,57.0,331.8,78.0,53.7,4.99,1498.0,0,0
103205,CAEX-048,2026-05-16,A,noche,3,286.0,287.4,87.8,46.4,4.27,1919.0,0,0
100658,CAEX-012,2026-03-11,C,noche,8,564.0,333.8,90.4,47.2,5.16,1571.0,0,0
104085,CAEX-036,2026-06-27,A,dia,10,422.0,262.1,90.5,40.4,4.69,1504.0,1,0
105205,CAEX-004,2026-04-13,B,dia,7,397.0,312.5,87.9,58.1,4.43,1507.0,3,0
105275,CAEX-019,2026-08-27,C,noche,5,337.0,364.7,87.3,53.4,4.63,1460.0,0,0
105264,CAEX-049,2026-03-12,B,dia,5,620.0,321.7,108.5,51.4,5.12,1570.0,0,1
101274,CAEX-015,2026-08-21,B,dia,12,149.0,322.7,83.4,48.3,5.76,1737.0,1,0
101334,CAEX-020,2026-04-17,B,noche,7,512.0,302.4,93.9,39.1,3.15,1467.0,0,0
104031,CAEX-010,2026-04-09,B,dia,9,258.0,294.6,81.8,51.0,3.82,1923.0,0,0
104118,CAEX-047,2026-08-08,A,noche,5,414.0,269.3,93.8,,4.27,1900.0,0,0
104208,CAEX-004,2026-06-30,B,noche,7,151.0,340.4,88.6,39.2,5.55,1370.0,0,1
101099,CAEX-001,2026-05-30,C,dia,7,144.0,364.0,83.1,48.7,2.13,1716.0,0,0
103663,CAEX-034,2026-06-27,A,noche,5,215.0,283.6,78.6,63.4,3.33,1658.0,1,0
105610,CAEX-060,2026-03-05,A,dia,8,330.0,275.3,90.7,54.1,5.3,1641.0,3,0
100788,CAEX-020,2026-06-10,B,noche,7,253.0,276.8,89.3,56.7,5.11,1707.0,2,0
103946,CAEX-031,2026-04-24,B,noche,12,320.0,319.1,85.7,49.7,4.29,1452.0,0,0
104078,CAEX-006,2026-08-13,C,noche,8,564.0,344.0,100.5,56.3,5.06,1928.0,1,1
101559,CAEX-001,2026-06-29,C,noche,7,234.0,307.0,88.0,57.8,3.83,1291.0,1,0
103252,CAEX-047,2026-04-04,A,dia,5,175.0,297.4,97.0,57.1,4.62,1451.0,0,0
101148,CAEX-006,2026-07-01,C,noche,8,300.0,332.3,89.5,52.9,5.15,1553.0,1,0
101433,CAEX-041,2026-05-21,B,noche,14,79.0,294.8,93.1,51.2,3.92,1698.0,0,0
100749,CAEX-026,2026-07-10,A,dia,12,375.0,258.1,84.9,58.4,3.83,1598.0,0,0
102031,CAEX-042,2026-06-30,C,dia,10,434.0,357.0,90.0,49.9,4.31,1445.0,1,1
102626,CAEX-059,2026-03-04,A,dia,13,122.0,264.0,93.7,46.1,5.14,1277.0,0,0
102868,CAEX-046,2026-08-01,C,dia,12,285.0,326.3,91.2,42.2,5.07,1711.0,1,0
104286,CAEX-006,2026-05-13,C,noche,8,270.0,355.5,90.3,53.3,6.06,1433.0,1,0
103672,CAEX-003,2026-05-01,C,dia,10,856.0,312.6,95.1,,6.42,1486.0,2,1
101920,CAEX-015,2026-07-08,B,dia,12,33.0,317.6,76.9,52.3,5.15,1288.0,0,0
104143,CAEX-028,2026-05-27,A,noche,4,25.0,286.7,82.2,53.2,2.47,1749.0,0,0
102107,CAEX-055,2026-03-10,B,dia,10,485.0,319.5,92.9,60.4,4.47,1610.0,1,0
104488,CAEX-009,2026-03-29,A,noche,9,173.0,274.1,84.1,52.4,6.28,1712.0,0,0
100108,CAEX-035,2026-03-12,B,noche,7,168.0,350.9,83.4,60.5,6.68,1697.0,0,0
105792,CAEX-015,2026-05-05,B,noche,12,119.0,349.9,88.7,59.3,3.18,1530.0,0,0
105942,CAEX-036,2026-06-23,A,noche,10,183.0,289.3,87.6,56.3,3.81,1655.0,1,0
100121,CAEX-022,2026-04-30,A,noche,4,29.0,286.8,84.1,47.7,3.25,1513.0,0,0
100365,CAEX-050,2026-04-01,A,noche,1,255.0,312.5,88.2,52.1,3.28,1681.0,1,0
104368,CAEX-051,2026-08-02,A,noche,2,123.0,273.4,90.1,54.4,3.44,1894.0,2,0
103676,CAEX-043,2026-05-27,B,dia,6,395.0,336.8,83.0,62.2,3.48,1779.0,1,0
102636,CAEX-006,2026-05-07,C,noche,8,378.0,363.9,84.6,50.9,5.42,1556.0,0,0
100873,CAEX-031,2026-07-01,B,dia,12,88.0,311.8,75.7,65.3,2.6,1627.0,0,0
100899,CAEX-026,2026-04-11,A,noche,12,55.0,273.0,88.7,64.7,5.62,1648.0,1,0
104190,CAEX-032,2026-03-10,C,dia,4,578.0,324.3,93.7,53.9,4.24,1554.0,0,0
104019,CAEX-058,2026-08-23,B,dia,3,114.0,324.6,86.9,53.3,3.55,1518.0,1,0
105382,CAEX-008,2026-08-27,C,noche,11,474.0,359.8,93.2,55.0,2.97,1581.0,1,0
104347,CAEX-002,2026-08-05,B,dia,10,177.0,320.8,77.9,54.6,3.71,1752.0,1,0
102363,CAEX-058,2026-05-24,B,noche,3,80.0,324.6,87.5,54.7,5.08,1511.0,0,0
104212,CAEX-049,2026-08-23,B,noche,5,285.0,323.1,91.3,57.2,5.19,1931.0,0,0
104352,CAEX-008,2026-03-09,C,noche,11,161.0,356.7,102.6,59.6,6.94,1603.0,0,1
103377,CAEX-043,2026-07-14,B,noche,6,315.0,356.3,90.2,,8.33,1657.0,1,1
102099,CAEX-023,2026-03-31,C,noche,4,262.0,366.3,90.6,,4.45,1995.0,0,0
105312,CAEX-047,2026-03-13,A,dia,5,455.0,292.2,95.0,50.8,3.76,1639.0,1,0
104406,CAEX-037,2026-08-03,A,dia,2,351.0,286.0,93.9,51.2,3.46,1591.0,0,0
105100,CAEX-012,2026-06-10,C,dia,8,796.0,352.2,99.3,44.4,3.79,1783.0,3,1
102664,CAEX-029,2026-04-02,A,dia,12,367.0,242.5,91.1,42.3,3.09,1453.0,2,0
101525,CAEX-056,2026-08-16,C,noche,7,143.0,316.2,85.7,56.6,5.35,1712.0,0,0
102391,CAEX-049,2026-08-16,B,dia,5,91.0,307.2,79.6,,2.92,1761.0,0,0
103659,CAEX-058,2026-03-19,B,dia,3,195.0,295.5,91.3,64.1,2.59,1529.0,0,0
101961,CAEX-043,2026-07-17,B,dia,6,129.0,321.1,94.5,53.6,5.42,1615.0,1,0
102028,CAEX-051,2026-04-25,A,dia,2,214.0,301.5,92.0,40.5,4.02,1697.0,0,0
104243,CAEX-046,2026-08-04,C,dia,12,93.0,359.8,89.0,56.0,5.91,1401.0,0,0
104333,CAEX-008,2026-08-27,C,noche,11,773.0,350.6,100.8,48.8,4.75,1907.0,1,1
105874,CAEX-017,2026-03-28,B,noche,9,238.0,331.5,92.9,54.1,3.85,1648.0,0,0
102127,CAEX-020,2026-05-24,B,noche,7,225.0,316.8,83.6,46.4,2.97,1628.0,1,0
105249,CAEX-002,2026-06-24,B,dia,10,192.0,333.7,93.9,46.8,3.93,1547.0,1,0
103427,CAEX-020,2026-04-26,B,noche,7,662.0,319.0,91.5,49.5,2.84,1576.0,2,1
100056,CAEX-044,2026-06-30,A,dia,6,337.0,293.1,87.8,57.6,4.53,1684.0,1,0
103510,CAEX-011,2026-05-11,A,dia,8,196.0,280.9,95.1,57.2,5.48,1824.0,0,0
103163,CAEX-006,2026-05-20,C,dia,8,134.0,352.1,80.7,55.5,3.43,1897.0,0,0
102546,CAEX-038,2026-06-27,B,noche,8,464.0,319.4,102.6,58.2,2.51,1620.0,0,0
102584,CAEX-003,2026-04-27,C,dia,10,331.0,390.2,83.7,41.5,2.92,1739.0,1,0
101728,CAEX-010,2026-07-07,B,noche,9,59.0,327.2,83.5,56.8,5.51,1467.0,0,0
101326,CAEX-015,2026-05-21,B,noche,12,98.0,302.0,80.9,53.5,4.79,1648.0,0,0
102197,CAEX-052,2026-03-31,A,dia,2,136.0,270.3,85.2,62.3,5.79,1765.0,0,0
104270,CAEX-054,2026-05-26,B,dia,11,163.0,303.9,95.0,52.6,4.61,1673.0,1,1
102019,CAEX-035,2026-06-01,B,noche,7,88.0,325.8,92.3,51.8,4.78,1356.0,0,0
100483,CAEX-003,2026-05-26,C,dia,10,239.0,336.4,89.0,57.3,7.41,1498.0,0,0
103054,CAEX-001,2026-03-25,C,dia,7,122.0,372.9,97.5,45.5,4.2,1463.0,2,0
105671,CAEX-011,2026-05-25,A,noche,8,270.0,281.8,93.7,51.5,3.86,1574.0,0,0
105851,CAEX-053,2026-07-08,C,dia,11,166.0,322.7,84.8,58.4,2.26,1758.0,2,0
100153,CAEX-019,2026-04-11,C,noche,5,125.0,345.5,79.1,48.1,2.13,2050.0,0,0
101811,CAEX-032,2026-04-13,C,dia,4,197.0,344.7,83.5,,3.49,1602.0,0,0
103276,CAEX-052,2026-04-16,A,dia,2,118.0,266.1,82.1,,8.21,1899.0,0,0
100672,CAEX-049,2026-06-04,B,dia,5,106.0,343.4,81.0,57.8,3.33,1779.0,0,0
104660,CAEX-056,2026-05-03,C,dia,7,223.0,290.3,86.9,58.6,5.92,1793.0,1,0
103881,CAEX-009,2026-03-20,A,dia,9,94.0,300.2,85.8,54.1,4.15,1990.0,0,0
105994,CAEX-013,2026-05-28,B,dia,2,252.0,348.8,96.5,49.1,3.01,1551.0,0,1
100188,CAEX-019,2026-04-01,C,noche,5,115.0,352.9,84.2,64.1,2.78,1441.0,0,0
102229,CAEX-028,2026-03-06,A,noche,4,140.0,291.1,95.2,56.9,3.65,1570.0,0,0
105941,CAEX-014,2026-07-12,C,noche,8,515.0,343.9,,49.4,3.25,1625.0,0,0
101478,CAEX-053,2026-08-16,C,noche,11,165.0,365.4,90.3,55.0,2.59,1556.0,2,0
102328,CAEX-038,2026-06-04,B,noche,8,45.0,320.8,81.4,65.2,2.85,1860.0,1,0
103890,CAEX-007,2026-06-19,C,dia,2,289.0,397.0,93.5,60.4,3.41,1578.0,0,0
101803,CAEX-004,2026-06-06,B,dia,7,195.0,340.4,99.6,52.2,5.71,1771.0,2,0
103260,CAEX-050,2026-03-27,A,dia,1,89.0,256.6,79.1,54.6,5.65,1603.0,1,0
101513,CAEX-040,2026-05-07,B,noche,11,25.0,323.9,88.1,55.1,3.34,1923.0,1,0
104779,CAEX-056,2026-06-27,C,noche,7,399.0,313.7,92.9,55.5,2.44,1553.0,0,0
104739,CAEX-051,2026-03-25,A,noche,2,275.0,282.5,94.7,47.3,6.07,1524.0,1,0
104482,CAEX-035,2026-07-16,B,dia,7,63.0,325.5,81.5,55.3,3.03,1484.0,0,0
102690,CAEX-013,2026-06-12,B,dia,2,295.0,311.4,,58.1,4.59,1542.0,1,0
100237,CAEX-059,2026-04-08,A,noche,13,131.0,309.4,95.7,53.7,7.23,1509.0,1,0
102902,CAEX-050,2026-03-09,A,noche,1,214.0,276.1,90.4,44.0,5.82,1688.0,1,0
103879,CAEX-013,2026-06-01,B,noche,2,159.0,325.3,87.0,55.3,2.41,1557.0,0,0
105113,CAEX-021,2026-07-17,C,noche,14,295.0,352.9,88.1,45.4,3.61,1553.0,0,0
103631,CAEX-014,2026-08-26,C,dia,8,218.0,320.3,81.7,,3.62,1662.0,0,0
103681,CAEX-033,2026-06-04,A,noche,13,457.0,285.3,90.8,57.2,4.79,1538.0,0,0
103487,CAEX-036,2026-06-18,A,dia,10,45.0,263.8,79.3,56.5,3.75,1858.0,0,0
104338,CAEX-004,2026-05-16,B,noche,7,64.0,336.9,89.4,66.4,2.86,1463.0,0,0
101445,CAEX-034,2026-08-06,A,dia,5,130.0,282.6,85.5,46.6,6.46,1713.0,0,0
101929,CAEX-017,2026-06-26,B,dia,9,48.0,325.8,85.8,61.5,,2030.0,1,0
105379,CAEX-032,2026-08-04,C,dia,4,412.0,353.0,98.0,53.1,3.11,1315.0,2,0
103972,CAEX-032,2026-04-10,C,dia,4,43.0,312.1,76.6,54.6,,1694.0,0,0
103219,CAEX-001,2026-08-07,C,dia,7,449.0,366.8,97.8,50.7,5.0,1860.0,0,0
102773,CAEX-057,2026-05-06,B,dia,11,481.0,350.6,92.2,62.9,3.16,1358.0,0,0
102134,CAEX-004,2026-08-11,B,noche,7,179.0,318.1,83.3,53.3,4.83,1750.0,1,0
102695,CAEX-024,2026-05-09,C,dia,6,161.0,337.8,85.5,57.4,5.64,1651.0,0,0
100419,CAEX-038,2026-03-24,B,dia,8,795.0,273.9,91.5,45.6,7.74,1951.0,1,1
101703,CAEX-011,2026-08-14,A,noche,8,349.0,277.3,84.4,53.8,2.79,1734.0,1,0
105905,CAEX-041,2026-07-14,B,noche,14,207.0,328.1,80.5,52.9,3.08,1562.0,0,0
105735,CAEX-032,2026-03-16,C,noche,4,67.0,353.8,82.9,62.2,4.64,1812.0,0,0
104592,CAEX-046,2026-07-19,C,dia,12,522.0,345.8,91.8,50.9,3.19,1513.0,1,0
103909,CAEX-059,2026-05-15,A,dia,13,335.0,284.5,95.6,49.0,1.85,1538.0,2,0
102747,CAEX-037,2026-04-07,A,noche,2,128.0,259.7,93.9,62.8,3.14,1578.0,0,0
105244,CAEX-015,2026-06-08,B,dia,12,156.0,326.9,83.5,39.4,3.63,1465.0,1,0
105565,CAEX-002,2026-06-12,B,dia,10,200.0,285.2,94.0,55.8,6.07,1652.0,0,0
100438,CAEX-016,2026-06-16,A,dia,5,11.0,257.0,83.5,54.5,5.19,1675.0,0,0
103405,CAEX-046,2026-07-14,C,noche,12,158.0,359.7,91.5,60.6,6.96,1372.0,2,1
101437,CAEX-048,2026-06-20,A,noche,3,73.0,309.6,95.1,55.2,9.19,1320.0,0,1
103756,CAEX-051,2026-04-27,A,noche,2,341.0,284.6,94.9,55.2,5.21,1363.0,2,0
105856,CAEX-006,2026-07-27,C,dia,8,124.0,314.5,84.8,54.3,4.02,1162.0,0,1
102855,CAEX-006,2026-08-03,C,dia,8,244.0,333.0,81.6,,6.31,1550.0,0,0
100535,CAEX-056,2026-08-16,C,dia,7,320.0,344.2,85.2,54.4,8.74,1417.0,1,1
100822,CAEX-045,2026-05-14,C,noche,6,151.0,323.0,84.2,56.8,7.03,1917.0,0,0
101849,CAEX-032,2026-05-16,C,noche,4,431.0,362.6,95.3,37.2,4.15,1835.0,0,1
101572,CAEX-054,2026-05-14,B,noche,11,136.0,317.3,87.3,58.7,5.63,1564.0,1,0
105070,CAEX-035,2026-03-02,B,dia,7,71.0,326.1,86.7,54.3,3.13,1698.0,0,0
103637,CAEX-028,2026-04-14,A,dia,4,240.0,316.8,90.8,69.7,5.55,1691.0,2,0
101418,CAEX-044,2026-05-14,A,noche,6,134.0,301.3,82.9,55.8,6.36,1532.0,1,0
101564,CAEX-002,2026-04-06,B,noche,10,265.0,324.3,,43.3,4.89,1620.0,0,0
100176,CAEX-060,2026-05-05,A,dia,8,206.0,278.2,96.9,57.3,3.92,1916.0,1,0
102988,CAEX-017,2026-08-24,B,noche,9,132.0,332.1,87.6,53.7,5.8,1698.0,1,0
101996,CAEX-046,2026-06-20,C,dia,12,102.0,334.9,,50.2,3.88,1868.0,1,0
105058,CAEX-050,2026-06-18,A,dia,1,288.0,288.0,90.9,59.3,5.18,1680.0,0,0
104242,CAEX-060,2026-05-21,A,dia,8,267.0,255.0,97.0,53.6,2.17,1677.0,1,0
105484,CAEX-028,2026-04-23,A,noche,4,156.0,293.6,80.0,55.6,7.79,1578.0,0,0
101543,CAEX-040,2026-07-24,B,noche,11,276.0,303.2,82.6,44.8,3.47,1881.0,2,0
102194,CAEX-024,2026-03-19,C,dia,6,234.0,359.7,92.2,45.7,3.49,1298.0,0,0
101434,CAEX-042,2026-06-28,C,noche,10,227.0,374.4,75.5,57.1,4.05,1602.0,3,0
104016,CAEX-030,2026-06-24,B,noche,1,731.0,332.6,85.8,40.5,5.49,1650.0,0,0
103698,CAEX-015,2026-06-22,B,dia,12,141.0,344.6,88.1,47.9,3.68,1576.0,0,0
101647,CAEX-007,2026-04-21,C,dia,2,377.0,359.8,94.4,42.8,2.21,1492.0,0,0
100631,CAEX-003,2026-07-25,C,dia,10,344.0,323.3,91.5,54.2,2.83,1651.0,3,0
100910,CAEX-009,2026-04-29,A,dia,9,299.0,266.8,92.6,51.9,6.84,1685.0,0,0
103389,CAEX-046,2026-05-11,C,dia,12,200.0,343.5,78.9,57.9,7.92,1531.0,3,0
101926,CAEX-017,2026-06-07,B,dia,9,415.0,316.3,87.1,42.9,4.57,1361.0,4,1
105529,CAEX-033,2026-05-16,A,dia,13,251.0,310.5,86.2,61.5,5.0,1587.0,0,0
104186,CAEX-051,2026-03-01,A,noche,2,109.0,297.1,86.8,53.8,3.95,1565.0,1,0
104777,CAEX-010,2026-06-03,B,dia,9,102.0,346.3,78.5,55.2,5.42,1315.0,0,0
102757,CAEX-047,2026-08-27,A,noche,5,444.0,263.5,93.3,48.9,3.71,1603.0,0,0
105106,CAEX-035,2026-07-20,B,dia,7,156.0,322.3,77.0,54.0,4.0,1532.0,0,0
104008,CAEX-013,2026-05-05,B,noche,2,168.0,313.7,79.8,54.6,5.72,1403.0,2,0
102655,CAEX-024,2026-08-16,C,dia,6,288.0,386.7,92.5,60.6,3.17,1608.0,1,0
103096,CAEX-056,2026-07-03,C,noche,7,99.0,347.0,76.3,54.9,2.7,1705.0,0,0
100620,CAEX-027,2026-06-25,B,noche,1,193.0,345.1,94.6,50.4,4.95,1621.0,0,0
102712,CAEX-035,2026-05-22,B,noche,7,932.0,321.7,96.6,56.9,3.77,1512.0,0,1
104821,CAEX-012,2026-07-31,C,noche,8,46.0,377.1,82.5,62.8,4.31,1631.0,1,0
100217,CAEX-003,2026-06-10,C,noche,10,33.0,323.3,88.6,57.9,6.63,1585.0,0,0
103040,CAEX-026,2026-08-23,A,noche,12,44.0,298.1,90.9,55.5,3.74,1540.0,0,0
105201,CAEX-010,2026-04-15,B,noche,9,369.0,319.5,95.7,58.6,4.11,1931.0,0,0
104198,CAEX-016,2026-08-09,A,noche,5,12.0,325.2,87.2,68.0,4.86,1799.0,0,0
103506,CAEX-010,2026-04-19,B,dia,9,139.0,324.4,86.1,51.2,4.02,1591.0,2,0
105667,CAEX-008,2026-07-26,C,dia,11,409.0,312.6,75.7,47.9,3.22,1465.0,0,0
105285,CAEX-012,2026-03-25,C,noche,8,150.0,348.6,78.7,60.4,2.82,1760.0,1,0
104688,CAEX-020,2026-05-16,B,noche,7,131.0,341.6,83.2,68.6,3.66,1688.0,1,0
102133,CAEX-031,2026-05-13,B,dia,12,126.0,352.0,90.7,60.3,6.99,1556.0,1,0
103101,CAEX-006,2026-06-07,C,dia,8,377.0,341.7,101.5,53.6,6.07,1393.0,1,1
102453,CAEX-055,2026-05-19,B,noche,10,395.0,312.3,87.1,44.8,2.33,1536.0,2,0
100461,CAEX-041,2026-04-28,B,noche,14,224.0,332.1,87.0,50.7,3.86,1760.0,0,0
105305,CAEX-033,2026-08-03,A,noche,13,167.0,260.5,74.7,60.7,2.76,1751.0,0,0
102008,CAEX-016,2026-04-03,A,noche,5,161.0,295.3,93.9,54.8,4.83,1754.0,2,0
103588,CAEX-045,2026-05-01,C,noche,6,476.0,346.5,95.1,40.0,3.16,1596.0,3,0
100268,CAEX-058,2026-07-04,B,dia,3,160.0,312.6,92.5,50.4,3.6,2027.0,0,0
105118,CAEX-040,2026-05-18,B,dia,11,614.0,347.3,93.7,46.5,4.31,1697.0,1,0
101522,CAEX-011,2026-05-16,A,noche,8,327.0,269.3,,48.5,4.32,1396.0,1,0
105373,CAEX-040,2026-07-03,B,noche,11,89.0,329.8,84.8,64.9,3.86,1738.0,0,0
100818,CAEX-022,2026-05-10,A,dia,4,589.0,279.2,100.5,58.2,5.59,1883.0,2,1
104142,CAEX-027,2026-08-26,B,dia,1,259.0,318.8,89.1,48.5,2.93,1727.0,0,0
104630,CAEX-049,2026-06-08,B,noche,5,106.0,311.2,83.0,57.6,6.97,1873.0,0,0
103005,CAEX-038,2026-08-22,B,noche,8,87.0,350.2,88.8,41.1,3.34,1827.0,0,0
105761,CAEX-016,2026-04-23,A,dia,5,407.0,290.8,98.1,46.5,5.21,1916.0,1,1
104382,CAEX-026,2026-08-20,A,dia,12,76.0,290.8,80.0,49.3,6.57,1288.0,1,0
103930,CAEX-020,2026-07-26,B,noche,7,202.0,336.4,91.0,54.2,6.5,1577.0,0,0
101292,CAEX-042,2026-08-23,C,noche,10,70.0,335.5,80.7,48.3,4.95,1525.0,1,0
100002,CAEX-010,2026-08-05,B,dia,9,234.0,320.4,93.4,53.2,3.97,1488.0,2,0
103221,CAEX-049,2026-05-26,B,noche,5,650.0,289.8,82.3,55.3,,1493.0,1,0
101753,CAEX-051,2026-05-16,A,dia,2,333.0,282.6,94.1,46.1,4.06,1673.0,2,0
102333,CAEX-058,2026-07-30,B,dia,3,375.0,309.3,85.3,55.8,4.97,1598.0,2,0
104536,CAEX-031,2026-05-15,B,dia,12,421.0,290.8,80.6,47.5,5.72,1696.0,0,0
104037,CAEX-030,2026-06-12,B,dia,1,440.0,327.4,88.7,39.4,3.72,1591.0,0,0
100562,CAEX-046,2026-08-08,C,noche,12,106.0,372.5,90.9,50.6,3.39,1849.0,0,0
105426,CAEX-004,2026-07-15,B,dia,7,102.0,335.5,83.4,53.9,4.63,1546.0,2,0
105036,CAEX-014,2026-06-16,C,noche,8,109.0,359.9,93.0,,4.33,1888.0,1,0
100881,CAEX-047,2026-05-27,A,dia,5,154.0,284.5,94.9,79.0,8.33,1850.0,0,1
101788,CAEX-029,2026-04-12,A,noche,12,98.0,275.4,93.1,57.8,5.98,1736.0,0,0
101009,CAEX-034,2026-04-17,A,noche,5,216.0,286.2,83.1,44.6,4.46,2232.0,1,1
105762,CAEX-029,2026-05-09,A,noche,12,148.0,281.0,91.8,60.3,4.95,1713.0,0,0
105655,CAEX-016,2026-08-06,A,noche,5,102.0,272.5,76.9,59.7,2.6,1495.0,0,0
101427,CAEX-009,2026-05-31,A,noche,9,416.0,273.0,93.2,49.7,4.72,1584.0,1,0
101121,CAEX-046,2026-07-16,C,noche,12,64.0,372.2,88.8,47.5,5.49,1901.0,0,0
102167,CAEX-020,2026-04-15,B,dia,7,410.0,321.8,84.9,50.7,2.97,1594.0,3,0
102723,CAEX-052,2026-06-11,A,noche,2,512.0,260.7,85.4,52.3,5.82,1702.0,1,0
101196,CAEX-058,2026-08-19,B,noche,3,349.0,328.7,84.0,52.2,3.27,2152.0,1,1
105213,CAEX-049,2026-04-01,B,dia,5,606.0,336.3,92.1,51.7,3.03,1679.0,2,0
105354,CAEX-027,2026-05-04,B,noche,1,33.0,326.3,89.3,48.7,5.53,1657.0,2,0
104485,CAEX-019,2026-04-20,C,noche,5,220.0,350.3,91.4,55.3,3.93,1071.0,2,1
101331,CAEX-021,2026-05-07,C,noche,14,301.0,369.3,89.5,44.3,3.7,1663.0,0,0
104064,CAEX-002,2026-04-25,B,noche,10,183.0,298.0,93.1,46.3,3.96,1770.0,1,0
104671,CAEX-056,2026-03-24,C,dia,7,163.0,339.5,94.4,48.4,4.52,1491.0,0,0
105313,CAEX-011,2026-03-01,A,noche,8,188.0,281.8,86.4,58.8,2.99,1518.0,1,0
105660,CAEX-043,2026-04-22,B,noche,6,542.0,305.0,103.3,46.0,6.25,1302.0,1,1
101421,CAEX-019,2026-03-24,C,dia,5,150.0,356.5,87.7,51.9,6.36,1899.0,1,0
102638,CAEX-053,2026-08-05,C,noche,11,158.0,387.4,89.1,61.1,6.44,1554.0,0,0
102180,CAEX-013,2026-08-09,B,dia,2,136.0,357.4,96.9,48.5,3.65,1601.0,0,0
105930,CAEX-037,2026-03-05,A,noche,2,227.0,281.2,86.1,,4.73,1867.0,0,0
102762,CAEX-057,2026-08-11,B,dia,11,326.0,348.8,101.0,50.3,3.22,1777.0,0,1
101722,CAEX-032,2026-05-16,C,noche,4,373.0,367.2,98.4,55.3,2.72,1642.0,0,0
101232,CAEX-034,2026-03-28,A,dia,5,175.0,297.3,79.5,55.0,6.15,1532.0,0,0
102207,CAEX-058,2026-06-18,B,dia,3,126.0,274.5,86.0,52.5,2.83,1509.0,0,0
100397,CAEX-056,2026-03-07,C,dia,7,192.0,393.9,93.5,45.3,3.33,1804.0,0,0
101316,CAEX-026,2026-08-05,A,noche,12,191.0,269.9,95.4,52.6,2.72,1652.0,2,0
104920,CAEX-018,2026-05-21,A,noche,1,200.0,275.9,86.8,48.2,5.92,1565.0,0,0
105975,CAEX-001,2026-06-26,C,dia,7,198.0,342.2,93.9,,3.51,1944.0,1,0
103275,CAEX-050,2026-04-15,A,dia,1,197.0,276.1,81.0,48.5,4.28,1624.0,2,0
101536,CAEX-053,2026-05-18,C,dia,11,1006.0,361.7,101.5,55.6,4.29,1982.0,0,1
104683,CAEX-054,2026-03-03,B,dia,11,281.0,332.0,87.1,62.9,5.59,1486.0,0,0
103833,CAEX-042,2026-06-26,C,dia,10,170.0,323.8,81.7,40.8,4.12,1609.0,0,0
101960,CAEX-025,2026-04-02,C,noche,14,106.0,343.8,80.3,57.7,7.82,1495.0,2,1
100614,CAEX-050,2026-03-14,A,noche,1,274.0,267.8,87.2,53.4,4.58,1458.0,2,0
100291,CAEX-045,2026-03-03,C,dia,6,58.0,380.0,85.9,53.2,4.75,1564.0,0,0
103612,CAEX-011,2026-05-26,A,noche,8,368.0,293.0,90.4,53.7,3.38,1753.0,1,0
105165,CAEX-018,2026-07-02,A,noche,1,61.0,279.6,77.9,48.9,5.71,1588.0,0,0
100991,CAEX-038,2026-08-09,B,noche,8,64.0,,92.4,56.9,2.58,2022.0,1,0
104616,CAEX-012,2026-04-28,C,noche,8,269.0,339.2,97.4,56.0,5.05,1329.0,0,1
105448,CAEX-003,2026-07-07,C,noche,10,338.0,333.2,96.7,58.3,2.75,1678.0,2,0
102616,CAEX-055,2026-07-15,B,dia,10,271.0,310.5,81.5,55.8,3.64,1527.0,0,0
102625,CAEX-011,2026-05-31,A,dia,8,338.0,276.7,92.0,52.3,4.37,1554.0,0,0
100651,CAEX-015,2026-06-20,B,noche,12,281.0,339.9,82.9,55.4,5.33,1836.0,0,0
101560,CAEX-013,2026-05-24,B,noche,2,55.0,306.4,78.2,52.2,7.36,1620.0,2,0
100488,CAEX-052,2026-04-13,A,dia,2,72.0,277.2,84.6,47.0,10.0,1751.0,1,1
104494,CAEX-053,2026-07-04,C,noche,11,321.0,328.1,,53.9,6.78,1595.0,1,0
101773,CAEX-005,2026-08-11,A,noche,12,180.0,274.2,84.9,59.1,4.35,1843.0,1,0
101679,CAEX-032,2026-03-18,C,dia,4,102.0,368.8,83.4,49.9,3.85,1672.0,1,0
100346,CAEX-019,2026-03-13,C,dia,5,82.0,339.0,84.7,61.5,7.2,1648.0,0,0
101314,CAEX-020,2026-04-15,B,noche,7,255.0,362.6,89.3,57.0,5.73,1673.0,1,0
102514,CAEX-026,2026-07-16,A,dia,12,351.0,277.8,90.5,54.5,4.15,1461.0,3,0
103823,CAEX-003,2026-06-02,C,dia,10,99.0,376.9,81.4,49.1,2.6,1603.0,1,0
100853,CAEX-044,2026-08-12,A,noche,6,279.0,265.8,90.2,47.9,3.82,1734.0,1,0
103114,CAEX-018,2026-08-13,A,dia,1,268.0,291.2,98.1,56.5,4.24,1489.0,0,0
100093,CAEX-010,2026-06-11,B,dia,9,374.0,288.2,102.3,48.9,2.96,1671.0,2,1
105555,CAEX-040,2026-05-24,B,noche,11,270.0,337.8,93.4,53.2,6.88,1651.0,1,0
104105,CAEX-008,2026-06-09,C,dia,11,64.0,359.5,85.1,62.0,5.46,1517.0,0,0
104339,CAEX-043,2026-06-02,B,dia,6,150.0,298.3,97.3,45.5,4.85,1659.0,1,0
100795,CAEX-009,2026-04-25,A,dia,9,223.0,269.4,95.9,46.7,3.71,1287.0,0,1
105737,CAEX-020,2026-05-15,B,noche,7,200.0,326.3,84.3,58.7,3.24,1653.0,1,0
105623,CAEX-027,2026-06-06,B,dia,1,159.0,287.2,89.1,56.4,5.2,1691.0,1,0
102545,CAEX-048,2026-08-15,A,noche,3,38.0,294.1,98.5,54.5,4.29,1493.0,1,1
105584,CAEX-006,2026-04-10,C,noche,8,97.0,325.6,93.3,53.7,5.38,1957.0,0,0
102940,CAEX-053,2026-07-05,C,noche,11,136.0,366.5,92.7,,4.21,1853.0,0,0
102922,CAEX-008,2026-03-13,C,noche,11,107.0,351.0,83.7,54.3,4.75,1285.0,0,0
100703,CAEX-027,2026-07-16,B,noche,1,153.0,324.8,96.2,56.4,5.7,1768.0,0,0
101775,CAEX-059,2026-06-26,A,noche,13,615.0,241.6,89.4,54.5,3.68,1517.0,0,0
103397,CAEX-039,2026-05-03,A,noche,8,171.0,304.7,83.9,57.7,5.42,1585.0,1,0
104300,CAEX-033,2026-06-10,A,dia,13,564.0,281.8,83.8,50.5,2.65,1717.0,2,0
103537,CAEX-021,2026-06-19,C,noche,14,81.0,359.9,84.7,50.6,2.0,1562.0,0,0
103660,CAEX-058,2026-05-13,B,dia,3,67.0,312.4,85.2,62.7,2.96,1690.0,0,0
103669,CAEX-045,2026-06-27,C,dia,6,413.0,386.1,97.2,47.2,4.49,1396.0,1,1
102355,CAEX-049,2026-05-29,B,dia,5,452.0,314.8,90.7,61.7,2.68,1572.0,0,0
103317,CAEX-007,2026-05-11,C,dia,2,228.0,363.1,93.0,61.1,4.2,1532.0,0,0
103203,CAEX-058,2026-07-10,B,dia,3,20.0,323.3,81.9,,5.72,1808.0,0,0
101526,CAEX-052,2026-05-06,A,noche,2,236.0,277.9,95.9,61.2,3.49,1717.0,0,0
102917,CAEX-011,2026-03-23,A,dia,8,149.0,299.2,88.7,59.9,7.79,1556.0,0,0
103206,CAEX-015,2026-07-09,B,dia,12,204.0,324.2,85.1,50.1,3.68,1129.0,1,1
104366,CAEX-046,2026-07-27,C,noche,12,71.0,335.0,86.2,52.6,3.89,1744.0,0,0
105842,CAEX-018,2026-07-15,A,dia,1,315.0,274.2,98.9,56.4,3.3,1776.0,0,0
100431,CAEX-051,2026-04-30,A,noche,2,318.0,293.4,92.9,52.5,2.88,1748.0,3,0
102486,CAEX-033,2026-03-13,A,dia,13,189.0,270.2,83.6,51.4,2.91,1625.0,1,0
103261,CAEX-057,2026-05-15,B,dia,11,298.0,335.7,86.0,54.5,6.01,1539.0,0,0
102250,CAEX-017,2026-06-11,B,noche,9,268.0,333.3,85.5,,3.11,1955.0,0,0
102734,CAEX-014,2026-03-27,C,noche,8,115.0,335.3,91.7,57.3,2.59,1779.0,1,0
102356,CAEX-059,2026-07-25,A,noche,13,111.0,269.5,85.1,59.7,4.35,1607.0,1,0
103983,CAEX-034,2026-05-14,A,noche,5,82.0,284.2,86.2,54.1,3.43,1518.0,1,0
105174,CAEX-029,2026-03-30,A,noche,12,227.0,299.0,77.9,53.6,4.6,1652.0,1,0
105011,CAEX-044,2026-04-13,A,dia,6,22.0,284.4,,48.7,4.71,1340.0,0,0
105760,CAEX-011,2026-07-22,A,noche,8,191.0,276.6,85.9,55.2,4.1,1751.0,1,0
101740,CAEX-032,2026-05-11,C,noche,4,302.0,364.8,90.7,43.7,3.09,1612.0,0,0
101129,CAEX-025,2026-07-16,C,dia,14,143.0,342.6,81.7,,7.24,1664.0,0,0
103493,CAEX-036,2026-08-07,A,dia,10,979.0,279.8,94.4,43.4,3.46,1488.0,0,1
102991,CAEX-038,2026-06-06,B,noche,8,31.0,352.3,78.3,45.4,3.19,1714.0,0,0
103484,CAEX-058,2026-04-23,B,noche,3,74.0,318.1,89.7,52.7,3.07,1565.0,0,0
102354,CAEX-011,2026-05-16,A,dia,8,151.0,288.0,96.5,52.9,3.56,1527.0,1,0
103889,CAEX-045,2026-04-25,C,dia,6,255.0,362.1,92.5,52.2,3.58,1551.0,0,0
104523,CAEX-033,2026-05-14,A,dia,13,570.0,293.4,98.4,50.1,4.85,1750.0,1,1
100633,CAEX-042,2026-05-14,C,noche,10,251.0,333.6,91.5,39.6,4.83,1623.0,0,0
100578,CAEX-023,2026-05-21,C,dia,4,408.0,372.9,92.7,54.8,5.37,1766.0,2,0
103515,CAEX-024,2026-03-22,C,noche,6,97.0,393.0,91.6,54.4,5.14,2049.0,1,0
101081,CAEX-016,2026-04-06,A,noche,5,132.0,275.7,93.6,52.4,4.56,1833.0,1,0
104402,CAEX-059,2026-04-29,A,noche,13,239.0,274.9,89.2,46.3,3.78,1835.0,0,0
104013,CAEX-045,2026-03-03,C,dia,6,207.0,372.6,,55.2,3.62,1813.0,2,0
104541,CAEX-035,2026-05-14,B,noche,7,62.0,357.5,84.0,45.2,2.67,1662.0,0,0
104965,CAEX-039,2026-07-02,A,noche,8,229.0,285.3,89.2,65.3,2.3,1821.0,1,0
103944,CAEX-016,2026-03-30,A,dia,5,248.0,231.0,88.6,53.6,5.42,1349.0,0,0
102528,CAEX-019,2026-03-10,C,noche,5,190.0,357.6,91.3,51.3,5.02,1732.0,0,0
101856,CAEX-051,2026-05-21,A,dia,2,392.0,281.4,87.7,62.1,6.08,1743.0,1,0
101918,CAEX-052,2026-05-06,A,noche,2,98.0,284.2,95.4,54.3,5.97,1554.0,0,0
104759,CAEX-018,2026-06-29,A,noche,1,372.0,289.8,83.1,48.3,6.84,1412.0,0,0
103074,CAEX-023,2026-07-31,C,noche,4,1000.0,365.2,93.7,38.7,3.35,1725.0,3,1
100984,CAEX-032,2026-07-21,C,noche,4,244.0,363.0,93.2,56.2,4.8,1637.0,0,0
102462,CAEX-030,2026-07-27,B,dia,1,423.0,347.5,91.5,52.0,4.06,1602.0,1,0
101676,CAEX-052,2026-07-28,A,noche,2,228.0,279.5,79.9,42.2,5.35,1736.0,1,0
100786,CAEX-036,2026-07-29,A,noche,10,329.0,283.7,98.7,48.7,6.05,1768.0,0,0
104981,CAEX-023,2026-05-24,C,dia,4,489.0,339.7,91.3,53.1,5.02,1505.0,1,0
101974,CAEX-033,2026-06-25,A,dia,13,112.0,323.1,89.3,64.2,5.45,1824.0,0,0
100501,CAEX-044,2026-04-03,A,noche,6,664.0,299.3,91.0,55.4,4.11,1613.0,1,0
105835,CAEX-033,2026-08-24,A,noche,13,137.0,248.1,86.7,57.3,4.96,1816.0,0,0
103666,CAEX-029,2026-04-19,A,noche,12,178.0,286.1,85.5,61.1,7.57,1351.0,0,0
102118,CAEX-030,2026-05-18,B,noche,1,102.0,341.8,77.0,51.0,6.33,1574.0,1,0
103038,CAEX-026,2026-03-20,A,dia,12,108.0,275.4,98.6,54.2,4.35,1563.0,0,0
101362,CAEX-015,2026-08-17,B,dia,12,58.0,274.9,85.6,45.3,5.62,1867.0,0,0
100293,CAEX-026,2026-05-20,A,noche,12,85.0,298.7,86.1,63.3,4.57,1893.0,2,0
102421,CAEX-052,2026-07-26,A,dia,2,217.0,260.4,94.6,48.0,5.78,1486.0,0,0
103496,CAEX-026,2026-03-02,A,noche,12,85.0,290.7,88.1,47.8,3.08,1906.0,0,0
101683,CAEX-051,2026-07-21,A,dia,2,100.0,290.0,90.8,56.9,5.88,1355.0,0,0
100094,CAEX-058,2026-07-30,B,noche,3,43.0,318.4,90.2,58.0,6.84,1809.0,0,0
103068,CAEX-006,2026-08-09,C,dia,8,196.0,330.8,89.3,59.7,5.58,1500.0,0,0
104539,CAEX-025,2026-04-21,C,dia,14,66.0,332.9,87.0,51.3,5.38,1459.0,1,0
104371,CAEX-003,2026-08-25,C,noche,10,56.0,301.8,90.6,54.1,7.21,1623.0,0,0
103658,CAEX-036,2026-08-13,A,noche,10,95.0,248.8,79.8,51.7,4.27,1544.0,0,0
102079,CAEX-001,2026-06-01,C,dia,7,108.0,359.6,82.4,56.9,3.46,1873.0,1,1
100860,CAEX-050,2026-07-16,A,dia,1,480.0,288.1,81.2,47.9,3.2,1536.0,0,0
105558,CAEX-056,2026-03-24,C,dia,7,515.0,327.3,94.3,57.5,6.74,1283.0,0,1
100280,CAEX-007,2026-05-27,C,dia,2,296.0,362.2,82.3,51.1,3.7,1708.0,0,0
103926,CAEX-028,2026-06-09,A,noche,4,321.0,279.1,98.3,51.8,3.87,1703.0,1,0
102804,CAEX-050,2026-08-01,A,noche,1,394.0,268.4,87.9,47.8,9.02,1623.0,1,1
101940,CAEX-043,2026-07-23,B,dia,6,157.0,321.7,88.8,50.3,4.33,1724.0,1,0
103961,CAEX-044,2026-05-07,A,dia,6,188.0,278.0,88.2,62.2,3.44,1671.0,3,0
105768,CAEX-056,2026-08-27,C,dia,7,73.0,380.7,89.4,53.3,8.21,1811.0,1,0
101957,CAEX-033,2026-07-25,A,dia,13,50.0,266.1,90.8,58.5,4.02,1844.0,0,1
104668,CAEX-006,2026-03-02,C,noche,8,73.0,391.5,90.2,59.6,5.4,1896.0,1,0
100862,CAEX-052,2026-06-02,A,noche,2,69.0,279.7,82.0,56.3,4.85,1515.0,0,0
104995,CAEX-013,2026-03-13,B,dia,2,108.0,296.1,88.8,47.6,4.66,1642.0,0,0
100939,CAEX-044,2026-05-17,A,noche,6,377.0,260.9,97.4,52.4,4.39,1575.0,1,0
103235,CAEX-036,2026-05-30,A,noche,10,109.0,303.1,86.8,52.2,1.93,1720.0,1,0
103854,CAEX-017,2026-05-31,B,noche,9,260.0,350.4,96.4,46.7,4.58,1579.0,1,1
100007,CAEX-010,2026-05-10,B,dia,9,334.0,313.6,93.7,46.3,3.95,1743.0,0,0
101064,CAEX-030,2026-04-19,B,dia,1,180.0,330.4,95.7,50.7,4.08,1706.0,1,0
102765,CAEX-050,2026-03-04,A,dia,1,113.0,280.6,86.0,57.1,3.67,1588.0,0,0
103533,CAEX-049,2026-06-02,B,dia,5,267.0,309.2,91.2,69.8,4.82,1524.0,0,0
104253,CAEX-054,2026-04-13,B,noche,11,418.0,342.5,88.2,41.8,3.31,1711.0,0,0
100225,CAEX-030,2026-07-25,B,dia,1,100.0,342.2,84.9,60.1,4.75,1521.0,0,0
101524,CAEX-012,2026-04-19,C,dia,8,90.0,343.4,85.0,53.7,2.56,1560.0,0,0
102389,CAEX-023,2026-03-08,C,dia,4,560.0,397.7,88.2,51.5,,1389.0,0,0
100437,CAEX-015,2026-05-24,B,dia,12,71.0,287.6,91.9,53.7,7.45,1697.0,0,0
105502,CAEX-048,2026-05-07,A,dia,3,301.0,259.1,98.6,53.8,5.16,1839.0,1,0
101044,CAEX-040,2026-04-28,B,dia,11,213.0,331.7,85.9,56.0,4.21,1678.0,0,0
101359,CAEX-043,2026-04-22,B,dia,6,197.0,307.4,85.8,59.5,5.33,1540.0,1,0
103952,CAEX-056,2026-06-01,C,dia,7,557.0,333.9,92.9,,3.22,1658.0,0,0
103249,CAEX-047,2026-05-19,A,dia,5,400.0,289.4,93.7,41.7,5.54,1379.0,0,1
100603,CAEX-008,2026-05-11,C,noche,11,156.0,371.3,81.0,51.1,3.13,1705.0,1,0
104691,CAEX-012,2026-04-17,C,noche,8,65.0,330.2,88.8,53.0,5.07,1662.0,0,0
103077,CAEX-011,2026-05-25,A,noche,8,210.0,273.8,81.1,54.0,4.99,1608.0,0,0
105698,CAEX-015,2026-06-27,B,dia,12,400.0,344.1,91.1,59.1,6.91,1751.0,0,1
101339,CAEX-030,2026-04-12,B,noche,1,127.0,347.8,95.8,47.2,6.99,1501.0,0,0
104165,CAEX-023,2026-07-06,C,dia,4,106.0,333.5,81.6,,3.47,1776.0,0,0
103058,CAEX-060,2026-05-20,A,noche,8,250.0,286.8,92.8,57.7,3.3,1533.0,1,0
101854,CAEX-041,2026-04-15,B,dia,14,81.0,292.8,94.2,53.2,3.67,1572.0,0,0
103018,CAEX-049,2026-04-29,B,dia,5,290.0,305.3,93.9,56.1,6.55,1508.0,0,0
100769,CAEX-057,2026-05-07,B,noche,11,406.0,318.0,87.8,51.9,4.13,1715.0,0,1
101309,CAEX-007,2026-03-03,C,noche,2,217.0,350.0,81.5,45.9,3.69,1481.0,0,0
102080,CAEX-060,2026-08-11,A,dia,8,104.0,269.0,80.1,48.7,3.63,1905.0,0,0
103755,CAEX-012,2026-03-04,C,noche,8,118.0,354.8,,53.9,4.26,1827.0,0,0
105069,CAEX-055,2026-08-14,B,noche,10,454.0,313.1,91.0,50.6,4.36,1619.0,2,0
103156,CAEX-014,2026-05-01,C,dia,8,31.0,333.8,87.3,68.2,1.82,1939.0,0,0
102105,CAEX-041,2026-07-22,B,dia,14,295.0,347.5,82.7,47.8,4.01,1699.0,1,0
101932,CAEX-041,2026-07-31,B,dia,14,188.0,304.0,88.4,51.5,2.36,1741.0,1,0
104446,CAEX-024,2026-05-02,C,dia,6,120.0,364.8,85.1,53.6,3.78,1796.0,0,0
104463,CAEX-058,2026-07-21,B,dia,3,165.0,320.7,89.2,52.9,5.03,1767.0,1,0
100465,CAEX-047,2026-07-22,A,noche,5,64.0,277.8,89.5,61.3,2.76,1573.0,0,0
100569,CAEX-019,2026-05-05,C,noche,5,116.0,346.1,88.0,58.5,2.98,1572.0,1,0
100726,CAEX-043,2026-03-01,B,dia,6,550.0,309.7,88.7,47.9,4.32,1872.0,1,0
103232,CAEX-060,2026-04-23,A,noche,8,23.0,282.1,91.0,51.0,6.68,1473.0,0,0
101819,CAEX-017,2026-03-24,B,noche,9,47.0,329.7,92.7,50.2,2.42,1541.0,1,0
101527,CAEX-060,2026-07-31,A,dia,8,340.0,284.6,91.4,45.4,3.83,1667.0,1,0
103680,CAEX-027,2026-04-21,B,noche,1,107.0,351.4,86.7,64.1,,1427.0,0,0
100396,CAEX-023,2026-05-15,C,noche,4,488.0,382.5,100.0,51.9,6.38,1791.0,0,0
102280,CAEX-004,2026-04-16,B,noche,7,246.0,335.0,89.3,49.2,4.31,1644.0,1,0
104978,CAEX-008,2026-08-01,C,noche,11,94.0,330.7,76.9,52.9,2.86,1643.0,0,0
100661,CAEX-018,2026-04-20,A,dia,1,265.0,297.9,101.6,,5.33,1749.0,0,1
100814,CAEX-026,2026-07-08,A,dia,12,282.0,290.7,93.4,48.0,2.17,1392.0,0,0
102102,CAEX-022,2026-05-10,A,dia,4,488.0,280.6,94.9,45.2,10.35,1878.0,4,1
101144,CAEX-054,2026-08-11,B,noche,11,502.0,319.4,90.5,59.7,5.12,1520.0,0,0
101036,CAEX-007,2026-04-14,C,dia,2,179.0,355.0,92.2,59.7,4.39,1563.0,0,0
102775,CAEX-017,2026-08-09,B,dia,9,642.0,314.7,83.6,48.6,5.51,1425.0,0,0
100026,CAEX-016,2026-08-20,A,noche,5,57.0,250.9,93.9,53.1,2.94,1506.0,2,0
101824,CAEX-028,2026-05-04,A,noche,4,409.0,281.6,100.9,52.1,3.96,1455.0,0,1
102471,CAEX-053,2026-08-08,C,noche,11,621.0,360.0,93.2,45.5,4.86,1183.0,0,1
106000,CAEX-056,2026-07-10,C,dia,7,82.0,405.4,90.0,56.9,3.09,1586.0,0,0
105440,CAEX-010,2026-07-14,B,noche,9,89.0,331.6,84.4,59.7,4.68,1615.0,1,0
102542,CAEX-041,2026-04-13,B,dia,14,154.0,332.3,90.8,55.6,6.96,1566.0,2,0
101816,CAEX-001,2026-05-21,C,dia,7,176.0,326.8,81.9,56.5,3.43,1710.0,1,0
104207,CAEX-016,2026-03-30,A,noche,5,209.0,292.9,92.9,58.7,2.87,1507.0,0,0
101963,CAEX-058,2026-05-12,B,noche,3,162.0,303.8,84.5,,5.54,1251.0,0,0
104532,CAEX-048,2026-08-15,A,noche,3,340.0,274.3,,52.2,3.1,1388.0,2,0
100774,CAEX-026,2026-07-27,A,noche,12,313.0,261.8,88.7,52.1,4.15,1445.0,2,0
102962,CAEX-025,2026-04-24,C,noche,14,385.0,344.7,88.1,51.7,2.92,1434.0,1,0
102816,CAEX-038,2026-05-28,B,noche,8,307.0,328.6,84.2,54.0,4.02,1354.0,0,0
105725,CAEX-012,2026-05-31,C,dia,8,229.0,319.6,89.2,48.7,4.73,1637.0,1,0
102912,CAEX-024,2026-04-19,C,dia,6,208.0,343.1,84.9,53.3,6.76,1693.0,1,0
105119,CAEX-011,2026-04-20,A,dia,8,291.0,284.9,93.7,,6.84,1449.0,0,0
105087,CAEX-033,2026-03-28,A,noche,13,283.0,282.1,79.2,56.3,5.23,1849.0,0,0
100202,CAEX-057,2026-04-05,B,noche,11,205.0,293.5,86.8,53.9,2.84,1691.0,0,0
104789,CAEX-003,2026-03-06,C,dia,10,20.0,340.5,85.4,59.7,3.89,2052.0,0,0
102071,CAEX-031,2026-06-19,B,noche,12,90.0,293.3,85.6,60.4,4.73,1319.0,0,0
101987,CAEX-019,2026-03-20,C,noche,5,123.0,370.4,80.8,56.5,4.16,1733.0,2,0
103070,CAEX-024,2026-03-20,C,dia,6,238.0,340.6,90.1,51.1,5.0,1308.0,1,0
104401,CAEX-012,2026-07-12,C,noche,8,89.0,341.0,81.9,59.6,3.44,1537.0,1,0
105320,CAEX-002,2026-08-22,B,noche,10,111.0,360.9,89.8,52.7,2.59,1670.0,0,0
105693,CAEX-045,2026-03-04,C,noche,6,198.0,315.7,93.3,,3.53,1721.0,0,0
105962,CAEX-001,2026-08-13,C,dia,7,84.0,364.2,86.5,59.4,4.68,1748.0,0,0
100791,CAEX-018,2026-04-05,A,noche,1,134.0,275.8,85.6,54.9,3.48,1634.0,0,0
102347,CAEX-029,2026-05-31,A,dia,12,80.0,288.2,81.6,55.8,2.79,1503.0,0,0
100140,CAEX-047,2026-04-26,A,noche,5,464.0,267.1,87.2,50.6,4.52,1636.0,1,0
101887,CAEX-044,2026-04-08,A,dia,6,90.0,292.4,85.7,50.0,4.48,1781.0,0,0
100339,CAEX-029,2026-04-05,A,noche,12,72.0,289.7,85.0,58.9,5.15,1859.0,0,0
100261,CAEX-059,2026-07-29,A,dia,13,51.0,279.8,86.7,54.8,3.47,1531.0,0,0
100037,CAEX-005,2026-05-19,A,dia,12,364.0,246.6,96.3,42.2,4.4,1632.0,0,0
100720,CAEX-037,2026-07-26,A,noche,2,357.0,290.1,92.5,58.6,3.51,1977.0,1,0
105871,CAEX-025,2026-03-19,C,dia,14,322.0,371.4,100.3,45.9,4.1,1659.0,0,1
104477,CAEX-008,2026-07-17,C,noche,11,207.0,360.4,83.0,52.3,4.91,1645.0,1,0
100377,CAEX-045,2026-03-26,C,dia,6,132.0,295.2,91.3,59.7,2.56,1688.0,0,0
103258,CAEX-040,2026-05-31,B,noche,11,131.0,281.0,96.6,51.4,3.93,1690.0,1,0
103015,CAEX-045,2026-04-08,C,noche,6,582.0,347.1,96.9,59.4,3.32,2075.0,1,1
103611,CAEX-007,2026-04-06,C,noche,2,14.0,355.4,87.4,52.1,3.67,1605.0,0,0
100303,CAEX-016,2026-08-18,A,dia,5,203.0,273.5,92.0,52.8,8.51,1420.0,1,0
101076,CAEX-006,2026-06-30,C,noche,8,256.0,348.4,86.0,58.4,2.81,1701.0,0,0
105181,CAEX-040,2026-07-30,B,dia,11,202.0,312.7,78.6,54.5,3.57,1778.0,1,0
104731,CAEX-057,2026-06-19,B,noche,11,110.0,305.6,87.6,49.7,3.96,1984.0,1,0
103136,CAEX-051,2026-03-20,A,noche,2,476.0,263.0,80.1,50.0,3.46,1726.0,1,0
102492,CAEX-052,2026-03-13,A,noche,2,214.0,282.5,91.1,54.1,2.99,1571.0,0,0
100363,CAEX-012,2026-04-26,C,dia,8,658.0,366.8,95.7,42.7,4.24,1658.0,1,0
105242,CAEX-059,2026-07-18,A,noche,13,308.0,251.9,86.2,59.6,3.7,1238.0,0,1
101566,CAEX-059,2026-03-21,A,dia,13,37.0,295.3,87.4,51.5,2.18,1375.0,0,0
102589,CAEX-029,2026-03-20,A,noche,12,155.0,282.9,96.6,45.6,4.02,1776.0,0,0
104303,CAEX-051,2026-08-23,A,dia,2,208.0,284.6,88.7,59.1,6.74,1269.0,0,0
104032,CAEX-043,2026-05-21,B,dia,6,300.0,298.1,94.2,,2.83,1392.0,1,0
100954,CAEX-046,2026-08-02,C,noche,12,95.0,311.3,80.7,54.8,4.85,1659.0,0,0
100482,CAEX-045,2026-08-17,C,dia,6,282.0,344.3,94.6,47.1,7.72,1926.0,0,0
103552,CAEX-052,2026-03-21,A,dia,2,157.0,296.8,83.3,57.4,2.49,1954.0,0,0
100273,CAEX-030,2026-08-24,B,noche,1,91.0,332.7,90.6,58.8,7.4,1809.0,1,0
105974,CAEX-021,2026-06-21,C,noche,14,290.0,360.6,98.1,52.1,,1624.0,1,0
104328,CAEX-036,2026-07-23,A,noche,10,87.0,270.3,90.1,52.5,4.53,1555.0,0,0
102979,CAEX-041,2026-06-15,B,noche,14,168.0,339.2,84.9,45.7,6.86,1418.0,0,0
103244,CAEX-023,2026-04-14,C,noche,4,223.0,319.0,96.9,63.7,2.78,1536.0,2,0
105462,CAEX-018,2026-07-04,A,dia,1,277.0,291.1,86.8,65.3,3.02,1601.0,0,0
100710,CAEX-017,2026-08-06,B,dia,9,182.0,330.4,87.7,61.3,2.96,1677.0,0,0
104169,CAEX-047,2026-07-12,A,dia,5,56.0,284.9,83.0,54.6,3.66,1638.0,0,0
104538,CAEX-060,2026-05-05,A,noche,8,192.0,269.6,97.0,48.7,6.81,1582.0,0,0
103830,CAEX-007,2026-03-08,C,noche,2,12.0,340.4,84.4,,3.91,1771.0,0,0
103702,CAEX-014,2026-08-02,C,dia,8,30.0,360.0,86.4,54.0,3.53,1867.0,1,0
100131,CAEX-040,2026-05-26,B,dia,11,387.0,297.7,86.8,46.9,4.11,1746.0,1,0
104842,CAEX-028,2026-03-19,A,dia,4,278.0,299.6,82.8,62.4,2.68,1661.0,1,0
104778,CAEX-023,2026-06-12,C,dia,4,170.0,381.0,87.7,54.6,3.81,1783.0,0,0
104018,CAEX-008,2026-07-28,C,dia,11,213.0,371.2,79.4,41.9,7.99,1703.0,1,1
103661,CAEX-053,2026-08-26,C,noche,11,277.0,378.9,84.3,51.3,2.65,1883.0,0,0
100491,CAEX-058,2026-04-03,B,noche,3,37.0,329.8,78.0,52.8,2.67,1446.0,0,0
100090,CAEX-036,2026-07-08,A,dia,10,371.0,278.8,84.9,63.3,4.55,1574.0,3,0
101636,CAEX-007,2026-08-06,C,noche,2,114.0,360.4,84.8,49.7,4.31,1649.0,0,0
101993,CAEX-060,2026-04-23,A,dia,8,206.0,309.4,93.8,50.1,7.45,1688.0,1,0
104024,CAEX-008,2026-04-23,C,dia,11,284.0,335.3,90.8,55.4,3.82,1700.0,1,0
100352,CAEX-010,2026-04-11,B,noche,9,201.0,329.9,99.9,59.4,4.14,1623.0,0,0
102235,CAEX-023,2026-07-01,C,dia,4,77.0,352.5,85.9,45.3,1.92,1442.0,0,0
104844,CAEX-026,2026-06-05,A,noche,12,297.0,253.7,80.0,67.2,4.78,1712.0,0,0
104509,CAEX-001,2026-07-31,C,noche,7,306.0,321.6,82.1,50.5,5.75,1523.0,0,0
103984,CAEX-013,2026-06-13,B,noche,2,28.0,310.1,88.9,60.5,4.04,1624.0,0,0
101943,CAEX-035,2026-07-12,B,noche,7,250.0,313.3,86.2,53.6,6.77,1585.0,2,0
100400,CAEX-007,2026-05-18,C,noche,2,440.0,344.7,78.6,61.5,3.07,1393.0,0,0
104426,CAEX-029,2026-07-09,A,dia,12,72.0,289.5,87.6,50.2,7.2,1632.0,0,0
102928,CAEX-023,2026-06-30,C,dia,4,87.0,397.9,80.3,62.5,5.21,1782.0,0,0
101050,CAEX-018,2026-06-17,A,noche,1,90.0,289.7,85.9,55.0,6.16,1371.0,0,0
103636,CAEX-005,2026-03-22,A,noche,12,187.0,298.4,89.6,49.3,3.0,1590.0,0,0
101822,CAEX-004,2026-07-07,B,noche,7,135.0,317.7,81.0,52.9,3.24,1807.0,1,0
101101,CAEX-045,2026-06-25,C,noche,6,48.0,309.6,82.4,42.6,2.97,1521.0,0,0
103433,CAEX-037,2026-03-15,A,noche,2,460.0,283.9,89.9,55.1,6.02,1820.0,0,0
103456,CAEX-029,2026-05-30,A,noche,12,86.0,266.0,,50.3,4.99,1888.0,1,0
102025,CAEX-028,2026-05-19,A,noche,4,27.0,265.9,84.2,52.6,8.45,1579.0,2,0
105377,CAEX-007,2026-05-05,C,dia,2,606.0,347.0,92.8,44.1,2.3,1619.0,3,1
103962,CAEX-052,2026-04-22,A,dia,2,193.0,298.2,,54.9,6.31,1517.0,1,0
100422,CAEX-047,2026-08-17,A,dia,5,53.0,277.2,95.2,52.2,6.06,1854.0,0,0
101402,CAEX-013,2026-04-09,B,dia,2,215.0,357.1,89.2,58.3,2.77,1506.0,0,0
103590,CAEX-021,2026-08-02,C,dia,14,181.0,354.9,85.8,55.6,2.98,1895.0,0,0
102084,CAEX-031,2026-06-21,B,noche,12,81.0,329.7,83.1,51.3,5.38,2071.0,0,0
100964,CAEX-051,2026-03-26,A,noche,2,84.0,276.4,92.3,56.6,4.53,1449.0,0,0
101102,CAEX-045,2026-04-19,C,dia,6,242.0,341.5,91.3,53.2,4.37,1635.0,2,0
103264,CAEX-014,2026-06-06,C,noche,8,89.0,364.7,89.5,58.3,2.82,1646.0,0,0
104752,CAEX-045,2026-07-24,C,noche,6,368.0,320.8,89.3,48.3,4.14,1981.0,1,0
104093,CAEX-056,2026-06-03,C,dia,7,189.0,324.9,96.9,48.0,7.28,1670.0,3,1
105738,CAEX-015,2026-06-29,B,dia,12,111.0,328.6,91.0,49.7,3.84,1745.0,2,0
102536,CAEX-028,2026-04-26,A,dia,4,180.0,278.7,88.7,57.6,6.85,1596.0,0,0
100436,CAEX-039,2026-03-05,A,noche,8,420.0,298.6,94.9,46.4,4.54,1847.0,3,1
102304,CAEX-020,2026-07-28,B,dia,7,295.0,313.3,80.5,51.9,3.89,1600.0,0,0
102683,CAEX-051,2026-07-23,A,noche,2,105.0,286.9,86.8,60.6,2.7,1635.0,1,0
100830,CAEX-032,2026-07-08,C,noche,4,250.0,378.3,77.2,,6.64,1397.0,0,0
100789,CAEX-056,2026-06-07,C,dia,7,432.0,328.2,94.8,48.2,3.54,1505.0,1,0
104499,CAEX-040,2026-04-12,B,dia,11,605.0,289.5,94.3,49.8,3.77,1575.0,0,0
105525,CAEX-019,2026-03-19,C,dia,5,100.0,331.2,84.2,56.4,3.94,1830.0,2,0
100457,CAEX-015,2026-03-18,B,noche,12,54.0,320.5,86.6,54.8,7.02,1642.0,0,0
104917,CAEX-037,2026-07-17,A,noche,2,522.0,278.2,101.9,56.4,4.19,1464.0,1,1
102074,CAEX-031,2026-06-02,B,dia,12,320.0,318.5,82.4,42.6,3.08,1313.0,1,0
103905,CAEX-031,2026-04-01,B,noche,12,322.0,280.5,86.4,53.2,3.54,1291.0,0,0
103408,CAEX-042,2026-08-19,C,dia,10,442.0,315.3,104.9,56.0,5.76,1524.0,1,1
101106,CAEX-003,2026-07-25,C,dia,10,208.0,359.5,88.9,50.0,5.06,1410.0,0,0
104247,CAEX-016,2026-07-16,A,noche,5,336.0,327.0,88.6,,3.39,1483.0,1,0
101771,CAEX-055,2026-06-21,B,noche,10,259.0,322.5,91.9,47.3,4.99,1742.0,0,0
100399,CAEX-054,2026-03-24,B,dia,11,41.0,326.8,88.4,57.8,5.3,1722.0,0,0
105491,CAEX-022,2026-04-11,A,dia,4,302.0,294.8,89.7,53.0,7.24,1810.0,1,0
100798,CAEX-035,2026-04-07,B,dia,7,76.0,313.1,85.3,48.8,3.2,1308.0,1,0
102686,CAEX-003,2026-07-28,C,noche,10,133.0,358.1,89.4,46.8,2.89,1653.0,1,0
105563,CAEX-054,2026-06-09,B,dia,11,174.0,287.9,94.2,58.0,9.22,1764.0,1,0
105803,CAEX-056,2026-05-26,C,noche,7,54.0,337.2,83.3,56.2,7.26,1329.0,1,0
105021,CAEX-027,2026-08-24,B,noche,1,480.0,321.7,97.2,53.4,3.53,1718.0,1,0
105861,CAEX-024,2026-05-23,C,noche,6,144.0,363.0,103.4,59.5,10.8,1630.0,1,1
101459,CAEX-011,2026-07-23,A,dia,8,82.0,286.4,86.0,,6.46,1643.0,1,0
101665,CAEX-045,2026-04-01,C,noche,6,141.0,353.9,93.3,42.5,5.66,1176.0,0,1
101335,CAEX-015,2026-04-20,B,dia,12,162.0,339.3,90.1,,3.73,1390.0,1,0
100756,CAEX-057,2026-04-24,B,noche,11,150.0,316.5,82.0,,5.86,1865.0,0,0
100066,CAEX-006,2026-04-29,C,noche,8,154.0,317.3,82.2,65.4,2.1,1732.0,0,0
100178,CAEX-054,2026-03-01,B,dia,11,232.0,325.4,88.4,51.0,3.94,1258.0,2,1
104071,CAEX-026,2026-06-13,A,dia,12,134.0,273.9,90.3,55.4,8.04,1789.0,0,0
103328,CAEX-049,2026-05-26,B,noche,5,49.0,317.6,81.7,57.5,4.0,1366.0,0,0
102910,CAEX-029,2026-05-03,A,noche,12,362.0,266.1,86.7,56.5,3.73,1964.0,1,0
100027,CAEX-046,2026-07-06,C,dia,12,160.0,334.1,89.4,60.6,7.0,1673.0,0,0
100526,CAEX-034,2026-03-07,A,noche,5,251.0,273.9,81.5,49.7,4.66,1769.0,0,0
105662,CAEX-060,2026-05-23,A,dia,8,321.0,263.2,90.7,78.8,5.67,1634.0,2,0
105509,CAEX-046,2026-03-28,C,dia,12,133.0,356.6,89.9,61.9,2.51,1477.0,1,0
102370,CAEX-008,2026-04-08,C,noche,11,202.0,329.5,89.9,62.4,3.88,1520.0,0,0
105850,CAEX-017,2026-03-22,B,noche,9,19.0,328.1,83.7,49.7,5.58,1237.0,0,0
100665,CAEX-001,2026-04-19,C,noche,7,206.0,342.7,86.7,44.8,5.77,1623.0,1,0
102897,CAEX-007,2026-07-05,C,dia,2,176.0,353.1,95.6,53.3,5.08,1410.0,1,0
103129,CAEX-002,2026-06-28,B,dia,10,337.0,329.3,85.8,56.3,4.86,1795.0,2,1
102457,CAEX-021,2026-03-04,C,dia,14,330.0,325.2,81.8,49.3,4.01,1680.0,0,0
101222,CAEX-015,2026-08-07,B,dia,12,121.0,346.3,88.4,60.7,5.58,1548.0,0,0
101743,CAEX-050,2026-06-04,A,dia,1,95.0,290.6,92.4,51.5,5.57,1697.0,1,0
104193,CAEX-014,2026-04-29,C,noche,8,66.0,311.7,83.3,55.2,3.16,1520.0,0,0
100333,CAEX-051,2026-03-16,A,noche,2,307.0,307.0,87.2,56.7,4.13,1594.0,0,0
105188,CAEX-035,2026-06-14,B,noche,7,119.0,334.2,84.1,46.8,6.06,1552.0,1,0
104692,CAEX-058,2026-03-17,B,noche,3,364.0,323.1,84.8,58.6,4.48,1971.0,1,1
100599,CAEX-017,2026-03-26,B,dia,9,95.0,310.6,90.1,50.9,2.53,1407.0,1,0
105280,CAEX-054,2026-04-23,B,dia,11,348.0,330.2,85.1,48.4,5.14,1599.0,0,0
102435,CAEX-007,2026-04-02,C,noche,2,200.0,390.6,80.1,49.4,5.43,1725.0,1,0
104424,CAEX-046,2026-06-19,C,dia,12,160.0,330.7,84.8,52.9,4.25,1329.0,0,0
101460,CAEX-017,2026-07-30,B,noche,9,164.0,316.4,103.6,55.6,3.44,1821.0,0,0
103373,CAEX-057,2026-05-28,B,dia,11,208.0,354.1,89.8,59.4,3.22,1670.0,2,0
101416,CAEX-010,2026-07-19,B,dia,9,55.0,345.8,83.4,56.3,2.42,1160.0,0,1
100740,CAEX-039,2026-07-21,A,noche,8,61.0,274.4,84.5,62.3,3.89,1651.0,0,0
103424,CAEX-038,2026-04-07,B,noche,8,132.0,340.8,78.8,53.8,4.45,2005.0,0,0
100229,CAEX-057,2026-06-03,B,dia,11,183.0,336.4,76.4,49.9,4.8,1544.0,0,1
105778,CAEX-043,2026-03-29,B,noche,6,199.0,337.1,86.6,60.5,3.94,1573.0,0,0
100499,CAEX-032,2026-08-10,C,noche,4,251.0,356.7,88.6,60.5,4.18,1894.0,0,0
100008,CAEX-023,2026-08-21,C,noche,4,332.0,374.7,90.9,50.6,,1896.0,1,0
101978,CAEX-038,2026-03-29,B,dia,8,74.0,314.8,89.3,57.7,4.21,1775.0,0,0
100903,CAEX-058,2026-07-10,B,dia,3,201.0,327.5,87.1,51.5,3.02,1515.0,0,0
102993,CAEX-026,2026-03-13,A,dia,12,259.0,267.3,100.0,58.2,2.65,1451.0,1,1
104134,CAEX-006,2026-04-28,C,noche,8,129.0,364.1,81.2,56.2,3.9,1701.0,1,0
104157,CAEX-046,2026-04-14,C,noche,12,162.0,323.3,91.0,51.4,7.55,1659.0,0,0
102366,CAEX-024,2026-07-24,C,dia,6,127.0,361.2,85.6,60.8,2.72,1517.0,1,0
102950,CAEX-048,2026-03-29,A,dia,3,549.0,286.0,80.9,50.6,3.59,1970.0,2,0
101238,CAEX-027,2026-05-19,B,noche,1,295.0,317.8,93.9,47.9,2.86,1814.0,3,0
103790,CAEX-038,2026-04-25,B,noche,8,220.0,313.4,91.6,55.5,5.13,1688.0,1,0
101933,CAEX-055,2026-04-03,B,dia,10,157.0,346.6,86.3,60.0,3.46,2081.0,0,0
104858,CAEX-033,2026-03-27,A,noche,13,199.0,288.1,80.5,58.7,5.16,1755.0,1,0
103923,CAEX-012,2026-08-08,C,dia,8,133.0,347.3,89.3,51.6,3.65,1786.0,1,0
100950,CAEX-039,2026-08-23,A,dia,8,219.0,282.4,81.6,59.5,3.58,1779.0,1,0
101718,CAEX-053,2026-08-05,C,noche,11,503.0,389.4,95.9,52.8,3.14,1603.0,1,0
102184,CAEX-008,2026-03-23,C,dia,11,119.0,345.2,80.8,52.0,3.25,1924.0,0,0
102966,CAEX-034,2026-03-30,A,dia,5,64.0,263.5,87.7,56.1,3.38,1818.0,0,0
102577,CAEX-054,2026-07-09,B,dia,11,106.0,330.3,79.3,50.5,3.43,1939.0,0,0
104443,CAEX-050,2026-08-27,A,dia,1,22.0,280.8,80.1,54.5,4.53,1404.0,0,0
104762,CAEX-027,2026-06-22,B,dia,1,718.0,336.3,91.7,46.1,4.52,1665.0,2,0
100139,CAEX-057,2026-05-23,B,dia,11,575.0,320.7,93.5,56.5,3.6,1425.0,1,0
104836,CAEX-057,2026-05-12,B,dia,11,194.0,306.0,85.0,62.0,6.56,1683.0,0,0
102018,CAEX-052,2026-07-02,A,dia,2,122.0,262.2,97.3,50.5,3.93,1608.0,1,0
100252,CAEX-045,2026-07-13,C,dia,6,928.0,310.0,103.8,44.5,3.6,1715.0,4,1
105045,CAEX-032,2026-07-20,C,noche,4,476.0,305.4,89.9,51.0,3.76,1587.0,0,1
101091,CAEX-023,2026-04-24,C,dia,4,152.0,363.6,83.8,50.8,3.23,1485.0,2,0
102017,CAEX-018,2026-04-30,A,dia,1,181.0,259.1,89.3,56.3,3.21,1653.0,0,0
104184,CAEX-059,2026-05-09,A,noche,13,589.0,308.0,89.4,37.9,4.94,1281.0,0,1
103318,CAEX-029,2026-08-04,A,dia,12,179.0,248.6,86.8,59.2,2.63,1658.0,1,0
104059,CAEX-046,2026-05-13,C,dia,12,653.0,354.7,96.3,54.8,6.25,1645.0,2,1
100913,CAEX-051,2026-05-15,A,noche,2,307.0,297.7,92.3,46.7,3.27,1686.0,0,0
102416,CAEX-010,2026-06-15,B,dia,9,459.0,334.2,87.8,39.9,6.57,1789.0,1,0
103594,CAEX-008,2026-03-20,C,dia,11,352.0,347.7,96.5,53.2,5.45,1701.0,2,0
101282,CAEX-019,2026-08-16,C,noche,5,28.0,353.0,93.2,65.0,5.24,1700.0,0,0
104709,CAEX-021,2026-04-20,C,noche,14,91.0,335.2,80.2,44.6,8.94,1647.0,0,0
102308,CAEX-004,2026-05-31,B,noche,7,185.0,303.1,79.4,56.1,3.59,1738.0,2,0
102119,CAEX-014,2026-03-14,C,dia,8,294.0,343.5,94.1,46.3,4.88,1742.0,0,0
100912,CAEX-027,2026-05-24,B,noche,1,399.0,331.5,98.6,61.0,4.77,1778.0,1,0
102159,CAEX-003,2026-06-24,C,dia,10,49.0,365.9,87.5,62.2,3.95,1462.0,0,0
103762,CAEX-019,2026-06-21,C,noche,5,251.0,326.0,89.2,54.7,5.84,1803.0,0,0
101090,CAEX-003,2026-06-15,C,noche,10,411.0,,99.8,64.7,2.91,1537.0,3,1
103067,CAEX-047,2026-08-13,A,noche,5,175.0,274.0,94.9,57.9,3.98,1703.0,0,0
104576,CAEX-037,2026-07-08,A,noche,2,293.0,305.3,83.9,65.8,3.22,1568.0,1,0
103822,CAEX-051,2026-04-09,A,noche,2,316.0,287.5,96.6,57.9,3.18,1796.0,2,0
100937,CAEX-060,2026-06-01,A,noche,8,63.0,286.5,93.2,50.5,5.12,1512.0,0,0
104400,CAEX-018,2026-06-18,A,dia,1,87.0,307.2,93.6,54.2,5.09,1550.0,0,0
101830,CAEX-038,2026-06-05,B,noche,8,365.0,343.5,85.4,42.5,5.8,1588.0,1,0
101251,CAEX-029,2026-08-09,A,dia,12,107.0,318.3,86.4,52.0,2.88,1367.0,0,0
105487,CAEX-013,2026-04-30,B,noche,2,273.0,336.5,90.2,42.6,5.01,1567.0,0,0
104626,CAEX-046,2026-05-09,C,noche,12,347.0,350.9,86.1,38.9,5.26,1592.0,3,1
105751,CAEX-056,2026-04-10,C,dia,7,439.0,364.7,93.8,62.1,3.14,1683.0,4,0
100737,CAEX-033,2026-03-06,A,noche,13,212.0,261.3,91.4,55.1,4.37,2004.0,0,0
103811,CAEX-046,2026-04-27,C,dia,12,168.0,325.9,91.2,66.4,6.49,1665.0,3,0
104092,CAEX-032,2026-05-30,C,dia,4,123.0,369.8,78.2,54.6,4.78,1543.0,0,0
103885,CAEX-046,2026-03-13,C,dia,12,269.0,335.4,87.7,47.2,7.62,1561.0,0,0
104351,CAEX-002,2026-04-16,B,noche,10,275.0,310.4,85.2,52.2,4.01,1972.0,4,1
103838,CAEX-010,2026-07-05,B,noche,9,86.0,332.1,98.3,53.8,3.95,1679.0,0,0
101979,CAEX-049,2026-08-15,B,dia,5,233.0,331.5,100.3,48.1,6.34,1625.0,1,0
102671,CAEX-012,2026-04-15,C,dia,8,297.0,375.0,92.5,52.3,5.11,1387.0,0,0
101793,CAEX-041,2026-05-18,B,dia,14,325.0,314.5,94.7,52.5,2.81,1922.0,2,0
105518,CAEX-047,2026-03-19,A,noche,5,199.0,259.9,80.6,52.5,4.67,1948.0,1,0
104782,CAEX-031,2026-03-05,B,dia,12,374.0,319.1,87.6,52.4,2.78,1639.0,0,0
103747,CAEX-031,2026-06-11,B,noche,12,160.0,329.1,84.6,55.2,3.39,1871.0,2,0
104994,CAEX-021,2026-06-11,C,dia,14,101.0,310.1,88.2,39.1,5.68,1725.0,1,0
103360,CAEX-050,2026-07-06,A,noche,1,117.0,301.3,86.9,50.6,5.54,1560.0,0,0
103502,CAEX-002,2026-08-06,B,noche,10,206.0,322.5,85.0,51.3,3.56,1539.0,0,0
105883,CAEX-023,2026-03-09,C,noche,4,216.0,341.0,88.1,56.2,4.14,1690.0,0,0
103937,CAEX-002,2026-08-24,B,noche,10,218.0,368.5,96.3,59.4,4.08,1683.0,3,1
105758,CAEX-035,2026-06-20,B,noche,7,174.0,301.8,91.7,52.4,2.89,1692.0,0,0
102476,CAEX-034,2026-07-12,A,dia,5,24.0,300.5,94.6,60.3,3.31,1574.0,0,0
103217,CAEX-028,2026-04-12,A,dia,4,432.0,267.7,100.8,49.0,4.31,1616.0,1,0
103284,CAEX-004,2026-08-12,B,dia,7,504.0,307.8,91.9,63.5,3.92,1661.0,1,0
102810,CAEX-026,2026-04-18,A,noche,12,95.0,293.0,83.4,59.2,7.57,1932.0,1,0
104108,CAEX-049,2026-08-15,B,dia,5,103.0,343.3,84.0,59.1,3.37,1380.0,1,0
100893,CAEX-046,2026-06-18,C,dia,12,221.0,367.0,93.2,55.6,7.62,1696.0,0,0
102645,CAEX-038,2026-07-07,B,noche,8,294.0,316.6,88.4,45.9,4.3,1283.0,0,0
105961,CAEX-020,2026-04-30,B,noche,7,387.0,342.2,90.9,55.5,5.2,2018.0,1,1
104467,CAEX-045,2026-05-03,C,noche,6,211.0,315.8,102.0,53.4,4.89,1475.0,1,1
103207,CAEX-047,2026-07-22,A,noche,5,92.0,329.3,87.0,49.4,3.71,1893.0,0,0
101726,CAEX-015,2026-08-17,B,dia,12,179.0,278.1,86.0,61.6,4.14,1616.0,1,0
103288,CAEX-016,2026-04-12,A,dia,5,170.0,263.2,85.7,52.6,4.8,1520.0,0,0
102052,CAEX-005,2026-04-18,A,noche,12,258.0,256.8,96.8,56.9,4.84,1336.0,0,0
105468,CAEX-058,2026-04-01,B,noche,3,42.0,315.6,84.9,70.9,3.63,1924.0,0,0
100243,CAEX-046,2026-04-01,C,dia,12,234.0,329.2,81.2,53.8,4.49,1732.0,2,0
104937,CAEX-016,2026-05-02,A,dia,5,744.0,268.9,,43.7,4.54,1525.0,1,0
105117,CAEX-001,2026-08-26,C,dia,7,522.0,323.0,92.9,42.9,3.05,1777.0,0,0
102047,CAEX-053,2026-06-18,C,dia,11,237.0,343.4,89.1,51.1,5.96,1723.0,1,0
102862,CAEX-018,2026-03-16,A,dia,1,177.0,285.6,87.6,55.1,4.16,1854.0,2,0
100404,CAEX-004,2026-07-08,B,noche,7,587.0,321.0,83.7,42.5,3.46,1874.0,2,0
105624,CAEX-056,2026-03-05,C,noche,7,616.0,333.9,94.3,44.4,4.02,1538.0,2,1
100051,CAEX-028,2026-05-25,A,dia,4,283.0,269.6,92.8,55.4,3.02,1698.0,0,0
102933,CAEX-004,2026-08-03,B,dia,7,223.0,347.5,81.5,52.6,3.17,1575.0,0,0
105016,CAEX-025,2026-05-14,C,noche,14,163.0,359.7,89.7,55.0,5.35,1755.0,0,0
103079,CAEX-034,2026-04-02,A,dia,5,236.0,279.1,87.5,53.8,5.78,1508.0,1,0
104584,CAEX-015,2026-07-04,B,noche,12,196.0,319.4,95.1,45.9,6.86,1614.0,0,0
100559,CAEX-045,2026-05-06,C,dia,6,42.0,376.2,85.4,54.4,5.11,1658.0,0,0
102673,CAEX-007,2026-06-06,C,noche,2,123.0,346.4,93.3,49.2,3.23,1754.0,0,0
103322,CAEX-039,2026-04-05,A,noche,8,94.0,280.5,99.1,59.3,5.41,1607.0,0,0
103780,CAEX-013,2026-08-12,B,dia,2,116.0,354.6,89.0,55.6,5.87,1615.0,1,0
101152,CAEX-044,2026-05-15,A,noche,6,146.0,245.5,89.1,72.3,5.77,1773.0,1,0
100010,CAEX-019,2026-05-23,C,noche,5,469.0,342.4,102.2,47.7,3.16,1568.0,2,1
101708,CAEX-025,2026-06-18,C,noche,14,742.0,356.6,100.9,50.6,3.53,1629.0,0,1
102594,CAEX-043,2026-04-24,B,noche,6,58.0,274.6,94.3,49.6,4.0,1701.0,0,0
103677,CAEX-022,2026-04-27,A,dia,4,529.0,306.4,95.2,51.6,3.86,1526.0,1,0
101615,CAEX-029,2026-03-07,A,noche,12,110.0,293.7,83.7,54.3,3.22,1564.0,1,0
101072,CAEX-025,2026-06-09,C,noche,14,902.0,375.8,93.7,53.3,6.85,1602.0,5,1
105970,CAEX-053,2026-07-24,C,noche,11,175.0,360.3,86.3,49.7,6.15,1580.0,1,0
104666,CAEX-046,2026-07-20,C,noche,12,61.0,319.6,95.9,56.8,6.25,1813.0,1,0
105771,CAEX-025,2026-07-01,C,noche,14,159.0,336.6,85.7,48.1,3.67,1639.0,1,0
100717,CAEX-031,2026-04-17,B,dia,12,415.0,297.0,93.8,57.2,4.07,1716.0,3,0
101897,CAEX-028,2026-06-04,A,dia,4,177.0,307.2,96.8,55.5,9.09,1753.0,0,1
105501,CAEX-012,2026-04-19,C,dia,8,179.0,354.5,82.1,44.2,4.27,1684.0,0,0
103524,CAEX-055,2026-07-10,B,noche,10,167.0,326.3,91.1,46.6,4.64,1601.0,1,0
102124,CAEX-053,2026-06-05,C,noche,11,329.0,357.2,84.8,58.0,3.89,1783.0,0,0
100319,CAEX-056,2026-04-24,C,dia,7,138.0,333.8,87.6,58.6,7.83,1405.0,0,0
105544,CAEX-032,2026-03-06,C,dia,4,197.0,359.2,91.8,60.3,3.68,1680.0,0,0
101673,CAEX-028,2026-04-14,A,dia,4,394.0,295.3,81.4,48.5,2.19,1588.0,0,0
103901,CAEX-055,2026-03-24,B,noche,10,428.0,321.8,83.6,61.0,7.48,1789.0,1,1
100428,CAEX-031,2026-08-27,B,dia,12,107.0,304.3,92.1,54.8,4.29,1896.0,0,0
104807,CAEX-058,2026-07-29,B,dia,3,30.0,283.5,86.9,51.5,5.11,1500.0,0,0
103467,CAEX-039,2026-05-07,A,dia,8,136.0,268.8,79.0,52.5,4.18,1469.0,0,0
103802,CAEX-006,2026-03-02,C,noche,8,187.0,328.8,94.0,43.3,4.4,1529.0,0,1
105460,CAEX-056,2026-05-13,C,noche,7,319.0,346.8,99.1,53.7,2.45,1711.0,2,1
100547,CAEX-044,2026-08-03,A,dia,6,349.0,305.8,81.1,55.9,7.82,1770.0,0,0
100263,CAEX-008,2026-06-06,C,noche,11,51.0,396.4,78.0,65.5,2.55,1972.0,0,0
100255,CAEX-027,2026-06-18,B,dia,1,92.0,340.6,75.5,54.6,3.75,1663.0,1,0
103370,CAEX-039,2026-03-02,A,noche,8,73.0,301.9,93.7,53.0,4.56,1716.0,1,0
103608,CAEX-002,2026-04-18,B,dia,10,139.0,284.4,96.2,57.3,3.67,1816.0,1,0
100667,CAEX-010,2026-03-20,B,dia,9,278.0,338.5,90.9,62.4,2.75,1798.0,0,0
102906,CAEX-022,2026-08-26,A,noche,4,48.0,281.9,91.8,48.7,4.78,1811.0,0,0
100172,CAEX-003,2026-03-08,C,noche,10,110.0,333.6,98.9,54.0,4.64,1752.0,0,0
101177,CAEX-021,2026-04-23,C,noche,14,215.0,345.8,86.4,55.7,2.89,1659.0,1,0
104377,CAEX-010,2026-07-12,B,noche,9,149.0,335.1,79.9,63.2,4.57,1836.0,1,0
101483,CAEX-012,2026-05-16,C,noche,8,249.0,388.7,92.7,58.1,3.7,1963.0,1,0
101907,CAEX-044,2026-06-30,A,dia,6,130.0,275.3,94.6,59.8,2.04,1640.0,1,0
103935,CAEX-018,2026-07-05,A,dia,1,143.0,311.3,87.0,54.0,3.45,1454.0,1,0
104785,CAEX-057,2026-05-11,B,noche,11,93.0,340.7,81.8,63.7,3.08,1507.0,1,0
101901,CAEX-050,2026-08-09,A,dia,1,274.0,285.9,94.7,47.2,2.81,1534.0,0,0
100694,CAEX-008,2026-04-29,C,noche,11,172.0,350.5,87.1,59.6,5.09,1445.0,1,0
104606,CAEX-022,2026-08-24,A,dia,4,225.0,299.0,85.0,56.7,2.86,1477.0,0,0
105278,CAEX-024,2026-08-11,C,dia,6,89.0,314.2,82.2,57.5,6.85,1620.0,0,0
103656,CAEX-044,2026-06-29,A,dia,6,558.0,276.1,97.2,36.9,4.0,1731.0,1,1
104252,CAEX-006,2026-05-20,C,dia,8,108.0,325.7,90.1,46.4,4.33,1540.0,0,0
102116,CAEX-049,2026-07-03,B,noche,5,300.0,311.9,86.8,48.5,4.79,1815.0,0,0
102097,CAEX-013,2026-07-15,B,dia,2,496.0,311.1,90.9,53.1,3.22,1712.0,0,0
103392,CAEX-051,2026-08-04,A,noche,2,274.0,276.5,92.3,51.0,1.89,1855.0,0,0
104033,CAEX-025,2026-08-02,C,noche,14,467.0,336.9,80.5,53.4,2.75,1853.0,3,1
100782,CAEX-025,2026-05-19,C,noche,14,404.0,365.5,97.2,50.1,2.43,1572.0,0,0
103644,CAEX-011,2026-05-23,A,dia,8,38.0,275.4,92.5,56.1,8.02,1766.0,2,0
104985,CAEX-022,2026-06-16,A,dia,4,55.0,294.2,83.7,55.9,3.11,1838.0,0,0
102891,CAEX-026,2026-03-21,A,noche,12,42.0,291.6,86.6,57.1,4.3,1305.0,1,0
100542,CAEX-056,2026-04-27,C,dia,7,186.0,363.8,97.2,66.8,4.77,1921.0,1,0
104513,CAEX-060,2026-07-04,A,dia,8,146.0,276.2,,48.5,2.42,1641.0,0,0
105334,CAEX-053,2026-03-26,C,dia,11,165.0,332.9,90.6,60.7,5.32,1670.0,0,0
102964,CAEX-035,2026-08-05,B,noche,7,458.0,333.6,94.0,60.1,3.4,1419.0,0,0
102679,CAEX-044,2026-04-21,A,noche,6,512.0,273.2,78.8,53.9,3.43,1272.0,1,0
105156,CAEX-005,2026-08-08,A,noche,12,183.0,285.4,79.8,,7.72,1727.0,1,0
105906,CAEX-046,2026-07-19,C,dia,12,187.0,343.8,81.1,58.4,4.02,1527.0,1,0
102729,CAEX-008,2026-04-29,C,noche,11,194.0,347.9,87.6,54.3,4.91,1563.0,1,0
100883,CAEX-009,2026-08-24,A,dia,9,297.0,274.3,91.4,54.5,6.09,1255.0,1,0
103407,CAEX-028,2026-08-15,A,noche,4,210.0,284.3,86.9,46.1,2.46,1773.0,0,0
103086,CAEX-039,2026-04-28,A,noche,8,220.0,310.2,85.4,50.3,4.68,1763.0,0,0
104680,CAEX-046,2026-06-17,C,noche,12,238.0,370.2,88.1,50.3,4.67,1469.0,1,0
100916,CAEX-005,2026-08-27,A,noche,12,349.0,282.6,84.2,59.8,1.91,1727.0,2,0
102887,CAEX-050,2026-08-02,A,noche,1,259.0,296.1,86.2,61.5,2.67,1488.0,0,0
101172,CAEX-024,2026-08-06,C,dia,6,18.0,373.9,81.3,58.2,4.43,1717.0,0,0
103476,CAEX-029,2026-05-14,A,dia,12,733.0,288.0,91.3,56.0,5.29,1541.0,3,0
102637,CAEX-041,2026-05-06,B,noche,14,252.0,316.4,94.4,50.6,3.59,1833.0,1,0
101330,CAEX-041,2026-05-23,B,dia,14,474.0,339.1,101.6,51.9,3.5,1525.0,1,1
105900,CAEX-039,2026-05-16,A,dia,8,124.0,264.3,94.7,47.2,,1924.0,0,0
105868,CAEX-035,2026-08-06,B,dia,7,151.0,311.2,85.7,43.6,4.61,1892.0,0,0
100076,CAEX-009,2026-03-24,A,dia,9,503.0,268.2,98.0,60.5,6.59,1522.0,0,1
104948,CAEX-031,2026-04-01,B,dia,12,260.0,319.1,87.9,54.3,6.37,1589.0,0,0
103337,CAEX-011,2026-05-12,A,dia,8,83.0,268.1,95.9,56.9,4.35,1952.0,0,0
104625,CAEX-042,2026-06-21,C,noche,10,111.0,320.4,83.6,47.0,5.0,2045.0,0,0
105682,CAEX-036,2026-08-26,A,noche,10,59.0,292.4,83.7,43.7,6.68,1533.0,0,0
102195,CAEX-042,2026-08-12,C,noche,10,168.0,370.6,95.2,44.8,6.35,1450.0,0,0
104958,CAEX-040,2026-04-04,B,noche,11,210.0,353.8,92.2,58.8,4.29,1641.0,0,0
102951,CAEX-022,2026-06-10,A,noche,4,285.0,304.8,,52.1,4.86,1696.0,0,0
101467,CAEX-021,2026-06-09,C,dia,14,531.0,342.5,107.7,43.2,3.05,1814.0,0,1
102666,CAEX-028,2026-06-19,A,dia,4,832.0,246.4,103.6,42.9,4.88,1523.0,1,1
102388,CAEX-038,2026-03-24,B,dia,8,153.0,321.2,84.9,46.9,5.31,1622.0,0,0
104005,CAEX-004,2026-07-29,B,dia,7,50.0,309.7,90.7,49.8,5.31,1610.0,2,0
105631,CAEX-041,2026-04-18,B,noche,14,260.0,363.4,87.5,61.0,3.21,1306.0,1,0
104228,CAEX-012,2026-05-22,C,noche,8,164.0,350.8,100.3,49.0,3.34,1708.0,0,0
100946,CAEX-051,2026-08-10,A,dia,2,290.0,285.2,83.0,43.1,5.18,1742.0,0,0
105360,CAEX-060,2026-07-13,A,dia,8,159.0,278.7,75.6,60.9,5.44,1724.0,0,0
105939,CAEX-031,2026-03-20,B,dia,12,125.0,337.0,84.5,61.4,,1663.0,1,0
100843,CAEX-053,2026-06-17,C,dia,11,183.0,367.8,85.4,50.7,3.05,1431.0,0,0
105938,CAEX-013,2026-07-24,B,dia,2,319.0,314.2,87.1,37.6,3.92,1747.0,0,1
103384,CAEX-048,2026-08-27,A,dia,3,373.0,250.2,82.3,46.1,3.94,1499.0,0,0
103159,CAEX-052,2026-07-03,A,noche,2,216.0,297.3,85.9,54.5,6.46,1541.0,0,0
105346,CAEX-007,2026-07-13,C,dia,2,154.0,361.2,74.2,56.9,7.11,1765.0,1,0
103531,CAEX-022,2026-03-24,A,noche,4,311.0,332.0,92.9,48.3,8.31,1317.0,0,1
103877,CAEX-051,2026-07-10,A,dia,2,245.0,263.4,93.4,56.1,7.15,1814.0,0,0
100226,CAEX-031,2026-08-13,B,noche,12,255.0,301.9,97.1,47.5,5.27,1418.0,0,1
105619,CAEX-034,2026-08-20,A,noche,5,146.0,319.9,91.7,63.6,3.66,2079.0,0,1
101857,CAEX-036,2026-08-21,A,noche,10,105.0,281.5,82.5,59.1,2.67,1399.0,0,0
105897,CAEX-019,2026-07-12,C,noche,5,250.0,323.8,89.3,52.1,4.5,1395.0,1,0
102678,CAEX-047,2026-04-12,A,noche,5,37.0,275.0,85.3,45.0,4.14,1440.0,0,0
104716,CAEX-025,2026-05-03,C,noche,14,198.0,375.9,80.8,61.8,3.31,1630.0,0,0
100846,CAEX-004,2026-08-25,B,dia,7,474.0,324.5,84.0,51.5,5.0,1732.0,0,0
100573,CAEX-006,2026-06-19,C,dia,8,84.0,383.5,77.7,58.0,3.58,1733.0,0,0
103591,CAEX-026,2026-03-23,A,noche,12,499.0,287.2,92.6,49.1,6.16,1728.0,0,0
104516,CAEX-051,2026-07-13,A,dia,2,277.0,270.6,89.8,51.8,5.55,1663.0,1,0
102853,CAEX-034,2026-06-25,A,dia,5,400.0,286.1,78.2,48.3,3.73,1663.0,2,0
102482,CAEX-047,2026-03-19,A,dia,5,271.0,261.7,90.6,61.8,4.85,1512.0,0,0
100155,CAEX-028,2026-03-12,A,noche,4,29.0,296.7,88.1,54.8,2.76,1823.0,0,0
100477,CAEX-046,2026-08-07,C,dia,12,178.0,348.2,87.1,58.1,8.03,1774.0,0,0
103939,CAEX-013,2026-05-31,B,noche,2,581.0,338.1,90.2,56.4,4.36,1697.0,1,0
103485,CAEX-031,2026-03-08,B,dia,12,450.0,319.9,88.8,56.0,5.08,1918.0,3,1
101691,CAEX-003,2026-03-13,C,dia,10,97.0,361.5,97.0,46.5,4.39,1833.0,0,0
100279,CAEX-051,2026-05-02,A,dia,2,67.0,289.8,,58.6,3.78,1630.0,0,0
103999,CAEX-028,2026-07-28,A,dia,4,701.0,263.8,98.4,45.5,2.96,1643.0,1,0
105322,CAEX-014,2026-03-07,C,noche,8,204.0,352.7,86.7,52.5,2.81,1697.0,1,0
101088,CAEX-023,2026-05-14,C,noche,4,273.0,341.0,89.5,49.4,3.41,1866.0,0,0
103061,CAEX-013,2026-04-20,B,noche,2,421.0,334.6,90.5,54.0,9.03,1574.0,1,0
100383,CAEX-030,2026-05-25,B,noche,1,245.0,336.2,88.8,50.9,4.82,1964.0,0,0
101100,CAEX-052,2026-06-05,A,dia,2,154.0,280.6,87.3,57.1,4.69,1332.0,1,0
104254,CAEX-007,2026-05-07,C,noche,2,278.0,362.3,95.6,55.0,8.46,1685.0,2,0
103277,CAEX-046,2026-03-11,C,noche,12,518.0,322.9,96.3,53.5,6.0,1527.0,0,0
102531,CAEX-004,2026-04-13,B,noche,7,191.0,356.0,87.2,61.5,3.99,1776.0,1,0
104860,CAEX-013,2026-06-11,B,dia,2,501.0,316.1,86.6,44.1,5.21,1548.0,0,0
104464,CAEX-005,2026-06-23,A,noche,12,507.0,264.1,98.3,58.0,2.14,1471.0,0,1
103266,CAEX-043,2026-04-18,B,dia,6,111.0,311.4,87.2,47.7,2.98,1563.0,0,0
100919,CAEX-003,2026-04-13,C,noche,10,235.0,333.5,85.2,46.0,2.19,1467.0,2,0
100208,CAEX-050,2026-07-04,A,dia,1,94.0,249.5,92.6,51.9,4.28,1756.0,0,0
105132,CAEX-056,2026-04-06,C,dia,7,505.0,341.8,91.6,56.8,2.97,1828.0,0,0
105155,CAEX-037,2026-06-16,A,dia,2,213.0,276.5,89.4,62.0,5.32,1561.0,1,0
105283,CAEX-043,2026-06-15,B,dia,6,405.0,310.4,,49.6,6.81,1619.0,0,1
104590,CAEX-003,2026-04-12,C,dia,10,144.0,379.2,82.2,62.4,2.86,1655.0,2,0
100298,CAEX-002,2026-05-03,B,noche,10,126.0,306.7,93.5,60.2,3.32,1719.0,1,0
101491,CAEX-046,2026-03-15,C,noche,12,310.0,328.7,81.1,52.5,3.94,1318.0,0,0
100528,CAEX-035,2026-04-29,B,dia,7,436.0,316.7,91.7,53.9,3.64,1551.0,1,0
105302,CAEX-006,2026-07-08,C,dia,8,300.0,418.9,94.6,51.9,2.4,1572.0,1,0
100443,CAEX-010,2026-07-24,B,dia,9,314.0,324.2,94.1,55.1,3.81,1794.0,1,0
102121,CAEX-017,2026-08-25,B,dia,9,228.0,291.3,76.0,59.6,2.91,1893.0,1,0
101139,CAEX-027,2026-06-05,B,dia,1,214.0,323.4,93.0,46.7,4.37,1711.0,0,0
103465,CAEX-058,2026-05-25,B,noche,3,207.0,294.9,,56.6,3.64,1814.0,1,0
103519,CAEX-018,2026-07-13,A,dia,1,180.0,268.1,97.2,57.6,2.57,1699.0,1,0
102978,CAEX-060,2026-05-28,A,dia,8,215.0,290.7,80.3,64.0,5.04,1530.0,0,0
103415,CAEX-015,2026-05-20,B,noche,12,96.0,316.2,87.2,59.5,3.63,1755.0,0,0
102375,CAEX-059,2026-08-17,A,dia,13,85.0,265.3,85.9,53.8,5.96,1484.0,0,0
103596,CAEX-012,2026-07-04,C,dia,8,202.0,350.2,101.1,62.9,3.92,1601.0,1,1
104847,CAEX-016,2026-07-10,A,dia,5,156.0,294.0,88.7,63.1,4.84,1494.0,1,0
103550,CAEX-039,2026-06-28,A,noche,8,159.0,301.8,88.8,50.9,4.77,1606.0,1,0
101837,CAEX-025,2026-05-13,C,dia,14,221.0,363.9,89.1,54.3,4.16,1443.0,1,0
102454,CAEX-034,2026-08-16,A,noche,5,1113.0,266.3,107.3,48.9,5.13,1608.0,0,1
103042,CAEX-016,2026-08-03,A,noche,5,156.0,244.6,93.5,61.5,4.21,1690.0,0,0
102009,CAEX-028,2026-03-28,A,noche,4,343.0,290.8,90.2,51.7,5.72,1842.0,0,0
103633,CAEX-041,2026-05-01,B,dia,14,293.0,336.5,80.1,54.2,3.02,1434.0,0,0
100048,CAEX-035,2026-06-27,B,noche,7,79.0,334.7,86.6,60.1,4.26,1103.0,0,1
102202,CAEX-027,2026-03-15,B,noche,1,219.0,327.5,83.6,,4.23,1721.0,0,0
105877,CAEX-001,2026-06-11,C,noche,7,61.0,325.4,82.5,52.5,2.96,1594.0,0,0
100398,CAEX-032,2026-03-17,C,dia,4,430.0,386.6,94.9,49.9,5.56,1890.0,1,1
101508,CAEX-025,2026-06-18,C,dia,14,791.0,355.5,89.9,53.9,2.75,1685.0,1,0
103302,CAEX-015,2026-04-07,B,noche,12,268.0,320.8,100.0,57.2,2.96,1612.0,1,0
102613,CAEX-044,2026-06-19,A,dia,6,130.0,292.6,91.0,56.3,4.03,1959.0,0,0
103169,CAEX-008,2026-03-07,C,dia,11,55.0,335.7,85.0,62.5,5.32,1747.0,1,0
104997,CAEX-013,2026-06-12,B,noche,2,557.0,275.7,,57.4,3.27,1953.0,2,0
104644,CAEX-059,2026-07-18,A,noche,13,299.0,279.9,94.4,59.3,3.89,1633.0,0,0
105380,CAEX-009,2026-03-16,A,dia,9,246.0,250.6,84.5,52.2,3.88,1633.0,1,0
100987,CAEX-002,2026-06-15,B,dia,10,441.0,327.4,97.9,62.2,3.06,1747.0,0,0
105769,CAEX-057,2026-04-02,B,dia,11,429.0,321.4,82.4,48.7,3.07,1954.0,0,0
105534,CAEX-040,2026-06-13,B,noche,11,149.0,308.1,83.0,44.4,3.87,1635.0,0,0
101435,CAEX-004,2026-07-20,B,dia,7,97.0,286.1,80.5,57.4,2.72,1613.0,0,0
102533,CAEX-057,2026-08-02,B,noche,11,117.0,317.8,81.7,58.0,2.56,1458.0,0,0
105647,CAEX-010,2026-06-08,B,noche,9,259.0,334.6,101.1,67.0,5.25,1703.0,0,1
100238,CAEX-008,2026-03-20,C,dia,11,121.0,356.3,91.4,53.4,3.9,1661.0,0,0
102120,CAEX-054,2026-05-14,B,noche,11,351.0,299.8,91.8,45.1,3.27,1996.0,1,0
102287,CAEX-019,2026-05-11,C,noche,5,548.0,357.0,88.1,42.4,6.25,1480.0,2,0
103082,CAEX-029,2026-04-19,A,noche,12,236.0,273.5,84.8,55.3,5.13,1365.0,0,0
103297,CAEX-033,2026-05-02,A,dia,13,27.0,284.4,84.0,59.2,6.43,1825.0,0,0
101105,CAEX-023,2026-03-21,C,noche,4,184.0,329.4,86.7,53.2,5.26,1790.0,0,0
103722,CAEX-058,2026-04-11,B,noche,3,115.0,307.2,91.0,55.5,3.67,1762.0,0,0
100803,CAEX-033,2026-08-26,A,noche,13,123.0,251.2,85.7,54.6,4.43,1743.0,0,0
105207,CAEX-015,2026-06-06,B,noche,12,266.0,311.7,90.1,46.8,3.61,1737.0,0,0
105811,CAEX-003,2026-03-17,C,noche,10,121.0,390.9,90.9,,3.51,1512.0,1,0
104127,CAEX-045,2026-06-26,C,noche,6,436.0,332.5,91.2,36.0,4.94,1712.0,2,1
103887,CAEX-052,2026-07-19,A,noche,2,98.0,249.0,86.4,54.7,5.42,1470.0,0,0
105588,CAEX-020,2026-08-20,B,dia,7,428.0,341.4,98.7,60.4,3.01,1684.0,3,1
101738,CAEX-030,2026-03-20,B,dia,1,243.0,286.0,,57.4,4.89,1522.0,1,0
105398,CAEX-057,2026-07-25,B,dia,11,581.0,301.6,84.6,46.0,4.02,1853.0,0,0
105663,CAEX-034,2026-07-05,A,noche,5,150.0,297.8,87.0,58.3,6.04,2060.0,0,0
104478,CAEX-035,2026-05-18,B,noche,7,151.0,319.1,90.5,61.9,4.87,1648.0,0,0
105303,CAEX-019,2026-03-06,C,noche,5,115.0,322.1,88.2,50.2,5.75,1866.0,0,0
104237,CAEX-029,2026-03-28,A,noche,12,361.0,282.6,81.1,46.3,5.39,1645.0,1,0
100035,CAEX-045,2026-07-06,C,dia,6,432.0,341.1,87.4,52.5,4.68,1769.0,2,0
102246,CAEX-034,2026-05-20,A,noche,5,452.0,278.8,98.0,50.7,,1736.0,0,0
104435,CAEX-034,2026-06-14,A,dia,5,602.0,319.9,93.6,42.4,4.91,2012.0,0,1
105454,CAEX-017,2026-04-24,B,noche,9,653.0,336.6,96.9,49.0,4.35,1704.0,0,0
104051,CAEX-005,2026-03-05,A,noche,12,267.0,279.3,83.0,56.9,4.78,1611.0,1,0
103971,CAEX-020,2026-06-19,B,dia,7,369.0,328.8,103.6,62.0,4.35,1735.0,1,1
100565,CAEX-048,2026-08-04,A,dia,3,171.0,311.7,81.5,56.2,6.92,1478.0,0,0
103870,CAEX-028,2026-06-23,A,dia,4,135.0,305.9,81.9,50.3,5.23,1630.0,0,0
105001,CAEX-052,2026-05-14,A,dia,2,189.0,275.8,97.6,52.4,6.02,2018.0,0,1
100075,CAEX-040,2026-04-15,B,noche,11,213.0,316.2,92.1,56.6,5.37,1740.0,0,0
100856,CAEX-045,2026-03-31,C,noche,6,191.0,342.9,87.1,64.8,3.49,1604.0,1,0
100310,CAEX-037,2026-03-21,A,dia,2,179.0,280.2,77.6,50.4,5.63,1800.0,1,0
103180,CAEX-032,2026-08-05,C,noche,4,241.0,380.2,91.1,41.2,2.86,1399.0,0,1
100283,CAEX-045,2026-04-12,C,noche,6,165.0,345.2,76.7,53.9,3.46,1619.0,1,0
104234,CAEX-044,2026-03-10,A,dia,6,267.0,270.9,94.8,61.7,7.82,1715.0,0,0
103385,CAEX-047,2026-08-14,A,dia,5,313.0,288.3,88.2,42.2,3.2,1549.0,0,0
100548,CAEX-006,2026-06-16,C,dia,8,334.0,363.5,87.7,48.3,5.41,1707.0,0,0
105890,CAEX-060,2026-08-26,A,dia,8,224.0,259.1,84.7,56.5,4.46,1597.0,1,0
105436,CAEX-044,2026-07-28,A,noche,6,748.0,310.0,82.8,52.1,4.32,1795.0,1,0
101571,CAEX-056,2026-06-24,C,dia,7,989.0,376.4,90.9,52.5,5.17,1461.0,2,1
102582,CAEX-026,2026-06-02,A,dia,12,207.0,278.8,89.6,57.1,3.46,1556.0,0,0
101159,CAEX-047,2026-03-20,A,noche,5,57.0,296.2,97.2,54.5,6.56,1697.0,0,0
101681,CAEX-045,2026-06-26,C,noche,6,384.0,353.5,91.1,55.3,4.69,1591.0,3,0
100721,CAEX-001,2026-03-07,C,dia,7,169.0,334.5,95.7,64.1,3.69,1614.0,0,0
100292,CAEX-049,2026-03-24,B,dia,5,44.0,355.2,79.3,58.2,4.47,1714.0,0,0
100541,CAEX-009,2026-08-03,A,noche,9,184.0,267.5,86.0,50.7,6.3,2001.0,1,0
104897,CAEX-020,2026-05-26,B,noche,7,181.0,303.3,88.8,55.2,3.7,1373.0,0,0
102233,CAEX-056,2026-04-11,C,noche,7,108.0,364.4,95.3,50.1,2.48,1410.0,0,0
101037,CAEX-031,2026-06-19,B,noche,12,560.0,289.1,,53.0,3.62,1703.0,1,1
103481,CAEX-034,2026-04-03,A,dia,5,347.0,287.5,88.9,59.7,2.9,1729.0,1,0
101048,CAEX-060,2026-08-08,A,dia,8,624.0,279.6,101.1,41.1,3.06,1734.0,1,1
103027,CAEX-060,2026-05-06,A,dia,8,72.0,271.2,85.9,69.3,5.98,1876.0,0,0
103211,CAEX-016,2026-05-08,A,dia,5,226.0,299.0,88.6,52.1,4.55,1745.0,2,0
102316,CAEX-013,2026-03-04,B,dia,2,182.0,330.7,89.9,43.7,3.19,1817.0,1,0
103600,CAEX-027,2026-08-27,B,noche,1,410.0,318.7,82.9,37.1,3.44,1456.0,1,1
104249,CAEX-047,2026-04-27,A,dia,5,653.0,268.7,97.8,46.5,3.94,1900.0,1,1
100061,CAEX-009,2026-06-26,A,dia,9,221.0,284.8,91.7,64.0,3.66,1811.0,0,0
101600,CAEX-042,2026-04-15,C,noche,10,172.0,360.6,85.5,51.4,5.68,1455.0,2,0
101190,CAEX-039,2026-04-03,A,dia,8,41.0,279.1,98.9,57.2,2.09,1675.0,0,0
104673,CAEX-007,2026-08-14,C,noche,2,245.0,374.9,98.0,44.6,6.9,1796.0,1,1
104235,CAEX-030,2026-04-30,B,noche,1,208.0,283.8,93.9,53.2,4.34,1489.0,0,0
102444,CAEX-056,2026-07-22,C,dia,7,117.0,309.5,84.5,54.7,3.9,1864.0,1,0
104915,CAEX-027,2026-07-06,B,noche,1,479.0,322.1,85.4,51.2,3.84,1804.0,1,0
100536,CAEX-048,2026-05-26,A,noche,3,192.0,250.8,87.9,57.0,6.61,1343.0,0,0
104869,CAEX-018,2026-03-10,A,dia,1,41.0,261.5,84.5,51.6,6.3,2116.0,0,1
105430,CAEX-008,2026-05-31,C,noche,11,263.0,353.5,90.5,64.6,4.99,1544.0,1,0
103653,CAEX-049,2026-05-07,B,noche,5,206.0,323.7,88.4,45.5,5.43,1562.0,0,0
103399,CAEX-053,2026-03-25,C,noche,11,97.0,336.5,89.4,60.8,4.24,1588.0,1,0
104393,CAEX-030,2026-04-02,B,dia,1,379.0,310.5,97.4,51.6,2.15,1665.0,1,0
100582,CAEX-034,2026-04-21,A,noche,5,396.0,289.3,92.3,51.3,5.56,1670.0,2,0
103733,CAEX-012,2026-05-17,C,dia,8,202.0,328.4,81.0,53.6,4.67,1702.0,0,0
100196,CAEX-006,2026-08-03,C,dia,8,92.0,369.9,79.1,61.8,1.72,1758.0,1,0
101264,CAEX-026,2026-06-01,A,dia,12,132.0,259.8,94.0,55.2,5.15,1359.0,0,0
100173,CAEX-018,2026-03-24,A,noche,1,105.0,266.8,91.6,61.1,4.25,1672.0,0,0
104128,CAEX-048,2026-04-09,A,noche,3,444.0,284.4,84.5,61.9,3.81,1805.0,1,0
103391,CAEX-048,2026-08-19,A,noche,3,88.0,282.5,79.1,63.9,3.93,1769.0,0,0
104615,CAEX-024,2026-04-23,C,noche,6,371.0,364.5,82.3,57.7,3.73,1750.0,1,0
102871,CAEX-051,2026-03-06,A,dia,2,310.0,286.0,101.5,51.0,6.71,1713.0,1,0
102570,CAEX-059,2026-06-15,A,noche,13,234.0,312.4,93.4,41.0,4.44,1793.0,0,1
100925,CAEX-019,2026-04-20,C,dia,5,73.0,370.0,87.2,51.2,2.73,1416.0,1,0
102751,CAEX-011,2026-08-03,A,dia,8,233.0,295.3,93.3,51.9,5.07,1507.0,2,0
101014,CAEX-043,2026-08-04,B,dia,6,449.0,318.5,94.8,60.1,5.2,1812.0,0,0
104622,CAEX-036,2026-07-01,A,noche,10,100.0,295.9,93.7,61.0,4.73,1735.0,0,0
101174,CAEX-055,2026-04-27,B,dia,10,133.0,345.2,82.7,61.2,4.94,1827.0,1,0
101563,CAEX-028,2026-07-30,A,dia,4,175.0,284.6,76.8,48.2,2.65,1891.0,1,0
102598,CAEX-055,2026-07-08,B,dia,10,385.0,298.6,100.8,47.7,6.64,1488.0,1,1
101642,CAEX-046,2026-06-01,C,noche,12,192.0,340.1,88.3,60.1,4.96,1529.0,1,0
103922,CAEX-060,2026-04-10,A,dia,8,215.0,306.0,91.0,49.6,8.21,2076.0,0,1
105875,CAEX-051,2026-07-09,A,dia,2,111.0,233.9,85.0,41.7,3.15,1609.0,0,1
101431,CAEX-047,2026-03-10,A,dia,5,252.0,264.7,92.1,51.8,4.05,1437.0,0,0
103804,CAEX-041,2026-08-01,B,noche,14,632.0,326.1,91.6,39.4,3.11,1688.0,0,0
105613,CAEX-024,2026-04-23,C,noche,6,164.0,340.8,90.4,48.8,3.63,1750.0,1,0
104717,CAEX-052,2026-07-11,A,dia,2,367.0,299.8,91.4,56.1,3.22,1484.0,0,0
105694,CAEX-020,2026-04-13,B,dia,7,337.0,296.1,84.8,55.8,5.28,1568.0,1,0
103020,CAEX-016,2026-05-11,A,noche,5,105.0,305.5,97.7,51.6,3.61,1512.0,0,0
103717,CAEX-032,2026-07-23,C,noche,4,238.0,337.4,83.5,53.9,2.99,1660.0,1,0
103272,CAEX-004,2026-04-30,B,dia,7,294.0,328.0,95.0,67.5,3.22,1815.0,0,0
101240,CAEX-029,2026-07-11,A,dia,12,172.0,277.2,92.7,51.1,6.4,1965.0,0,0
104637,CAEX-053,2026-07-15,C,noche,11,46.0,393.6,95.1,55.6,2.57,1739.0,0,0
100416,CAEX-049,2026-05-29,B,noche,5,353.0,333.0,94.7,62.0,5.85,1667.0,1,0
104633,CAEX-032,2026-05-31,C,dia,4,77.0,349.0,83.3,48.1,5.44,1629.0,0,0
105310,CAEX-022,2026-07-01,A,noche,4,310.0,273.9,97.8,62.2,6.39,1665.0,1,1
100983,CAEX-051,2026-06-21,A,noche,2,224.0,263.7,83.4,53.7,6.37,1493.0,0,0
101165,CAEX-012,2026-07-12,C,noche,8,95.0,354.9,,59.3,3.44,1698.0,1,0
101780,CAEX-012,2026-06-26,C,noche,8,327.0,326.5,88.2,51.7,3.32,1615.0,0,0
105503,CAEX-023,2026-08-17,C,dia,4,89.0,356.6,88.6,51.5,2.96,1553.0,0,0
104826,CAEX-058,2026-03-21,B,dia,3,293.0,326.2,78.9,58.4,4.28,1814.0,1,0
104675,CAEX-004,2026-04-23,B,noche,7,131.0,320.7,90.9,51.6,5.8,1674.0,0,0
100587,CAEX-037,2026-06-28,A,dia,2,60.0,284.6,86.0,47.3,6.59,1688.0,1,0
100596,CAEX-058,2026-08-18,B,dia,3,226.0,308.4,92.7,59.5,2.55,1682.0,0,0
101812,CAEX-027,2026-03-03,B,noche,1,141.0,300.4,87.5,53.5,4.03,1716.0,0,0
100813,CAEX-012,2026-04-11,C,noche,8,266.0,354.7,91.8,56.0,2.33,1736.0,0,0
101950,CAEX-020,2026-03-22,B,dia,7,46.0,319.8,90.1,48.4,3.76,1547.0,0,0
105706,CAEX-049,2026-03-27,B,dia,5,124.0,356.6,85.4,53.1,3.32,1918.0,1,0
101168,CAEX-043,2026-05-02,B,dia,6,734.0,319.2,84.2,56.4,3.71,1795.0,0,0
101931,CAEX-017,2026-04-27,B,dia,9,159.0,347.8,86.0,65.1,4.23,1678.0,1,0
100221,CAEX-060,2026-06-05,A,dia,8,230.0,248.8,95.3,50.8,3.66,1450.0,0,0
101066,CAEX-060,2026-05-21,A,dia,8,209.0,275.9,85.4,58.9,7.41,1498.0,0,0
104705,CAEX-001,2026-03-29,C,dia,7,136.0,324.9,86.0,65.1,4.31,1441.0,0,0
101693,CAEX-037,2026-05-20,A,dia,2,480.0,267.5,91.4,47.2,2.12,1612.0,0,0
103651,CAEX-054,2026-03-12,B,noche,11,90.0,323.1,81.4,53.9,3.04,1529.0,0,0
105458,CAEX-027,2026-05-03,B,noche,1,174.0,346.8,84.7,54.6,14.48,1740.0,1,1
102014,CAEX-014,2026-06-15,C,dia,8,329.0,345.9,78.7,54.7,8.36,1560.0,0,0
104082,CAEX-013,2026-04-23,B,noche,2,255.0,330.0,94.5,48.0,7.19,1381.0,0,0
100775,CAEX-048,2026-05-17,A,dia,3,108.0,270.2,88.6,64.3,2.19,1629.0,0,0
100306,CAEX-014,2026-08-13,C,dia,8,84.0,348.6,70.7,64.6,3.04,2096.0,0,0
103993,CAEX-031,2026-06-02,B,noche,12,382.0,362.1,95.9,52.7,2.66,2082.0,0,1
100440,CAEX-009,2026-03-13,A,noche,9,439.0,297.5,83.6,58.7,3.4,1487.0,0,0
100714,CAEX-059,2026-07-01,A,noche,13,323.0,317.6,88.0,60.2,3.45,1826.0,0,0
105551,CAEX-051,2026-06-13,A,noche,2,84.0,277.6,86.8,57.4,5.33,1660.0,0,0
103752,CAEX-005,2026-03-02,A,noche,12,225.0,287.9,83.8,41.1,2.84,1735.0,2,0
104689,CAEX-056,2026-05-06,C,noche,7,261.0,329.8,92.7,49.6,5.11,1781.0,2,0
101025,CAEX-040,2026-03-01,B,noche,11,671.0,319.0,85.8,49.6,2.38,1624.0,1,0
103250,CAEX-019,2026-06-11,C,dia,5,316.0,332.6,83.9,49.7,3.6,1565.0,0,0
102728,CAEX-057,2026-06-27,B,noche,11,162.0,326.9,89.3,54.0,3.64,1893.0,0,0
103640,CAEX-054,2026-04-09,B,dia,11,126.0,299.0,91.8,47.9,5.11,1698.0,0,0
102294,CAEX-013,2026-05-09,B,dia,2,159.0,318.2,90.9,57.1,2.29,1682.0,1,0
100735,CAEX-036,2026-04-05,A,dia,10,102.0,324.7,90.2,65.0,8.94,1602.0,2,1
101675,CAEX-007,2026-07-13,C,noche,2,140.0,347.6,86.9,55.5,4.57,1507.0,2,0
104537,CAEX-054,2026-06-26,B,dia,11,434.0,307.7,93.3,45.1,4.85,1717.0,0,0
104230,CAEX-020,2026-03-31,B,dia,7,174.0,358.6,75.5,63.6,3.32,1505.0,0,0
105316,CAEX-012,2026-08-19,C,noche,8,194.0,358.0,94.4,51.9,2.95,1733.0,1,0
105945,CAEX-009,2026-04-20,A,dia,9,121.0,289.4,85.8,67.8,6.13,1559.0,1,0
103489,CAEX-026,2026-04-01,A,dia,12,224.0,281.8,76.7,54.9,5.84,1748.0,0,0
105301,CAEX-060,2026-04-12,A,dia,8,82.0,265.3,85.5,56.2,2.93,1581.0,1,0
102114,CAEX-045,2026-03-06,C,dia,6,100.0,340.5,,58.3,3.66,1929.0,1,0
103256,CAEX-037,2026-06-15,A,noche,2,108.0,280.8,75.0,51.8,4.04,1800.0,2,0
101611,CAEX-036,2026-08-18,A,dia,10,207.0,260.9,93.0,46.0,3.48,1495.0,3,0
101644,CAEX-053,2026-05-25,C,noche,11,93.0,374.2,92.4,53.4,3.06,1682.0,1,0
101220,CAEX-018,2026-05-17,A,noche,1,330.0,271.0,,56.0,5.58,1736.0,0,0
101605,CAEX-044,2026-05-26,A,noche,6,493.0,276.5,97.8,48.7,2.09,1991.0,0,1
100358,CAEX-007,2026-08-19,C,dia,2,336.0,366.1,93.3,59.4,3.28,1506.0,2,0
105882,CAEX-048,2026-05-06,A,dia,3,43.0,282.3,88.5,56.1,3.25,1728.0,1,0
100531,CAEX-041,2026-04-23,B,noche,14,7.0,311.9,84.4,62.0,4.09,1608.0,0,0
105238,CAEX-011,2026-03-11,A,dia,8,478.0,292.2,82.2,43.6,8.31,1676.0,2,1
105843,CAEX-020,2026-08-22,B,noche,7,175.0,276.4,90.3,50.3,3.54,1630.0,1,0
101094,CAEX-041,2026-07-26,B,dia,14,416.0,319.2,93.5,42.2,3.61,1697.0,1,0
101766,CAEX-008,2026-06-02,C,dia,11,509.0,354.8,105.5,42.6,4.19,1571.0,2,1
104685,CAEX-053,2026-07-24,C,dia,11,70.0,355.9,82.0,57.9,3.68,1363.0,0,0
102445,CAEX-056,2026-04-11,C,dia,7,246.0,357.6,76.1,48.2,4.13,1540.0,0,0
101936,CAEX-013,2026-08-19,B,dia,2,95.0,327.3,95.8,43.7,4.39,1990.0,0,0
100986,CAEX-007,2026-05-12,C,noche,2,227.0,346.8,84.4,54.3,5.44,1816.0,1,0
102982,CAEX-054,2026-07-01,B,dia,11,330.0,347.5,77.4,,3.21,1722.0,0,0
103876,CAEX-023,2026-04-27,C,noche,4,411.0,377.2,98.6,56.1,3.56,1671.0,0,0
105110,CAEX-018,2026-06-21,A,dia,1,163.0,262.4,91.3,51.5,5.86,1677.0,0,0
105899,CAEX-035,2026-07-27,B,dia,7,436.0,340.9,90.9,60.8,3.54,1627.0,1,0
103106,CAEX-029,2026-05-25,A,dia,12,300.0,305.5,84.5,59.9,8.0,1489.0,0,0
102338,CAEX-032,2026-08-20,C,noche,4,187.0,319.0,95.3,47.6,4.93,1426.0,1,0
103108,CAEX-013,2026-03-08,B,noche,2,105.0,330.0,98.0,49.9,3.62,1456.0,2,1
103555,CAEX-020,2026-05-11,B,noche,7,149.0,329.9,86.1,66.5,3.55,1344.0,1,0
105713,CAEX-008,2026-03-31,C,noche,11,197.0,365.5,91.8,59.7,4.9,1313.0,2,1
105710,CAEX-018,2026-03-07,A,noche,1,158.0,315.5,92.7,54.0,3.56,1592.0,0,0
104291,CAEX-025,2026-06-15,C,dia,14,297.0,375.2,97.4,40.2,4.98,1815.0,1,1
105108,CAEX-052,2026-05-07,A,dia,2,377.0,308.6,103.3,54.9,5.73,1707.0,0,1
101289,CAEX-047,2026-08-10,A,dia,5,208.0,264.9,91.0,47.9,4.77,1808.0,0,0
103403,CAEX-013,2026-07-25,B,dia,2,233.0,327.1,83.0,54.7,5.03,1653.0,0,0
100138,CAEX-044,2026-08-12,A,dia,6,237.0,308.0,91.2,59.1,3.66,1356.0,0,0
100974,CAEX-055,2026-07-26,B,dia,10,276.0,294.6,76.4,52.6,2.55,1681.0,1,0
105376,CAEX-031,2026-06-07,B,noche,12,80.0,322.4,84.9,60.5,3.61,1586.0,0,0
101649,CAEX-037,2026-06-08,A,dia,2,165.0,238.2,91.3,48.9,6.85,1693.0,0,0
105183,CAEX-035,2026-06-03,B,dia,7,50.0,345.0,83.3,55.3,4.85,1749.0,0,0
103529,CAEX-030,2026-08-03,B,dia,1,143.0,334.3,87.9,57.4,3.87,1687.0,0,0
100616,CAEX-018,2026-03-20,A,dia,1,351.0,287.9,91.9,57.8,4.81,1539.0,1,0
104549,CAEX-007,2026-05-26,C,dia,2,261.0,361.9,91.7,52.9,6.7,1769.0,2,0
105144,CAEX-024,2026-03-03,C,dia,6,344.0,359.1,102.0,51.3,2.41,1513.0,1,1
101859,CAEX-060,2026-04-28,A,dia,8,56.0,270.9,94.4,62.2,3.52,1542.0,2,0
105498,CAEX-023,2026-05-25,C,dia,4,276.0,334.9,91.0,53.3,7.53,1896.0,2,0
105163,CAEX-035,2026-06-13,B,dia,7,264.0,302.6,93.0,37.7,4.95,1370.0,0,1
104273,CAEX-029,2026-08-16,A,noche,12,311.0,284.0,91.8,41.1,,1509.0,0,0
101712,CAEX-015,2026-08-06,B,noche,12,227.0,299.3,96.6,60.2,5.61,1569.0,1,0
102269,CAEX-047,2026-07-27,A,noche,5,455.0,257.2,91.5,57.0,4.71,1975.0,0,0
105918,CAEX-056,2026-04-17,C,noche,7,110.0,349.7,81.2,53.5,3.04,1785.0,0,0
105853,CAEX-047,2026-08-26,A,dia,5,545.0,298.7,97.3,45.8,,1683.0,0,0
102425,CAEX-046,2026-04-03,C,dia,12,235.0,326.2,95.4,55.5,3.89,1580.0,1,0
100159,CAEX-013,2026-07-23,B,dia,2,84.0,322.0,82.6,63.9,3.16,1469.0,0,0
104550,CAEX-040,2026-08-07,B,noche,11,41.0,310.6,88.9,50.8,4.23,1619.0,2,0
103503,CAEX-013,2026-05-18,B,dia,2,301.0,324.2,91.9,60.3,4.96,1479.0,0,0
101367,CAEX-042,2026-06-28,C,noche,10,222.0,357.3,100.1,50.5,3.91,1859.0,0,0
102774,CAEX-027,2026-06-05,B,dia,1,112.0,294.3,82.9,45.9,3.01,1849.0,0,0
103829,CAEX-012,2026-08-16,C,noche,8,222.0,346.7,91.1,52.3,4.31,1465.0,0,0
102331,CAEX-012,2026-06-30,C,noche,8,129.0,372.9,82.0,49.9,4.41,1551.0,0,0
104217,CAEX-018,2026-07-13,A,dia,1,526.0,280.3,87.5,57.3,5.89,1799.0,3,0
103220,CAEX-044,2026-07-18,A,noche,6,300.0,289.1,89.7,50.5,2.94,1846.0,1,0
104553,CAEX-046,2026-04-12,C,noche,12,176.0,320.2,87.0,46.7,3.73,1292.0,0,0
102698,CAEX-057,2026-04-23,B,dia,11,67.0,326.7,83.3,54.5,3.58,1730.0,0,0
103799,CAEX-033,2026-04-15,A,dia,13,222.0,306.0,88.4,60.3,4.16,1709.0,0,0
104491,CAEX-006,2026-04-20,C,dia,8,148.0,359.5,,58.3,2.94,1958.0,0,0
101041,CAEX-039,2026-05-04,A,dia,8,16.0,297.6,86.8,50.6,6.44,1723.0,0,0
104913,CAEX-003,2026-03-10,C,noche,10,313.0,388.9,76.6,,3.26,1484.0,0,0
103374,CAEX-043,2026-05-17,B,dia,6,138.0,314.7,92.5,49.7,3.09,1903.0,1,0
103388,CAEX-010,2026-06-14,B,dia,9,266.0,301.7,81.1,56.1,4.02,1817.0,0,0
104295,CAEX-052,2026-05-11,A,dia,2,85.0,282.5,98.9,61.2,5.72,1570.0,0,0
105246,CAEX-015,2026-08-24,B,noche,12,171.0,260.5,,57.8,3.78,1663.0,0,0
100509,CAEX-027,2026-07-04,B,dia,1,152.0,339.2,90.6,54.6,3.3,1325.0,0,0
105696,CAEX-006,2026-05-10,C,dia,8,139.0,368.2,93.4,40.8,4.34,1702.0,1,0
104233,CAEX-021,2026-08-25,C,noche,14,303.0,338.4,87.6,44.4,6.34,1696.0,0,0
105187,CAEX-006,2026-07-13,C,dia,8,711.0,376.6,96.0,55.0,5.45,1681.0,4,1
102449,CAEX-037,2026-04-20,A,dia,2,270.0,291.2,92.2,,5.76,1826.0,0,0
101782,CAEX-060,2026-03-16,A,noche,8,230.0,305.0,91.2,49.4,3.36,1559.0,0,0
104931,CAEX-033,2026-04-21,A,noche,13,83.0,242.1,89.7,53.1,5.03,1407.0,1,0
102986,CAEX-025,2026-07-31,C,dia,14,178.0,327.9,88.1,57.9,5.36,1660.0,1,1
105392,CAEX-042,2026-07-11,C,dia,10,277.0,367.6,85.3,44.5,2.86,1296.0,1,1
105914,CAEX-028,2026-05-10,A,dia,4,578.0,302.7,90.1,60.9,3.19,1638.0,0,0
102932,CAEX-046,2026-07-13,C,noche,12,68.0,342.9,82.8,63.6,1.25,1801.0,1,0
104591,CAEX-018,2026-03-10,A,dia,1,284.0,265.1,86.5,52.8,7.7,1573.0,0,0
103075,CAEX-015,2026-08-04,B,noche,12,226.0,311.7,83.1,53.9,2.67,1615.0,1,0
104149,CAEX-003,2026-06-19,C,noche,10,96.0,353.1,83.3,56.7,3.49,1740.0,0,0
104479,CAEX-026,2026-03-27,A,noche,12,156.0,270.4,87.9,52.6,3.82,1430.0,1,0
100544,CAEX-008,2026-05-02,C,noche,11,67.0,347.6,87.1,58.0,4.42,1670.0,0,0
104231,CAEX-008,2026-06-24,C,noche,11,252.0,377.9,84.6,52.6,3.77,1864.0,2,0
104543,CAEX-057,2026-03-06,B,noche,11,240.0,304.2,84.8,61.2,6.57,1626.0,2,0
100224,CAEX-059,2026-08-14,A,dia,13,30.0,294.7,86.7,49.9,6.1,1718.0,0,0
104737,CAEX-007,2026-05-17,C,noche,2,145.0,348.8,80.2,65.9,6.6,1654.0,0,0
104820,CAEX-030,2026-04-15,B,dia,1,349.0,332.5,94.7,32.9,4.32,1698.0,1,1
101403,CAEX-031,2026-07-02,B,noche,12,130.0,322.6,90.9,54.0,3.74,1389.0,1,0
104806,CAEX-004,2026-04-12,B,dia,7,154.0,338.4,87.6,55.0,4.4,1557.0,1,0
101873,CAEX-022,2026-05-18,A,dia,4,114.0,282.1,91.3,48.2,3.67,1554.0,0,0
104007,CAEX-016,2026-05-21,A,noche,5,202.0,285.6,82.1,60.1,5.19,1830.0,0,0
102137,CAEX-006,2026-07-01,C,dia,8,419.0,313.1,94.4,52.6,2.75,1717.0,1,0
100181,CAEX-051,2026-06-21,A,dia,2,140.0,276.9,74.3,46.1,,1304.0,0,0
105471,CAEX-056,2026-05-29,C,noche,7,275.0,343.4,89.2,43.0,3.21,1603.0,1,1
102174,CAEX-028,2026-06-19,A,dia,4,361.0,266.2,96.9,51.8,3.12,1488.0,0,0
102779,CAEX-031,2026-05-16,B,dia,12,615.0,328.5,87.9,39.8,4.97,1951.0,1,1
105125,CAEX-015,2026-07-11,B,noche,12,353.0,311.4,78.7,57.8,3.7,1688.0,1,0
105519,CAEX-044,2026-08-20,A,dia,6,194.0,270.5,88.8,64.4,5.61,1585.0,0,0
101323,CAEX-014,2026-07-12,C,dia,8,141.0,391.1,78.0,46.1,5.6,1673.0,1,0
103572,CAEX-048,2026-06-08,A,dia,3,299.0,290.1,94.4,52.7,5.84,1399.0,0,0
104168,CAEX-010,2026-03-09,B,noche,9,173.0,291.0,90.2,63.6,,1700.0,0,0
100540,CAEX-036,2026-06-29,A,dia,10,181.0,274.9,87.6,51.0,5.27,1692.0,0,0
100290,CAEX-056,2026-03-30,C,dia,7,624.0,346.3,86.9,57.7,6.05,1564.0,1,0
105936,CAEX-010,2026-06-11,B,noche,9,342.0,269.6,89.1,53.5,3.33,1608.0,0,0
103138,CAEX-024,2026-06-12,C,dia,6,89.0,317.8,94.4,60.5,3.98,1524.0,0,0
100976,CAEX-036,2026-04-16,A,noche,10,519.0,302.2,97.2,50.5,4.36,1511.0,1,1
102405,CAEX-022,2026-04-05,A,dia,4,57.0,275.7,94.3,57.8,4.57,1538.0,0,0
104535,CAEX-002,2026-04-28,B,noche,10,185.0,329.6,88.5,56.3,9.69,1787.0,0,1
103927,CAEX-007,2026-07-17,C,noche,2,798.0,352.9,107.7,57.8,5.73,1846.0,2,1
104750,CAEX-014,2026-03-10,C,noche,8,28.0,342.7,82.1,56.5,3.66,1680.0,0,0
104185,CAEX-035,2026-06-14,B,noche,7,110.0,316.7,82.9,59.1,2.49,1392.0,0,0
100042,CAEX-028,2026-04-24,A,dia,4,193.0,291.4,83.0,58.0,5.31,1877.0,0,0
105807,CAEX-055,2026-05-23,B,noche,10,220.0,302.4,84.6,51.7,6.58,1790.0,0,0
103779,CAEX-006,2026-04-24,C,dia,8,226.0,342.1,81.4,55.4,4.91,1408.0,0,0
104195,CAEX-019,2026-07-10,C,noche,5,629.0,310.6,89.2,37.8,3.91,1644.0,0,1
103699,CAEX-011,2026-06-03,A,dia,8,149.0,292.7,92.7,55.0,3.67,1830.0,1,0
104521,CAEX-054,2026-05-25,B,noche,11,252.0,313.4,96.4,52.1,8.14,1520.0,0,1
105925,CAEX-050,2026-03-10,A,dia,1,145.0,311.0,80.5,53.1,2.88,1656.0,1,0
104320,CAEX-021,2026-07-26,C,dia,14,133.0,326.9,84.5,53.3,4.61,1665.0,1,0
102847,CAEX-007,2026-08-23,C,noche,2,662.0,341.8,93.7,46.6,4.92,1677.0,1,0
102931,CAEX-033,2026-03-28,A,noche,13,137.0,291.2,78.2,63.3,4.36,1709.0,0,0
103143,CAEX-048,2026-07-26,A,dia,3,130.0,292.4,90.4,,2.16,1815.0,0,0
105937,CAEX-051,2026-04-12,A,dia,2,92.0,268.9,92.3,54.7,4.89,1930.0,0,0
105798,CAEX-010,2026-08-19,B,dia,9,263.0,313.6,87.0,40.1,2.39,1611.0,0,0
100877,CAEX-027,2026-05-08,B,dia,1,252.0,305.8,85.7,55.0,2.93,1505.0,1,0
102384,CAEX-025,2026-05-03,C,dia,14,183.0,335.3,81.5,56.5,3.15,1466.0,2,0
101392,CAEX-022,2026-08-15,A,noche,4,698.0,274.1,90.5,52.5,6.93,1600.0,2,0
103815,CAEX-031,2026-08-20,B,dia,12,103.0,322.1,84.1,53.3,3.14,1649.0,0,0
100507,CAEX-025,2026-04-04,C,dia,14,197.0,333.0,91.8,55.4,2.76,1618.0,0,0
104577,CAEX-035,2026-03-30,B,dia,7,495.0,328.3,86.4,60.0,5.95,1836.0,1,0
101015,CAEX-032,2026-07-12,C,noche,4,387.0,341.6,88.0,66.4,2.74,1653.0,1,0
103964,CAEX-027,2026-05-01,B,noche,1,245.0,324.9,94.9,52.5,4.56,1678.0,0,0
100388,CAEX-015,2026-03-17,B,dia,12,136.0,311.9,91.4,43.4,3.97,1664.0,1,0
103494,CAEX-001,2026-03-14,C,dia,7,305.0,366.8,84.4,56.0,4.92,1291.0,1,0
100308,CAEX-032,2026-04-23,C,noche,4,620.0,322.4,102.0,40.3,5.45,1715.0,2,1
101337,CAEX-029,2026-03-03,A,dia,12,431.0,256.1,96.2,52.4,6.88,1711.0,0,1
101864,CAEX-045,2026-04-04,C,noche,6,116.0,362.7,88.8,60.5,2.75,1587.0,0,0
101328,CAEX-029,2026-07-14,A,noche,12,104.0,282.9,90.1,57.6,7.47,1765.0,1,0
104837,CAEX-004,2026-08-04,B,dia,7,357.0,332.8,87.6,62.0,6.87,1277.0,1,1
104620,CAEX-034,2026-03-08,A,noche,5,347.0,269.1,90.7,61.7,4.37,1510.0,1,0
101256,CAEX-007,2026-07-23,C,noche,2,140.0,322.9,88.0,51.1,4.3,1755.0,1,0
104568,CAEX-016,2026-06-16,A,dia,5,189.0,292.0,85.9,56.4,4.75,1810.0,0,0
100341,CAEX-022,2026-03-01,A,dia,4,29.0,,78.8,46.6,7.66,1597.0,1,0
101802,CAEX-038,2026-08-24,B,dia,8,68.0,300.0,88.2,55.4,8.43,1457.0,1,0
105601,CAEX-012,2026-03-22,C,dia,8,55.0,388.6,94.6,53.1,4.71,1600.0,1,0
101956,CAEX-042,2026-07-04,C,noche,10,148.0,357.6,91.1,60.8,5.77,1723.0,0,0
105315,CAEX-047,2026-08-16,A,noche,5,444.0,274.2,96.3,53.6,4.02,1822.0,0,0
104120,CAEX-006,2026-04-19,C,dia,8,778.0,348.1,88.0,48.8,,1552.0,0,0
102005,CAEX-039,2026-06-12,A,noche,8,133.0,282.4,83.9,50.1,5.88,1758.0,0,0
102596,CAEX-019,2026-03-28,C,dia,5,169.0,364.2,97.8,51.9,6.72,1941.0,1,0
100748,CAEX-019,2026-04-21,C,dia,5,231.0,352.5,86.7,52.5,3.53,1796.0,0,0
103873,CAEX-046,2026-07-20,C,noche,12,124.0,334.1,95.9,50.5,3.6,1672.0,1,0
105072,CAEX-026,2026-06-18,A,dia,12,63.0,294.6,92.4,67.6,3.67,1718.0,1,0
104607,CAEX-034,2026-03-02,A,dia,5,103.0,291.8,90.9,44.4,4.55,1923.0,0,0
102054,CAEX-009,2026-06-15,A,dia,9,314.0,286.3,94.2,59.7,2.85,1936.0,2,0
103970,CAEX-024,2026-08-25,C,noche,6,479.0,341.5,94.5,48.5,6.54,1956.0,1,1
101504,CAEX-048,2026-06-24,A,noche,3,102.0,284.1,92.8,55.6,5.67,1811.0,1,0
105037,CAEX-048,2026-06-08,A,noche,3,199.0,281.9,89.1,43.3,4.64,1859.0,0,0
105404,CAEX-005,2026-07-03,A,noche,12,170.0,296.1,97.2,47.2,1.49,1665.0,0,0
101781,CAEX-051,2026-05-06,A,noche,2,67.0,267.7,86.4,57.1,5.57,1729.0,1,0
100766,CAEX-008,2026-06-08,C,noche,11,79.0,331.4,90.2,49.0,3.32,1589.0,0,0
104656,CAEX-032,2026-08-20,C,noche,4,99.0,340.6,87.6,51.7,3.42,1241.0,0,0
100926,CAEX-011,2026-05-01,A,noche,8,179.0,257.9,79.8,48.5,6.01,1760.0,0,0
100857,CAEX-055,2026-03-13,B,noche,10,389.0,309.9,88.7,56.4,6.29,1653.0,0,0
102621,CAEX-048,2026-07-01,A,noche,3,138.0,327.9,88.4,57.6,5.16,1808.0,0,0
105916,CAEX-039,2026-03-18,A,dia,8,110.0,295.2,96.8,57.9,4.2,1184.0,1,1
101271,CAEX-018,2026-07-19,A,dia,1,99.0,247.2,,65.3,5.03,1552.0,0,0
105223,CAEX-041,2026-03-08,B,dia,14,151.0,299.5,97.0,51.9,3.37,1686.0,1,0
101840,CAEX-028,2026-06-19,A,noche,4,216.0,294.4,88.2,62.1,5.81,2026.0,0,0
101115,CAEX-058,2026-04-12,B,dia,3,278.0,319.9,83.1,44.2,5.17,1369.0,3,0
105728,CAEX-055,2026-03-09,B,noche,10,219.0,343.3,82.1,54.0,4.83,1480.0,1,0
104114,CAEX-006,2026-08-09,C,dia,8,129.0,375.6,89.6,48.0,4.91,1522.0,0,0
100752,CAEX-042,2026-07-21,C,noche,10,282.0,380.8,95.9,48.6,3.56,1525.0,1,0
105227,CAEX-044,2026-08-20,A,noche,6,89.0,286.2,86.0,50.1,4.75,1475.0,1,0
102704,CAEX-003,2026-04-26,C,noche,10,37.0,342.8,81.4,63.7,8.95,1565.0,0,0
104734,CAEX-037,2026-04-02,A,noche,2,287.0,249.0,90.8,49.9,4.2,2016.0,1,1
100152,CAEX-023,2026-07-03,C,noche,4,99.0,362.4,84.5,46.8,2.16,1620.0,1,0
101033,CAEX-028,2026-05-30,A,noche,4,550.0,278.1,93.9,42.0,4.7,1556.0,1,0
102509,CAEX-039,2026-06-05,A,dia,8,645.0,278.5,88.3,45.1,5.17,1854.0,1,0
101443,CAEX-056,2026-07-30,C,noche,7,192.0,359.4,88.0,69.2,7.69,1573.0,3,0
104151,CAEX-012,2026-04-25,C,dia,8,161.0,361.1,96.0,54.7,3.39,1710.0,1,0
100347,CAEX-056,2026-03-03,C,dia,7,52.0,358.0,81.6,58.7,3.66,1674.0,0,0
105030,CAEX-002,2026-06-07,B,noche,10,704.0,320.9,98.9,48.3,7.82,1602.0,1,1
102631,CAEX-031,2026-08-10,B,noche,12,91.0,335.4,83.8,55.3,3.13,1874.0,0,0
101671,CAEX-005,2026-04-26,A,dia,12,151.0,293.8,89.1,57.7,7.99,1709.0,0,0
100707,CAEX-004,2026-08-06,B,noche,7,156.0,333.7,85.1,55.9,2.12,1541.0,0,0
105632,CAEX-039,2026-08-06,A,dia,8,230.0,267.8,95.0,62.5,6.04,1852.0,0,0
102676,CAEX-005,2026-03-25,A,dia,12,281.0,287.4,92.9,48.9,3.6,1743.0,1,0
103470,CAEX-045,2026-05-14,C,noche,6,64.0,345.4,95.0,45.3,3.29,1432.0,0,0
101747,CAEX-022,2026-08-26,A,dia,4,172.0,229.6,82.8,57.8,4.99,1645.0,0,0
105321,CAEX-057,2026-04-11,B,noche,11,350.0,347.9,101.0,55.0,4.24,1559.0,0,1
101401,CAEX-018,2026-03-03,A,dia,1,199.0,268.4,89.1,56.5,3.33,1735.0,0,0
101018,CAEX-059,2026-08-19,A,dia,13,316.0,292.2,87.0,55.2,3.95,1817.0,0,0
102888,CAEX-043,2026-05-26,B,dia,6,230.0,320.6,88.9,44.2,4.91,1681.0,0,0
103160,CAEX-053,2026-04-19,C,noche,11,125.0,,98.1,53.1,3.54,1656.0,1,1
103296,CAEX-013,2026-03-09,B,dia,2,337.0,318.9,86.4,44.2,5.1,1546.0,1,0
101650,CAEX-059,2026-05-11,A,noche,13,313.0,288.1,90.9,43.0,3.99,1723.0,0,0
102241,CAEX-016,2026-07-16,A,noche,5,86.0,274.1,93.5,70.1,7.21,1406.0,1,0
103501,CAEX-043,2026-03-03,B,noche,6,178.0,304.1,90.0,52.1,2.85,1338.0,0,0
101503,CAEX-003,2026-08-03,C,noche,10,421.0,335.5,86.8,57.1,7.26,1817.0,2,0
100088,CAEX-021,2026-03-08,C,dia,14,671.0,325.9,97.1,53.2,4.87,1796.0,1,0
105779,CAEX-037,2026-03-03,A,dia,2,271.0,290.3,92.0,53.5,3.01,1470.0,1,0
102700,CAEX-059,2026-04-24,A,noche,13,107.0,256.8,79.2,59.8,,1589.0,2,0
100522,CAEX-037,2026-03-06,A,noche,2,199.0,272.4,84.8,58.2,3.91,1922.0,1,0
101557,CAEX-031,2026-03-30,B,dia,12,162.0,338.4,87.1,,3.43,1722.0,1,0
103452,CAEX-033,2026-03-03,A,dia,13,96.0,247.6,77.3,51.0,4.63,1680.0,0,0
105495,CAEX-030,2026-08-07,B,dia,1,89.0,287.0,95.0,54.2,4.5,1462.0,0,0
103578,CAEX-033,2026-05-09,A,noche,13,204.0,277.7,96.2,56.1,7.41,1502.0,0,0
103362,CAEX-035,2026-06-24,B,dia,7,184.0,341.3,87.6,60.0,2.76,1469.0,1,0
105474,CAEX-028,2026-07-02,A,noche,4,657.0,288.9,97.7,46.9,3.44,1389.0,2,1
101202,CAEX-018,2026-03-08,A,dia,1,45.0,301.3,87.6,57.1,5.26,1525.0,0,0
102136,CAEX-001,2026-03-13,C,noche,7,352.0,372.2,89.8,48.1,3.15,1503.0,1,0
104817,CAEX-045,2026-04-10,C,dia,6,300.0,400.4,90.8,41.3,4.32,1354.0,0,1
103449,CAEX-051,2026-06-27,A,noche,2,53.0,284.4,89.6,53.8,6.35,1991.0,0,0
105625,CAEX-019,2026-07-05,C,dia,5,120.0,336.2,80.5,53.0,3.52,1498.0,1,0
103907,CAEX-017,2026-06-08,B,noche,9,42.0,336.2,80.5,59.8,6.56,1504.0,2,0
105933,CAEX-028,2026-08-16,A,noche,4,665.0,280.4,87.1,51.2,2.83,1740.0,2,0
102736,CAEX-027,2026-06-14,B,noche,1,58.0,298.5,85.8,59.6,4.01,1908.0,0,0
104367,CAEX-036,2026-08-01,A,noche,10,301.0,291.5,89.1,55.4,4.9,1909.0,2,1
101143,CAEX-033,2026-08-12,A,noche,13,214.0,286.6,76.0,58.6,3.34,1468.0,0,0
103280,CAEX-024,2026-05-13,C,dia,6,200.0,339.0,87.4,45.9,3.66,1591.0,1,0
100011,CAEX-042,2026-08-10,C,noche,10,101.0,320.6,84.9,61.3,8.29,1632.0,0,1
102946,CAEX-054,2026-04-19,B,dia,11,95.0,302.8,87.3,57.0,1.88,1493.0,0,0
103492,CAEX-006,2026-07-27,C,dia,8,125.0,346.5,89.7,66.5,2.44,1687.0,1,0
104585,CAEX-027,2026-08-10,B,dia,1,177.0,332.6,80.6,58.1,4.74,1829.0,0,0
104321,CAEX-042,2026-03-17,C,noche,10,287.0,341.1,88.3,51.0,3.1,1658.0,1,0
104340,CAEX-026,2026-04-04,A,noche,12,254.0,293.6,91.3,59.7,2.98,1613.0,2,0
102965,CAEX-046,2026-07-27,C,noche,12,132.0,336.8,81.5,55.3,2.43,1913.0,2,0
103007,CAEX-046,2026-03-07,C,dia,12,422.0,320.6,86.9,49.9,2.52,1609.0,2,0
103420,CAEX-038,2026-07-15,B,dia,8,169.0,344.0,95.6,48.9,2.58,1654.0,1,0
104693,CAEX-004,2026-05-31,B,dia,7,229.0,347.9,101.1,52.2,1.39,1537.0,2,0
102297,CAEX-032,2026-05-23,C,noche,4,257.0,349.7,85.4,59.5,4.84,1880.0,1,0
102886,CAEX-034,2026-06-26,A,dia,5,213.0,280.7,83.5,55.9,6.95,1390.0,0,0
104465,CAEX-002,2026-08-01,B,noche,10,228.0,313.2,85.7,,2.73,1684.0,0,0
102672,CAEX-024,2026-05-08,C,dia,6,160.0,308.7,80.0,50.5,2.65,1409.0,0,0
101846,CAEX-029,2026-08-15,A,dia,12,273.0,272.0,83.2,46.0,4.82,1749.0,1,0
102100,CAEX-041,2026-07-22,B,dia,14,246.0,295.0,81.7,55.0,3.98,1645.0,1,0
100570,CAEX-010,2026-05-31,B,dia,9,257.0,350.0,96.9,45.9,2.68,1549.0,0,0
100538,CAEX-030,2026-07-01,B,noche,1,158.0,328.4,91.3,76.7,3.08,1620.0,0,0
105050,CAEX-017,2026-06-21,B,dia,9,180.0,338.1,87.8,50.2,4.16,1889.0,1,0
105091,CAEX-012,2026-05-15,C,dia,8,122.0,333.2,93.3,,3.57,1891.0,1,0
104308,CAEX-016,2026-04-17,A,dia,5,281.0,272.5,91.2,57.0,3.29,1605.0,0,0
103188,CAEX-018,2026-07-11,A,noche,1,204.0,315.4,88.9,57.5,2.57,1491.0,0,0
102859,CAEX-017,2026-08-24,B,noche,9,310.0,306.7,84.5,52.1,5.27,1352.0,0,0
103214,CAEX-012,2026-05-12,C,dia,8,154.0,355.3,92.0,53.2,5.73,1398.0,0,0
102277,CAEX-051,2026-08-21,A,noche,2,522.0,285.8,88.0,63.6,4.35,1785.0,1,0
101409,CAEX-052,2026-03-19,A,dia,2,205.0,292.7,89.1,55.7,2.49,1878.0,0,0
105726,CAEX-009,2026-05-22,A,dia,9,264.0,297.9,86.3,50.3,3.69,1677.0,0,0
100605,CAEX-029,2026-04-13,A,noche,12,86.0,234.4,81.9,57.6,7.33,1585.0,0,0
104331,CAEX-018,2026-06-14,A,noche,1,279.0,267.2,85.8,44.7,3.58,1585.0,1,0
105391,CAEX-046,2026-03-17,C,dia,12,116.0,346.2,83.8,52.3,3.97,1570.0,0,0
105616,CAEX-013,2026-07-30,B,dia,2,664.0,335.8,94.8,44.4,7.2,2007.0,2,1
102851,CAEX-044,2026-04-11,A,noche,6,269.0,279.1,86.4,60.4,4.56,1873.0,4,0
104353,CAEX-043,2026-07-10,B,noche,6,237.0,316.9,87.0,57.4,3.89,1742.0,0,0
102911,CAEX-021,2026-06-03,C,noche,14,39.0,345.7,83.3,50.7,5.64,1661.0,0,0
101333,CAEX-045,2026-05-26,C,dia,6,113.0,372.9,87.2,56.2,5.78,1567.0,0,0
101648,CAEX-060,2026-05-09,A,noche,8,54.0,281.4,92.8,56.8,3.61,1882.0,0,0
102702,CAEX-015,2026-03-08,B,noche,12,256.0,304.2,89.2,51.0,4.09,1617.0,3,0
103423,CAEX-010,2026-03-29,B,noche,9,114.0,317.6,95.5,61.2,5.34,1795.0,0,0
104386,CAEX-021,2026-08-25,C,dia,14,59.0,367.6,83.0,49.1,5.64,1739.0,1,0
103866,CAEX-001,2026-08-06,C,noche,7,28.0,351.2,84.1,57.1,3.83,1504.0,1,0
100689,CAEX-027,2026-07-13,B,noche,1,316.0,310.0,80.2,52.4,9.96,1574.0,1,1
100823,CAEX-034,2026-08-22,A,dia,5,244.0,283.6,93.8,59.1,2.81,1498.0,0,0
103625,CAEX-002,2026-08-08,B,noche,10,84.0,330.2,87.3,63.0,4.12,1913.0,1,0
105206,CAEX-053,2026-06-05,C,dia,11,237.0,356.4,90.1,46.7,4.24,1688.0,0,0
103088,CAEX-042,2026-04-18,C,noche,10,432.0,333.4,102.0,,2.31,1761.0,3,1
104896,CAEX-023,2026-06-18,C,noche,4,390.0,387.7,84.9,55.3,3.69,1940.0,0,0
101678,CAEX-036,2026-03-25,A,dia,10,486.0,266.0,92.4,44.0,4.66,1804.0,1,0
101150,CAEX-021,2026-04-13,C,dia,14,4.0,338.8,84.9,56.2,8.04,1537.0,0,0
103632,CAEX-027,2026-06-11,B,dia,1,197.0,348.3,92.1,49.4,6.14,1811.0,0,0
104397,CAEX-005,2026-08-02,A,dia,12,67.0,255.7,90.2,58.9,2.7,1413.0,2,0
101494,CAEX-046,2026-07-02,C,dia,12,283.0,320.5,87.0,,4.86,1710.0,0,0
104170,CAEX-022,2026-04-01,A,dia,4,85.0,301.9,87.2,64.6,4.66,1544.0,0,0
102115,CAEX-043,2026-03-18,B,dia,6,495.0,328.1,92.3,48.4,3.42,1489.0,0,0
104533,CAEX-054,2026-06-22,B,dia,11,60.0,325.7,86.2,55.8,5.59,1763.0,2,0
105995,CAEX-028,2026-03-20,A,noche,4,559.0,272.1,94.1,52.7,7.51,1804.0,0,1
101324,CAEX-020,2026-06-01,B,dia,7,268.0,321.2,80.1,49.7,3.92,1775.0,2,0
104578,CAEX-009,2026-04-08,A,dia,9,217.0,282.9,85.8,54.5,3.8,1899.0,1,0
104390,CAEX-013,2026-04-05,B,dia,2,188.0,313.5,87.0,54.6,4.25,1801.0,0,0
104551,CAEX-056,2026-05-16,C,noche,7,317.0,306.2,90.4,39.1,3.58,1759.0,0,0
104094,CAEX-019,2026-03-10,C,noche,5,212.0,331.9,97.0,59.4,5.33,1615.0,0,0
102947,CAEX-050,2026-08-05,A,dia,1,112.0,265.1,86.2,41.9,3.58,1714.0,2,0
103857,CAEX-042,2026-05-28,C,dia,10,182.0,328.5,93.2,60.5,2.46,1778.0,0,0
103194,CAEX-031,2026-04-21,B,dia,12,123.0,323.9,85.6,51.1,5.62,1603.0,0,0
105040,CAEX-022,2026-07-06,A,dia,4,107.0,297.0,79.0,38.1,3.12,1799.0,0,0
102088,CAEX-044,2026-05-31,A,dia,6,101.0,277.9,89.0,48.3,4.47,1509.0,0,0
100918,CAEX-046,2026-03-21,C,noche,12,106.0,348.1,89.3,46.0,2.81,1526.0,3,0
103741,CAEX-057,2026-04-10,B,noche,11,194.0,341.1,88.9,48.3,,1696.0,2,0
103810,CAEX-029,2026-06-16,A,dia,12,461.0,271.0,81.7,62.2,2.75,1414.0,0,0
101602,CAEX-021,2026-03-26,C,noche,14,46.0,362.9,88.1,44.5,2.94,1407.0,0,0
103657,CAEX-012,2026-06-14,C,noche,8,545.0,353.9,98.8,57.7,3.88,1630.0,0,1
100560,CAEX-054,2026-05-19,B,noche,11,365.0,313.1,96.3,51.6,6.21,1727.0,0,0
103473,CAEX-025,2026-07-29,C,noche,14,292.0,368.8,83.0,61.9,5.54,1780.0,0,0
103299,CAEX-025,2026-04-22,C,dia,14,156.0,318.6,89.6,63.3,3.67,1553.0,0,0
103686,CAEX-047,2026-07-20,A,dia,5,400.0,258.2,97.4,48.0,3.47,1858.0,1,0
100708,CAEX-012,2026-05-05,C,noche,8,136.0,330.6,79.9,51.1,5.62,1478.0,0,0
103734,CAEX-034,2026-08-02,A,dia,5,300.0,263.4,92.3,41.2,5.35,1712.0,0,0
100584,CAEX-057,2026-08-03,B,noche,11,106.0,338.9,88.4,48.2,3.97,1743.0,1,0
101209,CAEX-054,2026-04-12,B,dia,11,9.0,309.5,74.8,53.2,3.43,1577.0,0,0
103773,CAEX-044,2026-03-11,A,noche,6,144.0,286.4,86.5,59.0,6.89,1883.0,0,0
100423,CAEX-045,2026-05-25,C,noche,6,140.0,300.3,86.9,56.8,2.68,1303.0,0,0
102634,CAEX-058,2026-08-13,B,noche,3,190.0,310.3,82.7,53.5,8.12,1763.0,0,0
104006,CAEX-035,2026-05-01,B,dia,7,179.0,348.4,94.2,52.5,5.55,2076.0,1,1
100876,CAEX-060,2026-03-28,A,dia,8,102.0,262.5,92.5,61.1,3.61,1721.0,0,0
105438,CAEX-012,2026-03-12,C,noche,8,439.0,364.5,86.7,48.7,3.81,1643.0,1,0
103973,CAEX-055,2026-05-11,B,noche,10,52.0,323.7,86.4,47.5,3.75,1832.0,1,0
104801,CAEX-055,2026-05-30,B,dia,10,110.0,341.3,92.0,57.3,5.4,1712.0,1,0
104829,CAEX-043,2026-05-01,B,dia,6,322.0,327.3,80.4,53.6,4.29,1746.0,0,0
101567,CAEX-060,2026-07-26,A,dia,8,79.0,281.6,81.9,55.1,2.68,1981.0,2,0
105331,CAEX-025,2026-04-28,C,noche,14,131.0,342.2,82.6,47.5,3.64,1855.0,0,0
105570,CAEX-008,2026-03-30,C,dia,11,146.0,375.9,87.8,46.8,4.92,1619.0,0,0
101184,CAEX-013,2026-03-31,B,noche,2,271.0,316.0,89.3,54.8,4.45,1597.0,1,0
100228,CAEX-009,2026-06-25,A,dia,9,121.0,275.8,89.0,52.5,4.05,1725.0,1,0
100827,CAEX-052,2026-06-18,A,noche,2,85.0,299.5,81.1,55.9,2.59,1839.0,1,0
102255,CAEX-028,2026-04-30,A,noche,4,155.0,265.3,90.1,63.2,5.67,1783.0,1,0
103732,CAEX-059,2026-04-12,A,noche,13,130.0,313.2,88.9,55.3,6.5,1760.0,0,0
102322,CAEX-006,2026-05-01,C,noche,8,193.0,370.3,89.4,56.3,6.04,1893.0,0,0
102943,CAEX-029,2026-08-27,A,dia,12,419.0,276.9,93.6,55.5,1.99,1698.0,0,0
105211,CAEX-011,2026-03-02,A,noche,8,162.0,299.9,94.8,,4.73,1582.0,2,0
101637,CAEX-015,2026-06-03,B,noche,12,344.0,325.4,94.2,49.1,4.79,1664.0,1,0
102829,CAEX-038,2026-03-02,B,noche,8,753.0,307.5,89.9,49.0,3.74,1878.0,2,1
104345,CAEX-049,2026-05-12,B,noche,5,205.0,317.4,95.2,51.5,2.38,1754.0,1,0
103270,CAEX-030,2026-03-13,B,noche,1,258.0,275.8,90.4,61.5,4.09,1347.0,0,0
104358,CAEX-044,2026-08-13,A,noche,6,190.0,266.8,99.6,47.0,5.55,1576.0,1,1
103620,CAEX-004,2026-07-21,B,dia,7,310.0,331.1,85.7,44.2,6.12,1629.0,0,0
101191,CAEX-053,2026-07-15,C,dia,11,18.0,295.6,99.3,44.3,5.57,1546.0,1,0
105869,CAEX-011,2026-03-24,A,noche,8,78.0,317.2,88.0,66.4,2.98,1815.0,0,0
101375,CAEX-028,2026-06-20,A,dia,4,33.0,286.3,89.9,50.9,5.79,1902.0,1,0
101570,CAEX-044,2026-08-27,A,dia,6,364.0,268.0,87.9,52.6,3.64,1761.0,2,0
104772,CAEX-004,2026-03-24,B,dia,7,479.0,302.7,99.2,50.8,4.32,1651.0,0,1
103094,CAEX-025,2026-05-01,C,dia,14,97.0,350.3,92.8,52.2,3.97,1718.0,0,0
102135,CAEX-014,2026-03-07,C,noche,8,114.0,333.8,86.4,40.4,5.21,1512.0,2,0
105051,CAEX-009,2026-08-04,A,noche,9,115.0,275.2,85.5,50.3,4.29,1748.0,0,0
101809,CAEX-013,2026-03-02,B,noche,2,214.0,321.6,80.1,61.0,4.29,1530.0,0,0
100826,CAEX-056,2026-03-01,C,noche,7,402.0,355.9,98.9,40.4,4.01,1788.0,1,1
102393,CAEX-044,2026-08-10,A,dia,6,138.0,298.5,87.0,55.2,5.82,1432.0,1,0
103613,CAEX-016,2026-03-11,A,dia,5,455.0,290.4,94.2,56.4,4.24,1848.0,1,0
102481,CAEX-027,2026-08-17,B,noche,1,267.0,344.9,91.1,57.5,3.32,1720.0,1,0
100500,CAEX-057,2026-06-02,B,noche,11,217.0,314.4,90.7,53.2,4.22,1871.0,1,0
103316,CAEX-032,2026-06-20,C,noche,4,399.0,324.3,91.2,43.0,3.4,1671.0,0,0
105221,CAEX-052,2026-05-02,A,dia,2,321.0,324.5,93.9,48.3,6.16,1714.0,0,1
104706,CAEX-013,2026-07-26,B,dia,2,189.0,334.6,92.8,37.5,2.63,1738.0,0,0
104508,CAEX-018,2026-06-13,A,dia,1,199.0,320.0,91.0,54.3,3.82,1698.0,2,1
100817,CAEX-032,2026-05-01,C,dia,4,424.0,319.9,99.2,52.3,3.87,1543.0,0,1
101317,CAEX-034,2026-07-16,A,noche,5,99.0,271.1,87.6,49.8,5.54,1881.0,0,0
100466,CAEX-020,2026-07-06,B,noche,7,219.0,326.0,101.5,47.1,4.66,1599.0,1,0
102534,CAEX-032,2026-08-19,C,noche,4,207.0,330.8,93.7,58.7,3.39,1690.0,1,0
103621,CAEX-056,2026-07-07,C,dia,7,146.0,388.0,94.1,51.1,3.84,1680.0,0,0
100510,CAEX-047,2026-05-30,A,dia,5,245.0,265.2,79.9,48.3,6.41,1540.0,0,0
100147,CAEX-015,2026-03-10,B,dia,12,242.0,278.3,97.8,56.9,6.35,1974.0,0,0
105074,CAEX-034,2026-07-11,A,dia,5,146.0,282.6,91.9,52.0,2.84,1887.0,0,0
105672,CAEX-036,2026-03-31,A,dia,10,38.0,275.5,91.5,65.5,6.21,1660.0,0,0
102920,CAEX-017,2026-04-21,B,dia,9,268.0,317.6,93.2,55.5,3.85,1594.0,2,0
100630,CAEX-060,2026-08-06,A,dia,8,400.0,305.0,93.3,51.4,6.38,1993.0,0,1
101537,CAEX-039,2026-06-29,A,noche,8,128.0,283.5,75.2,54.0,5.59,1665.0,1,0
105822,CAEX-050,2026-05-21,A,noche,1,82.0,286.9,88.9,69.3,3.69,1568.0,0,0
103023,CAEX-047,2026-04-30,A,dia,5,99.0,280.6,88.0,50.3,2.01,1810.0,0,0
103319,CAEX-008,2026-08-13,C,noche,11,270.0,333.2,94.2,53.5,3.55,2144.0,1,1
101197,CAEX-058,2026-06-18,B,dia,3,479.0,299.9,84.7,48.1,4.48,1836.0,1,0
103509,CAEX-059,2026-04-19,A,noche,13,328.0,290.6,78.7,47.5,3.69,1841.0,0,0
100471,CAEX-030,2026-04-06,B,dia,1,59.0,318.0,90.5,54.5,4.93,1517.0,0,0
104520,CAEX-002,2026-04-06,B,dia,10,50.0,267.7,79.3,62.5,3.84,1799.0,0,0
103629,CAEX-032,2026-03-26,C,noche,4,61.0,373.8,81.7,51.6,4.63,1693.0,1,0
101790,CAEX-010,2026-05-06,B,dia,9,931.0,338.1,90.3,49.3,2.35,1868.0,0,0
102412,CAEX-023,2026-05-12,C,noche,4,111.0,363.2,84.9,62.2,3.77,1381.0,1,0
105018,CAEX-057,2026-06-12,B,dia,11,46.0,279.5,99.5,44.9,4.84,1390.0,0,1
100205,CAEX-002,2026-04-14,B,noche,10,262.0,349.9,109.4,61.4,3.51,1547.0,0,1
102823,CAEX-056,2026-06-30,C,noche,7,292.0,331.1,77.9,48.8,2.4,1706.0,1,0
103121,CAEX-039,2026-04-06,A,noche,8,320.0,288.8,91.7,56.1,3.77,1501.0,1,1
103380,CAEX-029,2026-06-26,A,noche,12,375.0,296.2,97.4,58.5,3.25,1764.0,0,1
105148,CAEX-015,2026-03-24,B,noche,12,51.0,297.2,87.4,48.1,2.64,2000.0,1,0
102006,CAEX-018,2026-07-29,A,noche,1,274.0,260.4,89.3,55.9,3.56,1595.0,2,0
105628,CAEX-060,2026-07-22,A,dia,8,80.0,299.1,78.3,46.5,4.15,1733.0,0,0
104849,CAEX-043,2026-05-04,B,noche,6,471.0,344.1,98.2,39.0,,1529.0,0,1
105267,CAEX-041,2026-06-30,B,dia,14,175.0,373.0,94.0,60.6,4.06,2000.0,0,1
102651,CAEX-056,2026-08-17,C,dia,7,458.0,337.6,98.9,48.5,,1704.0,1,0
102748,CAEX-020,2026-08-22,B,noche,7,294.0,305.7,92.5,52.7,4.83,1643.0,0,0
103117,CAEX-013,2026-07-14,B,noche,2,319.0,313.4,97.3,53.0,3.68,1441.0,0,0
102353,CAEX-056,2026-04-27,C,noche,7,168.0,314.8,88.3,46.9,8.1,1721.0,0,0
101755,CAEX-009,2026-06-28,A,noche,9,98.0,287.6,85.6,50.1,6.23,1579.0,2,0
101216,CAEX-036,2026-03-09,A,dia,10,48.0,290.8,84.1,43.2,4.39,1721.0,1,0
104745,CAEX-020,2026-03-08,B,noche,7,320.0,301.6,95.2,53.9,3.86,1544.0,3,0
105368,CAEX-003,2026-06-03,C,noche,10,102.0,386.4,91.6,52.8,2.9,1717.0,0,0
104907,CAEX-050,2026-05-18,A,noche,1,499.0,247.7,86.8,51.6,3.59,1406.0,1,0
101452,CAEX-054,2026-05-10,B,dia,11,513.0,328.8,91.1,43.5,4.5,1488.0,1,0
102216,CAEX-040,2026-08-07,B,noche,11,233.0,326.9,79.5,56.8,6.84,1476.0,1,0
103684,CAEX-037,2026-06-22,A,noche,2,682.0,291.7,94.7,43.4,4.95,1624.0,0,0
101904,CAEX-041,2026-07-14,B,dia,14,378.0,289.6,100.3,51.3,5.27,1615.0,0,0
100980,CAEX-021,2026-03-14,C,noche,14,405.0,359.1,90.9,52.5,3.23,1829.0,3,0
100550,CAEX-040,2026-04-26,B,noche,11,136.0,323.9,77.7,58.4,4.14,1549.0,0,0
103168,CAEX-008,2026-04-20,C,dia,11,590.0,315.9,93.0,50.1,7.9,1513.0,1,1
105801,CAEX-037,2026-06-25,A,dia,2,112.0,263.9,84.2,48.2,4.12,1794.0,0,0
104751,CAEX-001,2026-04-27,C,noche,7,71.0,354.3,89.8,56.1,4.67,1600.0,0,0
102267,CAEX-047,2026-05-29,A,noche,5,830.0,299.3,101.6,39.0,6.82,1658.0,1,1
105858,CAEX-020,2026-07-12,B,noche,7,230.0,305.5,88.4,,3.12,1501.0,0,0
101426,CAEX-054,2026-04-26,B,dia,11,193.0,352.9,80.4,45.6,4.34,1711.0,0,0
105034,CAEX-037,2026-03-11,A,dia,2,533.0,250.6,95.2,59.0,7.64,1644.0,0,0
103320,CAEX-027,2026-03-20,B,noche,1,32.0,325.4,89.8,54.1,4.24,1804.0,1,0
105721,CAEX-056,2026-08-11,C,dia,7,179.0,329.9,84.5,45.1,3.45,1797.0,1,0
100577,CAEX-045,2026-06-03,C,dia,6,156.0,343.9,93.5,54.7,6.59,1617.0,2,0
102808,CAEX-047,2026-03-20,A,dia,5,127.0,291.4,98.8,45.7,7.68,1611.0,0,1
101453,CAEX-006,2026-08-26,C,noche,8,101.0,336.1,84.5,57.0,2.16,1493.0,1,0
103100,CAEX-044,2026-04-09,A,dia,6,111.0,299.9,98.9,66.1,3.37,1798.0,0,0
104950,CAEX-037,2026-08-15,A,dia,2,120.0,265.8,83.1,52.7,4.45,1712.0,1,0
100446,CAEX-014,2026-06-07,C,noche,8,122.0,348.2,86.3,61.1,5.78,1513.0,3,0
104150,CAEX-053,2026-06-25,C,dia,11,580.0,346.6,91.2,54.4,4.54,1674.0,1,0
104029,CAEX-014,2026-07-12,C,dia,8,459.0,360.2,84.8,62.6,3.86,1606.0,1,0
100628,CAEX-007,2026-08-11,C,noche,2,904.0,390.8,93.8,50.7,2.39,1642.0,0,1
100348,CAEX-009,2026-05-25,A,noche,9,221.0,272.5,88.9,66.4,2.89,1607.0,2,0
100342,CAEX-009,2026-03-15,A,noche,9,142.0,291.5,91.3,55.0,3.89,1599.0,0,0
104871,CAEX-027,2026-08-01,B,dia,1,95.0,351.2,83.0,65.8,3.13,1424.0,0,0
105857,CAEX-035,2026-06-01,B,noche,7,715.0,291.7,99.6,46.7,4.32,1644.0,0,1
100778,CAEX-039,2026-08-15,A,dia,8,203.0,271.7,83.5,54.5,3.11,1830.0,1,0
104497,CAEX-034,2026-04-18,A,dia,5,269.0,294.2,90.0,59.1,6.01,1633.0,1,0
104099,CAEX-045,2026-05-01,C,dia,6,148.0,332.2,84.8,51.4,3.66,1498.0,0,0
104178,CAEX-016,2026-05-30,A,noche,5,318.0,302.4,84.0,47.5,2.62,1541.0,0,0
105699,CAEX-040,2026-08-21,B,dia,11,225.0,301.3,85.3,53.0,6.3,1686.0,1,0
104385,CAEX-054,2026-08-22,B,dia,11,217.0,301.0,86.3,46.9,4.21,1698.0,0,0
100304,CAEX-048,2026-06-10,A,dia,3,222.0,285.0,95.8,55.2,2.03,2059.0,1,0
100927,CAEX-015,2026-03-27,B,noche,12,322.0,326.2,79.6,49.9,8.72,1546.0,1,0
101073,CAEX-005,2026-07-18,A,noche,12,505.0,299.1,87.8,47.8,3.14,1599.0,0,0
100676,CAEX-051,2026-08-06,A,dia,2,198.0,304.0,70.5,47.3,3.12,1632.0,2,0
105064,CAEX-058,2026-04-26,B,noche,3,362.0,292.8,97.0,55.8,4.73,1545.0,0,1
102309,CAEX-032,2026-06-04,C,dia,4,116.0,347.2,93.6,53.7,2.94,1818.0,0,0
102976,CAEX-051,2026-03-15,A,dia,2,208.0,267.3,87.2,61.7,4.25,1701.0,0,0
100585,CAEX-022,2026-05-26,A,dia,4,261.0,289.6,89.7,50.2,2.96,1773.0,1,0
102013,CAEX-018,2026-04-08,A,noche,1,86.0,254.0,90.2,56.2,3.78,1893.0,1,0
103867,CAEX-028,2026-05-24,A,dia,4,138.0,269.0,95.6,50.6,3.91,1840.0,0,0
105867,CAEX-007,2026-06-24,C,dia,2,298.0,373.7,94.5,,1.67,1859.0,0,0
105199,CAEX-030,2026-03-19,B,dia,1,77.0,345.5,86.6,59.2,3.66,1312.0,0,0
104974,CAEX-042,2026-08-24,C,dia,10,304.0,336.6,87.3,44.1,4.11,1778.0,0,0
105578,CAEX-032,2026-07-07,C,dia,4,88.0,361.1,94.0,70.3,7.23,1654.0,0,0
104283,CAEX-036,2026-03-04,A,noche,10,349.0,279.7,96.5,60.0,4.11,1508.0,3,1
102870,CAEX-043,2026-07-11,B,dia,6,254.0,267.4,87.7,68.6,2.45,1475.0,0,0
100242,CAEX-042,2026-05-03,C,dia,10,178.0,387.8,83.2,63.0,4.82,1620.0,2,0
101863,CAEX-045,2026-08-24,C,noche,6,232.0,301.2,86.5,54.5,5.73,1856.0,0,0
101480,CAEX-016,2026-06-21,A,noche,5,105.0,294.5,88.0,54.9,6.75,1936.0,0,0
102015,CAEX-040,2026-03-27,B,dia,11,311.0,332.3,96.2,65.2,4.7,1700.0,0,0
103246,CAEX-059,2026-06-19,A,dia,13,459.0,279.2,87.6,64.6,2.08,1471.0,1,0
104251,CAEX-056,2026-06-12,C,dia,7,238.0,327.3,89.6,50.0,5.55,1656.0,1,0
100787,CAEX-037,2026-08-10,A,noche,2,191.0,286.0,86.6,53.7,7.95,1689.0,1,0
103847,CAEX-013,2026-08-22,B,dia,2,202.0,311.0,90.4,55.3,6.06,1818.0,1,0
100171,CAEX-032,2026-05-01,C,dia,4,96.0,362.0,86.5,65.1,8.39,1553.0,1,0
102537,CAEX-027,2026-07-04,B,dia,1,292.0,293.7,96.4,53.4,,1542.0,2,0
103267,CAEX-020,2026-08-21,B,noche,7,537.0,327.0,102.3,45.9,4.34,1763.0,2,1
105715,CAEX-033,2026-06-05,A,noche,13,125.0,264.7,79.5,69.2,4.44,1682.0,1,0
100897,CAEX-043,2026-07-25,B,dia,6,206.0,325.6,103.5,49.7,2.56,1577.0,0,1
103528,CAEX-046,2026-03-23,C,dia,12,153.0,376.3,84.7,50.9,2.93,1726.0,1,0
105658,CAEX-003,2026-08-04,C,noche,10,399.0,337.0,,49.5,5.94,1503.0,1,0
102776,CAEX-060,2026-04-12,A,dia,8,188.0,275.2,89.4,62.1,4.42,1798.0,1,0
101377,CAEX-054,2026-07-24,B,dia,11,233.0,319.5,91.7,53.2,3.24,1494.0,0,0
105608,CAEX-037,2026-07-31,A,dia,2,313.0,308.9,85.7,51.0,7.13,1475.0,2,0
101447,CAEX-035,2026-04-09,B,dia,7,186.0,335.3,85.2,53.8,6.88,1541.0,0,0
104222,CAEX-008,2026-04-16,C,dia,11,102.0,340.7,84.4,61.9,4.45,1498.0,0,0
105915,CAEX-019,2026-06-12,C,dia,5,760.0,363.3,84.6,45.8,3.94,1532.0,1,1
100478,CAEX-038,2026-05-31,B,dia,8,203.0,317.3,89.5,50.7,2.67,1847.0,1,0
103105,CAEX-025,2026-03-03,C,dia,14,146.0,313.6,84.4,48.4,7.48,2112.0,0,1
101618,CAEX-012,2026-03-25,C,noche,8,240.0,342.2,95.9,52.1,3.3,1688.0,0,0
100338,CAEX-004,2026-06-10,B,dia,7,169.0,321.9,82.4,53.5,4.17,1685.0,0,0
101896,CAEX-025,2026-07-31,C,noche,14,143.0,363.9,80.0,49.1,3.71,1696.0,0,0
100321,CAEX-007,2026-03-22,C,dia,2,50.0,355.2,94.6,51.0,6.12,1492.0,1,0
102130,CAEX-033,2026-06-13,A,noche,13,391.0,265.5,92.7,52.2,2.78,1436.0,1,0
105217,CAEX-057,2026-06-29,B,noche,11,224.0,343.1,100.8,56.1,3.73,1660.0,1,0
104938,CAEX-028,2026-06-29,A,dia,4,128.0,292.5,83.9,45.3,3.72,1486.0,3,0
100636,CAEX-051,2026-04-15,A,dia,2,39.0,265.0,82.8,66.6,5.11,1866.0,1,0
100621,CAEX-001,2026-08-01,C,noche,7,77.0,390.4,91.8,54.9,3.09,1300.0,0,0
104053,CAEX-037,2026-04-02,A,dia,2,266.0,310.7,86.5,58.8,4.69,1814.0,0,0
103507,CAEX-007,2026-07-03,C,dia,2,188.0,327.1,93.7,54.4,5.09,1619.0,0,0
101659,CAEX-014,2026-07-18,C,noche,8,36.0,350.9,80.2,55.2,6.85,1709.0,2,0
102103,CAEX-020,2026-03-01,B,dia,7,107.0,322.6,78.5,59.4,3.56,1501.0,0,0
103760,CAEX-031,2026-06-20,B,dia,12,145.0,331.8,84.8,44.5,4.16,1699.0,1,0
102187,CAEX-021,2026-05-02,C,dia,14,470.0,326.1,95.6,39.7,4.66,1730.0,0,1
104423,CAEX-019,2026-03-14,C,dia,5,223.0,348.1,84.9,58.6,5.17,1665.0,2,0
103958,CAEX-016,2026-04-19,A,dia,5,196.0,286.8,88.2,56.7,4.38,1601.0,0,0
105557,CAEX-018,2026-03-23,A,dia,1,101.0,270.0,96.2,53.9,3.59,1868.0,1,0
103646,CAEX-055,2026-05-09,B,dia,10,225.0,302.4,75.2,56.3,4.02,1995.0,1,0
103135,CAEX-025,2026-03-20,C,noche,14,415.0,354.4,95.7,57.9,4.37,1703.0,1,0
104695,CAEX-012,2026-05-25,C,dia,8,123.0,302.2,80.6,52.4,5.22,1749.0,1,0
105838,CAEX-005,2026-07-19,A,noche,12,137.0,263.3,96.4,50.9,4.2,1692.0,2,0
102795,CAEX-002,2026-04-02,B,noche,10,299.0,327.9,88.5,45.2,4.5,1747.0,1,0
100682,CAEX-056,2026-06-10,C,dia,7,268.0,372.1,,47.3,4.25,1747.0,1,0
102313,CAEX-056,2026-05-22,C,dia,7,69.0,343.0,,59.5,4.46,1911.0,1,0
101710,CAEX-027,2026-04-02,B,dia,1,580.0,336.4,93.7,51.8,3.55,1922.0,0,1
102299,CAEX-005,2026-06-21,A,dia,12,97.0,286.6,97.2,52.4,6.55,1577.0,1,1
104736,CAEX-007,2026-06-25,C,noche,2,156.0,335.5,85.6,57.6,4.15,1629.0,0,0
101262,CAEX-031,2026-06-23,B,dia,12,409.0,341.8,88.7,56.8,5.26,1749.0,0,0
104581,CAEX-059,2026-04-06,A,noche,13,40.0,273.6,92.3,52.0,6.68,1568.0,2,0
103416,CAEX-018,2026-05-26,A,noche,1,136.0,290.1,92.6,70.4,3.67,1514.0,0,0
104269,CAEX-034,2026-05-17,A,dia,5,735.0,255.7,100.4,40.8,2.91,1791.0,1,1
101951,CAEX-044,2026-03-25,A,dia,6,516.0,259.5,95.2,46.7,3.58,1517.0,0,0
105323,CAEX-003,2026-07-15,C,dia,10,17.0,354.8,84.4,57.4,3.52,1936.0,1,0
104444,CAEX-005,2026-04-15,A,dia,12,177.0,284.8,89.5,41.5,6.15,1812.0,1,0
100023,CAEX-030,2026-04-09,B,noche,1,328.0,,98.6,56.6,3.36,1886.0,0,1
100736,CAEX-028,2026-08-10,A,noche,4,71.0,291.6,90.5,61.3,7.63,1343.0,0,0
100537,CAEX-032,2026-06-10,C,dia,4,294.0,371.3,92.4,44.6,4.39,1610.0,1,0
104360,CAEX-053,2026-05-28,C,dia,11,417.0,346.0,104.0,65.6,5.11,1678.0,0,0
102770,CAEX-032,2026-05-29,C,dia,4,222.0,306.1,86.3,56.9,3.45,1781.0,0,0
101586,CAEX-057,2026-07-07,B,dia,11,215.0,321.5,79.7,,3.18,1907.0,0,0
104399,CAEX-017,2026-05-30,B,noche,9,278.0,318.8,94.1,50.0,4.83,1791.0,1,0
105049,CAEX-006,2026-05-18,C,noche,8,101.0,359.3,90.4,54.9,1.8,1212.0,3,1
101350,CAEX-056,2026-03-11,C,dia,7,279.0,355.2,85.8,57.3,2.71,1773.0,0,0
103126,CAEX-016,2026-03-23,A,noche,5,361.0,274.2,90.9,48.8,3.67,1948.0,0,0
100867,CAEX-015,2026-06-16,B,noche,12,387.0,340.6,93.2,50.6,3.03,1689.0,1,0
101128,CAEX-015,2026-04-06,B,noche,12,221.0,323.3,81.8,53.3,2.17,1480.0,1,0
104946,CAEX-045,2026-03-19,C,noche,6,329.0,343.9,87.8,42.3,3.11,1581.0,1,0
105924,CAEX-006,2026-06-07,C,noche,8,429.0,341.0,96.3,49.8,3.71,1654.0,1,1
100123,CAEX-001,2026-03-30,C,dia,7,273.0,386.2,93.5,49.7,4.85,1467.0,2,0
105894,CAEX-038,2026-08-12,B,noche,8,171.0,267.0,84.0,46.1,5.46,1945.0,2,0
102832,CAEX-031,2026-05-11,B,noche,12,113.0,319.3,90.8,57.0,3.95,1618.0,1,0
105593,CAEX-025,2026-05-09,C,noche,14,288.0,387.7,88.2,54.7,3.03,1765.0,2,0
101768,CAEX-056,2026-04-05,C,noche,7,278.0,354.4,86.2,44.7,6.15,1649.0,1,0
104558,CAEX-022,2026-07-28,A,dia,4,166.0,292.1,100.5,49.9,4.84,1475.0,1,0
105352,CAEX-057,2026-05-14,B,dia,11,141.0,336.5,74.7,50.1,6.3,1149.0,0,1
104045,CAEX-047,2026-07-14,A,noche,5,400.0,254.4,84.9,42.3,4.39,1614.0,0,0
101608,CAEX-006,2026-06-03,C,dia,8,200.0,317.0,84.2,55.3,3.59,1540.0,0,0
102096,CAEX-026,2026-08-02,A,dia,12,85.0,269.5,88.2,54.6,2.64,1706.0,0,0
105466,CAEX-004,2026-07-08,B,noche,7,318.0,315.6,82.5,62.3,5.75,1416.0,0,0
103955,CAEX-060,2026-03-08,A,dia,8,191.0,281.6,91.4,53.6,3.32,1597.0,0,0
102422,CAEX-013,2026-05-24,B,dia,2,69.0,321.5,96.2,52.2,7.76,1644.0,0,0
105022,CAEX-025,2026-06-04,C,noche,14,215.0,343.7,85.9,53.0,8.05,1590.0,0,0
101798,CAEX-021,2026-08-26,C,dia,14,138.0,370.4,90.9,56.9,5.12,1520.0,2,0
104039,CAEX-032,2026-07-02,C,dia,4,176.0,365.2,86.8,44.3,6.35,1792.0,0,0
105585,CAEX-019,2026-05-29,C,noche,5,331.0,347.0,87.5,53.6,4.66,1530.0,2,0
104469,CAEX-018,2026-05-02,A,dia,1,76.0,282.8,,61.6,4.19,1580.0,0,0
101507,CAEX-026,2026-03-13,A,dia,12,416.0,274.0,94.8,,4.16,1848.0,2,0
102558,CAEX-012,2026-03-27,C,noche,8,246.0,379.7,90.5,61.0,2.33,1281.0,0,1
105052,CAEX-030,2026-04-10,B,noche,1,358.0,299.2,90.0,41.2,4.47,1610.0,0,0
102475,CAEX-052,2026-03-04,A,dia,2,534.0,277.7,92.3,55.1,1.81,1710.0,0,0
103888,CAEX-026,2026-06-03,A,dia,12,206.0,253.2,84.8,48.4,4.29,1337.0,1,1
104036,CAEX-060,2026-04-21,A,noche,8,243.0,278.5,92.3,54.3,2.89,1571.0,0,0
100168,CAEX-057,2026-08-25,B,dia,11,466.0,337.7,,53.1,3.58,1734.0,0,0
101194,CAEX-026,2026-05-02,A,noche,12,132.0,262.8,85.0,52.2,3.26,2345.0,0,1
102938,CAEX-039,2026-03-05,A,noche,8,135.0,271.5,93.5,59.1,3.86,1795.0,0,0
103432,CAEX-041,2026-07-10,B,noche,14,99.0,316.6,86.8,61.3,2.42,1801.0,0,0
103181,CAEX-060,2026-07-08,A,dia,8,218.0,270.2,82.4,66.8,4.48,1384.0,1,0
101221,CAEX-052,2026-07-13,A,noche,2,138.0,302.0,84.2,53.4,3.94,1543.0,1,0
103584,CAEX-039,2026-06-16,A,dia,8,217.0,279.6,83.6,45.8,7.45,1856.0,1,0
101195,CAEX-054,2026-05-06,B,noche,11,508.0,330.2,90.4,44.2,2.9,1470.0,1,0
102628,CAEX-019,2026-04-19,C,noche,5,183.0,364.0,83.7,53.9,5.19,1457.0,1,0
102365,CAEX-049,2026-03-23,B,dia,5,143.0,339.5,77.2,49.6,5.63,1753.0,1,0
103569,CAEX-056,2026-07-06,C,dia,7,208.0,392.7,83.2,50.0,5.04,1568.0,1,0
100079,CAEX-011,2026-07-10,A,dia,8,89.0,288.1,82.1,,2.11,1765.0,0,0
101699,CAEX-044,2026-07-22,A,noche,6,591.0,304.8,85.5,53.8,3.79,1607.0,2,0
104556,CAEX-026,2026-07-20,A,noche,12,113.0,306.8,85.9,52.0,3.83,1505.0,0,0
102477,CAEX-004,2026-05-07,B,dia,7,88.0,283.8,91.4,59.4,5.09,1824.0,0,0
105019,CAEX-035,2026-05-30,B,dia,7,208.0,315.2,95.1,58.7,4.19,1865.0,1,0
103410,CAEX-055,2026-04-26,B,noche,10,621.0,312.3,96.2,54.1,5.42,1727.0,0,0
104832,CAEX-004,2026-05-05,B,dia,7,186.0,305.5,97.4,50.8,3.07,1627.0,0,0
102756,CAEX-014,2026-06-27,C,dia,8,196.0,379.3,91.3,54.2,1.82,1628.0,0,0
104873,CAEX-058,2026-08-15,B,dia,3,422.0,321.3,102.5,52.4,4.8,1649.0,1,0
102191,CAEX-003,2026-08-22,C,dia,10,59.0,322.9,90.9,51.3,5.31,1678.0,1,0
100371,CAEX-049,2026-06-08,B,dia,5,577.0,326.1,93.4,51.6,5.48,1692.0,1,0
100486,CAEX-042,2026-03-05,C,noche,10,223.0,369.2,88.2,52.5,4.98,1854.0,1,0
104922,CAEX-033,2026-04-21,A,noche,13,301.0,297.5,87.3,48.6,2.29,1812.0,0,0
103475,CAEX-041,2026-08-23,B,dia,14,344.0,341.9,92.3,54.8,4.05,1507.0,1,0
103331,CAEX-059,2026-04-08,A,dia,13,250.0,270.1,90.2,72.7,3.01,1892.0,0,0
100521,CAEX-032,2026-08-08,C,noche,4,243.0,322.3,95.2,55.1,4.16,1798.0,1,0
100572,CAEX-009,2026-05-16,A,dia,9,112.0,284.5,86.0,48.1,5.25,1617.0,1,0
102648,CAEX-057,2026-03-28,B,noche,11,549.0,293.0,95.2,44.9,3.26,1849.0,2,1
105452,CAEX-034,2026-07-21,A,dia,5,247.0,273.1,84.8,,3.29,1828.0,0,0
102282,CAEX-013,2026-08-23,B,dia,2,432.0,361.9,74.1,60.7,6.31,1346.0,0,0
101944,CAEX-037,2026-07-05,A,dia,2,434.0,277.6,92.4,48.4,5.05,1531.0,0,0
102817,CAEX-019,2026-04-09,C,noche,5,547.0,334.1,85.9,56.7,4.57,1655.0,0,0
100948,CAEX-039,2026-04-03,A,noche,8,11.0,283.2,80.9,53.1,5.19,1612.0,1,0
103120,CAEX-049,2026-05-23,B,noche,5,274.0,328.1,79.1,46.8,3.39,1810.0,0,0
105575,CAEX-009,2026-05-19,A,dia,9,277.0,282.6,82.1,52.0,4.31,1511.0,0,0
102357,CAEX-020,2026-06-08,B,dia,7,300.0,319.7,94.3,44.2,5.8,1666.0,2,0
105885,CAEX-023,2026-04-16,C,dia,4,273.0,325.1,82.3,46.2,6.77,1468.0,0,1
105561,CAEX-046,2026-06-18,C,noche,12,251.0,351.3,91.3,39.4,5.84,1840.0,1,1
101490,CAEX-044,2026-04-22,A,dia,6,230.0,256.5,91.4,59.7,5.4,1204.0,0,1
104713,CAEX-004,2026-04-13,B,dia,7,91.0,303.8,82.7,65.1,3.95,1681.0,1,0
103942,CAEX-057,2026-03-31,B,noche,11,266.0,336.4,94.0,56.3,3.75,1615.0,1,0
103895,CAEX-020,2026-07-17,B,dia,7,446.0,304.5,98.9,47.2,4.69,1538.0,1,0
101097,CAEX-040,2026-04-17,B,dia,11,504.0,327.5,88.8,48.3,6.09,1544.0,0,0
102125,CAEX-055,2026-04-29,B,dia,10,418.0,335.5,85.4,53.7,5.35,1882.0,1,0
104216,CAEX-031,2026-05-02,B,dia,12,356.0,316.8,95.6,52.2,6.2,1466.0,1,0
103446,CAEX-045,2026-05-31,C,noche,6,87.0,380.4,83.2,52.7,3.54,1388.0,1,0
102656,CAEX-033,2026-03-03,A,noche,13,119.0,292.8,82.5,51.7,,1816.0,1,0
105062,CAEX-053,2026-05-19,C,noche,11,102.0,360.4,89.3,48.0,6.35,1726.0,0,0
103842,CAEX-003,2026-04-12,C,noche,10,92.0,306.0,77.7,58.5,1.64,1472.0,1,0
104678,CAEX-038,2026-08-15,B,noche,8,305.0,313.1,89.9,45.3,4.06,1830.0,1,0
102825,CAEX-043,2026-07-17,B,noche,6,349.0,321.9,86.5,50.7,3.83,1349.0,1,0
100511,CAEX-060,2026-05-21,A,noche,8,277.0,267.2,84.0,46.3,4.3,1448.0,1,0
101862,CAEX-054,2026-04-09,B,noche,11,62.0,344.7,77.3,58.7,4.53,1565.0,0,0
104096,CAEX-047,2026-03-08,A,dia,5,425.0,292.0,91.0,58.9,6.09,1854.0,3,0
101360,CAEX-038,2026-06-22,B,dia,8,203.0,314.4,80.2,61.6,5.5,1815.0,0,0
101108,CAEX-015,2026-04-01,B,dia,12,188.0,295.4,92.5,61.5,4.13,1999.0,0,0
100534,CAEX-046,2026-06-09,C,dia,12,206.0,363.1,81.6,62.1,3.66,1607.0,0,0
104634,CAEX-034,2026-05-03,A,dia,5,67.0,300.6,87.7,47.7,5.48,1606.0,0,0
103253,CAEX-013,2026-08-01,B,dia,2,28.0,309.3,87.3,61.6,3.39,1819.0,1,0
102427,CAEX-032,2026-04-27,C,noche,4,454.0,371.6,82.1,47.4,4.04,1596.0,0,0
104215,CAEX-031,2026-04-18,B,noche,12,328.0,342.3,90.3,53.1,3.79,1344.0,4,1
102169,CAEX-013,2026-07-07,B,noche,2,339.0,304.7,85.7,49.7,8.67,1531.0,1,1
102669,CAEX-017,2026-05-03,B,dia,9,103.0,320.8,89.5,53.9,4.14,1838.0,0,0
100414,CAEX-059,2026-07-15,A,noche,13,213.0,284.5,77.1,64.0,3.15,1776.0,0,0
105478,CAEX-049,2026-06-03,B,dia,5,676.0,309.1,95.2,46.5,4.81,1606.0,2,0
105695,CAEX-043,2026-06-11,B,noche,6,133.0,326.2,84.7,56.7,4.91,1652.0,1,0
103314,CAEX-045,2026-05-19,C,noche,6,207.0,295.0,82.0,55.3,6.3,1818.0,1,0
105449,CAEX-027,2026-05-28,B,noche,1,213.0,296.3,81.9,56.8,3.47,1711.0,0,0
102177,CAEX-025,2026-08-16,C,noche,14,541.0,309.6,92.1,37.5,5.09,1527.0,1,1
104611,CAEX-012,2026-06-20,C,dia,8,597.0,352.5,97.9,64.2,4.34,1826.0,2,1
105817,CAEX-052,2026-03-12,A,dia,2,50.0,269.2,89.6,55.4,4.76,1464.0,0,0
102732,CAEX-006,2026-04-30,C,noche,8,397.0,351.9,93.9,53.3,4.29,1779.0,2,0
103673,CAEX-007,2026-07-31,C,dia,2,157.0,353.8,82.0,53.4,7.98,1406.0,1,1
101731,CAEX-005,2026-03-09,A,dia,12,285.0,300.1,86.4,56.0,4.45,1621.0,0,0
103603,CAEX-007,2026-08-26,C,dia,2,188.0,342.9,88.3,51.3,5.95,1515.0,1,0
105416,CAEX-022,2026-08-11,A,noche,4,156.0,299.7,82.3,61.5,5.0,1412.0,0,0
101003,CAEX-042,2026-03-11,C,noche,10,418.0,346.4,83.5,55.1,4.09,1549.0,0,0
105556,CAEX-034,2026-07-07,A,dia,5,427.0,258.1,85.4,53.7,4.63,1755.0,0,0
103986,CAEX-041,2026-05-15,B,dia,14,270.0,297.8,79.5,,8.2,1935.0,1,1
105597,CAEX-024,2026-07-12,C,noche,6,204.0,333.9,95.4,53.2,4.77,1527.0,0,0
104769,CAEX-016,2026-08-12,A,dia,5,271.0,305.1,92.2,55.0,5.9,1752.0,2,0
100884,CAEX-043,2026-03-03,B,noche,6,291.0,349.2,84.4,56.0,3.91,1628.0,1,0
102737,CAEX-038,2026-04-25,B,noche,8,299.0,310.1,90.6,52.7,3.91,1343.0,1,1
103951,CAEX-001,2026-04-21,C,dia,7,67.0,371.5,83.3,54.0,5.76,1814.0,0,0
101689,CAEX-002,2026-06-18,B,noche,10,181.0,317.3,78.2,61.6,5.61,1937.0,0,0
101348,CAEX-009,2026-04-14,A,noche,9,150.0,272.1,89.7,53.6,5.02,1684.0,0,0
104066,CAEX-017,2026-05-17,B,noche,9,91.0,326.4,90.7,48.0,6.03,1529.0,0,0
101709,CAEX-004,2026-07-28,B,noche,7,553.0,270.0,95.4,55.8,3.82,1482.0,1,0
104076,CAEX-020,2026-04-08,B,noche,7,265.0,305.0,88.4,48.0,2.2,1920.0,5,1
100161,CAEX-039,2026-04-23,A,noche,8,613.0,283.9,94.8,56.6,4.45,1701.0,0,0
100671,CAEX-059,2026-05-03,A,noche,13,398.0,298.4,89.9,57.3,2.08,1632.0,1,0
101267,CAEX-057,2026-03-27,B,dia,11,224.0,351.4,93.9,57.9,5.97,1598.0,0,0
100354,CAEX-018,2026-04-03,A,dia,1,146.0,243.5,82.3,55.1,3.61,1784.0,0,0
104618,CAEX-008,2026-07-02,C,noche,11,100.0,363.6,85.6,47.5,5.27,1578.0,1,0
102496,CAEX-036,2026-03-05,A,dia,10,163.0,283.7,87.3,46.2,4.64,1428.0,0,0
104787,CAEX-014,2026-08-16,C,noche,8,199.0,353.7,82.7,63.6,4.06,1571.0,0,0
102680,CAEX-027,2026-03-06,B,noche,1,79.0,328.3,85.3,56.7,4.9,1631.0,0,0
101552,CAEX-055,2026-04-28,B,dia,10,184.0,297.4,87.0,56.5,5.2,1851.0,0,0
102326,CAEX-007,2026-04-03,C,noche,2,74.0,368.4,84.1,60.9,3.24,1580.0,0,0
105445,CAEX-013,2026-06-24,B,dia,2,307.0,328.1,87.6,55.8,5.68,1565.0,1,0
105764,CAEX-040,2026-03-09,B,dia,11,260.0,312.0,88.7,54.2,2.2,1762.0,0,0
104647,CAEX-012,2026-06-15,C,noche,8,157.0,362.5,83.3,60.9,4.11,1606.0,0,0
105496,CAEX-017,2026-06-01,B,noche,9,260.0,310.7,88.9,56.0,4.13,1645.0,1,0
104009,CAEX-003,2026-03-22,C,dia,10,206.0,341.6,83.1,,3.37,1665.0,2,0
104315,CAEX-019,2026-05-15,C,noche,5,244.0,326.1,87.2,59.2,5.38,1580.0,1,0
101366,CAEX-036,2026-07-01,A,dia,10,90.0,288.7,91.5,58.4,2.8,1656.0,2,0
103098,CAEX-015,2026-04-01,B,noche,12,374.0,335.5,92.3,53.5,3.4,1786.0,0,0
102226,CAEX-050,2026-03-20,A,dia,1,590.0,292.7,94.6,46.5,8.01,1796.0,1,1
105137,CAEX-033,2026-03-29,A,dia,13,488.0,264.2,95.6,44.5,9.24,1541.0,1,1
105294,CAEX-011,2026-06-19,A,noche,8,122.0,290.3,85.5,46.1,3.72,1717.0,1,0
100364,CAEX-011,2026-06-16,A,dia,8,242.0,316.1,85.6,60.4,3.44,1485.0,0,0
102602,CAEX-057,2026-04-06,B,dia,11,22.0,299.6,91.9,57.9,6.05,1572.0,1,0
102082,CAEX-060,2026-07-10,A,dia,8,189.0,298.5,89.5,52.9,3.07,1638.0,0,0
103358,CAEX-008,2026-04-08,C,noche,11,470.0,289.4,89.7,48.8,4.97,1635.0,1,0
102360,CAEX-030,2026-07-15,B,dia,1,542.0,323.8,89.2,53.3,4.07,1487.0,0,0
102334,CAEX-046,2026-03-06,C,dia,12,689.0,313.8,87.8,41.1,3.99,1663.0,0,0
105288,CAEX-021,2026-08-09,C,dia,14,108.0,352.5,98.6,60.8,3.37,1487.0,1,1
100615,CAEX-026,2026-07-10,A,dia,12,155.0,316.7,83.0,52.7,3.52,1418.0,0,0
101761,CAEX-010,2026-06-22,B,noche,9,238.0,326.0,92.7,57.4,2.92,1556.0,0,0
100092,CAEX-002,2026-07-15,B,dia,10,121.0,358.4,92.0,60.0,2.7,1628.0,0,0
101645,CAEX-047,2026-07-25,A,noche,5,247.0,264.9,92.7,46.9,5.46,1397.0,0,0
105042,CAEX-054,2026-03-09,B,dia,11,129.0,296.5,86.0,55.5,7.2,1569.0,0,0
102571,CAEX-015,2026-04-07,B,noche,12,157.0,306.9,86.1,56.3,4.37,1742.0,1,0
102564,CAEX-057,2026-03-22,B,noche,11,189.0,319.1,87.7,59.8,5.52,1550.0,1,0
101965,CAEX-022,2026-06-17,A,noche,4,272.0,261.4,82.4,55.1,8.49,1611.0,1,1
103309,CAEX-027,2026-06-08,B,dia,1,292.0,344.6,91.4,58.4,4.38,1639.0,2,0
104725,CAEX-012,2026-06-01,C,noche,8,253.0,337.8,87.5,51.0,3.28,1761.0,2,0
104900,CAEX-031,2026-03-01,B,dia,12,71.0,331.4,82.3,57.7,2.86,1415.0,1,0
102002,CAEX-015,2026-03-19,B,dia,12,500.0,323.5,92.7,52.8,3.27,1622.0,1,0
102554,CAEX-013,2026-05-25,B,dia,2,250.0,359.7,94.8,43.8,4.82,1613.0,0,0
104877,CAEX-057,2026-03-24,B,noche,11,7.0,320.7,87.0,52.5,3.92,1600.0,0,0
102967,CAEX-039,2026-07-05,A,dia,8,513.0,285.0,93.1,53.3,6.27,1519.0,0,0
104959,CAEX-005,2026-06-11,A,dia,12,53.0,298.4,81.8,54.9,8.32,1830.0,1,1
101662,CAEX-006,2026-04-09,C,noche,8,95.0,348.4,81.9,53.9,3.89,1805.0,2,0
102402,CAEX-028,2026-03-16,A,dia,4,626.0,253.6,92.9,56.1,4.59,1428.0,0,0
105893,CAEX-044,2026-05-23,A,noche,6,172.0,287.6,94.2,51.3,2.86,1199.0,0,1
100143,CAEX-037,2026-03-22,A,dia,2,154.0,312.5,85.4,54.0,3.32,1166.0,0,1
103092,CAEX-025,2026-03-10,C,dia,14,228.0,327.6,87.3,44.2,2.71,1626.0,0,0
103198,CAEX-035,2026-08-02,B,dia,7,39.0,284.1,94.4,,5.04,1595.0,0,0
104196,CAEX-036,2026-06-04,A,dia,10,92.0,266.9,97.6,60.6,4.72,1669.0,0,0
100259,CAEX-005,2026-03-14,A,noche,12,36.0,280.7,91.6,49.6,4.56,1774.0,0,0
101497,CAEX-009,2026-07-15,A,dia,9,161.0,273.0,88.5,54.1,2.83,1747.0,0,0
101603,CAEX-002,2026-07-30,B,dia,10,216.0,337.2,85.0,57.0,2.81,1352.0,1,0
105131,CAEX-055,2026-08-20,B,dia,10,243.0,318.7,85.7,49.6,3.07,1922.0,0,0
102742,CAEX-047,2026-05-15,A,dia,5,78.0,266.9,84.7,62.3,5.81,1743.0,0,0
102376,CAEX-007,2026-08-02,C,noche,2,119.0,320.8,87.9,58.3,3.55,1557.0,0,0
103556,CAEX-013,2026-04-12,B,dia,2,130.0,285.6,90.1,49.6,2.94,1866.0,1,0
100650,CAEX-002,2026-04-23,B,noche,10,935.0,306.4,93.8,46.6,5.69,1786.0,4,0
102324,CAEX-007,2026-03-27,C,noche,2,342.0,367.1,75.7,59.0,4.04,1770.0,3,0
105043,CAEX-056,2026-05-21,C,dia,7,191.0,365.5,81.0,55.7,3.72,1583.0,1,0
100971,CAEX-023,2026-06-16,C,dia,4,148.0,348.7,83.8,61.3,5.83,1545.0,2,0
104227,CAEX-016,2026-04-23,A,noche,5,184.0,313.2,85.0,63.1,2.8,1734.0,0,0
105515,CAEX-036,2026-08-05,A,dia,10,206.0,257.6,85.2,51.9,3.52,1908.0,0,0
103073,CAEX-010,2026-04-19,B,dia,9,74.0,281.1,89.0,51.9,2.44,1495.0,0,0
101306,CAEX-052,2026-08-02,A,dia,2,353.0,266.5,87.6,58.2,4.68,1578.0,0,0
104598,CAEX-045,2026-05-21,C,dia,6,372.0,358.2,84.9,48.3,6.56,1957.0,0,0
104450,CAEX-022,2026-05-02,A,dia,4,283.0,269.7,86.5,54.1,4.41,1562.0,0,0
104809,CAEX-056,2026-05-22,C,noche,7,147.0,335.5,85.8,49.5,5.09,1723.0,1,0
103091,CAEX-010,2026-08-20,B,noche,9,62.0,319.1,88.0,59.1,6.56,1305.0,0,0
103008,CAEX-025,2026-04-06,C,noche,14,95.0,346.6,88.0,62.0,4.39,1589.0,0,0
104173,CAEX-034,2026-04-14,A,noche,5,166.0,295.0,91.8,54.2,4.99,1467.0,1,0
103566,CAEX-060,2026-07-04,A,dia,8,135.0,265.2,99.4,54.9,5.34,1631.0,1,0
105349,CAEX-002,2026-07-26,B,noche,10,299.0,297.2,79.1,53.3,2.8,1821.0,1,0
104733,CAEX-002,2026-04-01,B,dia,10,218.0,299.9,86.9,51.6,5.24,1803.0,1,0
102285,CAEX-028,2026-05-24,A,noche,4,219.0,278.9,82.3,54.3,4.77,1449.0,0,0
102501,CAEX-008,2026-08-09,C,dia,11,315.0,326.8,92.9,60.1,4.36,1431.0,0,0
101783,CAEX-009,2026-06-16,A,dia,9,67.0,258.5,84.2,56.8,3.62,1501.0,2,0
101364,CAEX-035,2026-08-21,B,noche,7,322.0,334.6,88.2,37.3,3.56,1370.0,0,1
101469,CAEX-059,2026-06-07,A,noche,13,178.0,285.9,90.0,52.3,4.38,1473.0,0,0
104908,CAEX-015,2026-06-16,B,noche,12,235.0,308.2,88.1,45.3,4.33,1840.0,0,0
103057,CAEX-022,2026-06-09,A,dia,4,628.0,287.3,101.7,47.0,3.27,1631.0,3,1
101946,CAEX-016,2026-03-30,A,dia,5,128.0,311.4,94.0,57.5,4.09,1540.0,0,0
104429,CAEX-053,2026-03-30,C,noche,11,80.0,330.9,83.2,54.1,5.51,1566.0,0,0
103897,CAEX-059,2026-06-10,A,noche,13,755.0,276.9,91.8,41.7,2.54,1757.0,0,1
100271,CAEX-058,2026-07-20,B,noche,3,204.0,292.7,86.0,55.6,3.85,1867.0,0,0
105510,CAEX-013,2026-05-23,B,noche,2,189.0,287.0,86.0,61.3,5.69,1814.0,0,0
101697,CAEX-014,2026-05-12,C,noche,8,630.0,349.2,86.7,48.5,4.17,1299.0,2,1
105308,CAEX-046,2026-08-09,C,noche,12,690.0,349.9,90.9,51.9,5.83,1593.0,1,1
102450,CAEX-003,2026-03-01,C,dia,10,43.0,358.7,95.1,45.6,3.66,1849.0,0,0
101912,CAEX-020,2026-04-16,B,noche,7,104.0,326.0,76.8,56.1,3.94,1718.0,2,0
104159,CAEX-045,2026-08-06,C,dia,6,28.0,348.4,77.6,50.9,3.56,1765.0,0,0
101820,CAEX-017,2026-04-02,B,noche,9,79.0,306.0,74.5,48.6,4.53,1611.0,1,0
100407,CAEX-042,2026-06-07,C,noche,10,247.0,363.1,89.2,54.3,6.48,2063.0,0,1
101806,CAEX-048,2026-03-15,A,noche,3,231.0,312.0,93.2,70.1,6.28,1420.0,0,0
103787,CAEX-048,2026-07-22,A,dia,3,284.0,286.7,98.4,48.2,3.86,1413.0,2,1
103263,CAEX-028,2026-04-03,A,noche,4,438.0,279.9,100.6,50.8,2.92,1772.0,0,0
102934,CAEX-056,2026-07-17,C,dia,7,253.0,361.0,84.1,47.6,5.27,1743.0,1,0
103959,CAEX-053,2026-04-13,C,dia,11,453.0,325.9,100.0,47.5,4.11,1153.0,0,1
104631,CAEX-013,2026-05-10,B,noche,2,52.0,304.2,90.3,53.9,3.21,1499.0,1,0
105395,CAEX-043,2026-08-22,B,dia,6,176.0,311.2,83.9,44.1,3.0,1534.0,1,0
105245,CAEX-019,2026-04-27,C,dia,5,189.0,350.3,85.2,47.8,3.08,1583.0,0,0
105629,CAEX-029,2026-07-27,A,dia,12,488.0,248.9,90.0,55.9,4.1,1419.0,1,0
105059,CAEX-055,2026-08-24,B,noche,10,186.0,337.4,89.5,64.5,3.02,1461.0,0,0
103187,CAEX-038,2026-05-01,B,noche,8,286.0,300.0,84.5,48.6,3.93,1495.0,0,0
103480,CAEX-030,2026-08-11,B,dia,1,192.0,318.4,96.0,60.7,3.37,1468.0,0,0
101545,CAEX-033,2026-08-07,A,dia,13,184.0,289.5,88.3,58.1,5.07,1632.0,0,0
100464,CAEX-029,2026-05-18,A,dia,12,83.0,246.5,85.3,68.1,5.18,1459.0,2,0
101224,CAEX-020,2026-04-13,B,noche,7,211.0,316.5,90.0,52.0,4.97,1425.0,0,0
105268,CAEX-025,2026-08-07,C,noche,14,267.0,358.0,86.1,33.6,2.51,1706.0,2,1
103577,CAEX-039,2026-04-27,A,dia,8,262.0,285.4,84.6,57.8,3.36,1438.0,1,0
103248,CAEX-054,2026-08-10,B,dia,11,328.0,330.6,88.2,53.9,3.35,1731.0,1,0
101092,CAEX-007,2026-03-12,C,dia,2,535.0,379.1,95.8,49.0,2.37,1431.0,5,1
100692,CAEX-013,2026-06-10,B,dia,2,488.0,290.5,89.3,48.5,5.47,1685.0,0,0
101242,CAEX-060,2026-08-04,A,dia,8,73.0,276.1,85.9,53.8,4.89,1580.0,0,0
100104,CAEX-030,2026-04-01,B,dia,1,41.0,315.1,90.8,65.5,4.53,1567.0,1,0
104437,CAEX-018,2026-08-21,A,noche,1,244.0,283.7,81.5,51.8,4.08,1792.0,0,0
101632,CAEX-040,2026-06-29,B,noche,11,150.0,325.9,84.7,61.3,3.07,1612.0,0,0
104161,CAEX-004,2026-06-24,B,noche,7,428.0,326.4,97.0,57.6,5.98,1446.0,0,1
100684,CAEX-047,2026-06-09,A,dia,5,112.0,312.6,92.6,45.1,3.48,1737.0,1,1
103512,CAEX-038,2026-04-24,B,dia,8,188.0,302.2,89.6,61.7,3.52,1885.0,0,0
103824,CAEX-027,2026-06-28,B,noche,1,265.0,345.5,93.2,48.6,4.66,1579.0,0,0
104206,CAEX-044,2026-03-23,A,dia,6,47.0,266.9,91.8,64.4,4.39,1711.0,2,0
101119,CAEX-032,2026-05-17,C,dia,4,111.0,386.2,83.8,48.4,4.07,1678.0,1,0
100598,CAEX-008,2026-05-19,C,noche,11,195.0,325.9,87.1,52.6,4.49,1717.0,1,0
103460,CAEX-038,2026-06-08,B,dia,8,627.0,321.7,105.5,46.5,6.16,1749.0,0,1
102581,CAEX-009,2026-08-20,A,noche,9,137.0,290.9,87.1,46.0,4.27,1510.0,0,0
103992,CAEX-016,2026-05-14,A,noche,5,267.0,286.4,91.7,60.0,4.71,1542.0,0,0
105476,CAEX-014,2026-04-14,C,noche,8,105.0,301.4,94.8,61.3,6.41,1741.0,1,0
102819,CAEX-027,2026-03-17,B,dia,1,120.0,301.8,,57.7,6.77,1360.0,0,0
102696,CAEX-031,2026-04-12,B,dia,12,178.0,323.8,87.7,52.0,5.73,1730.0,0,0
105107,CAEX-018,2026-03-10,A,dia,1,219.0,291.7,84.5,48.4,3.24,1684.0,1,0
103341,CAEX-050,2026-04-28,A,noche,1,635.0,297.0,97.4,59.0,3.76,1497.0,0,1
102081,CAEX-002,2026-06-23,B,noche,10,521.0,298.4,87.1,59.8,7.24,1698.0,2,0
100200,CAEX-016,2026-04-21,A,noche,5,230.0,277.0,94.7,60.4,3.73,1291.0,1,1
104072,CAEX-024,2026-03-08,C,dia,6,662.0,349.7,96.4,49.8,5.49,1558.0,0,1
104686,CAEX-036,2026-06-27,A,noche,10,63.0,261.8,97.0,51.6,7.68,1517.0,0,0
102122,CAEX-009,2026-04-14,A,noche,9,84.0,297.4,91.4,59.2,3.5,1708.0,0,0
100324,CAEX-053,2026-06-08,C,dia,11,318.0,341.2,90.3,52.2,3.72,1647.0,1,0
101814,CAEX-039,2026-03-18,A,noche,8,586.0,276.3,92.8,42.8,3.36,1577.0,0,1
102351,CAEX-055,2026-07-06,B,dia,10,211.0,333.1,95.7,57.6,3.87,1704.0,0,0
100040,CAEX-055,2026-08-16,B,noche,10,179.0,290.0,84.4,50.7,2.31,1839.0,1,0
100069,CAEX-048,2026-03-12,A,noche,3,125.0,282.4,93.5,55.2,3.46,1765.0,0,0
102411,CAEX-005,2026-05-13,A,noche,12,254.0,279.8,83.1,60.1,6.3,1562.0,0,0
102183,CAEX-058,2026-07-17,B,noche,3,374.0,327.4,95.2,55.4,8.85,1621.0,2,1
104172,CAEX-034,2026-03-09,A,noche,5,169.0,262.3,94.2,51.7,4.4,1521.0,1,0
103532,CAEX-060,2026-08-18,A,noche,8,197.0,291.0,74.7,52.2,3.92,1634.0,0,0
100680,CAEX-049,2026-07-26,B,dia,5,156.0,333.7,83.7,47.9,3.79,1674.0,0,0
104131,CAEX-032,2026-05-03,C,dia,4,308.0,321.9,88.2,49.0,4.8,1710.0,1,0
105028,CAEX-046,2026-08-11,C,noche,12,311.0,350.0,89.8,52.0,5.2,1525.0,0,0
103694,CAEX-029,2026-05-05,A,dia,12,195.0,286.4,93.3,53.6,4.87,1353.0,0,0
105708,CAEX-011,2026-07-25,A,noche,8,259.0,265.7,92.8,62.8,5.15,1661.0,0,0
102203,CAEX-056,2026-05-14,C,dia,7,266.0,342.5,84.6,51.9,6.27,1639.0,0,0
102529,CAEX-044,2026-05-28,A,dia,6,56.0,303.6,92.1,47.5,4.8,1689.0,0,0
103282,CAEX-057,2026-04-26,B,noche,11,130.0,325.2,90.3,55.4,4.07,1911.0,1,0
104893,CAEX-011,2026-05-21,A,noche,8,211.0,313.4,83.3,48.9,5.54,1621.0,1,0
100734,CAEX-059,2026-08-16,A,dia,13,402.0,276.7,74.1,,7.94,1560.0,2,0
105653,CAEX-050,2026-06-25,A,noche,1,845.0,273.7,106.3,45.1,6.65,1540.0,0,1
102342,CAEX-003,2026-08-20,C,noche,10,31.0,336.9,80.2,43.2,5.95,1617.0,0,0
102072,CAEX-034,2026-03-28,A,noche,5,150.0,308.2,88.4,51.1,4.9,1562.0,0,0
105273,CAEX-051,2026-07-17,A,noche,2,195.0,230.8,92.2,43.2,5.61,1557.0,0,0
100955,CAEX-037,2026-03-03,A,noche,2,426.0,291.3,86.9,57.2,3.24,1464.0,0,0
102674,CAEX-006,2026-04-03,C,noche,8,533.0,342.2,101.7,44.6,5.22,1562.0,0,1
100288,CAEX-036,2026-03-18,A,dia,10,247.0,268.6,85.2,61.3,4.06,1546.0,1,0
103227,CAEX-022,2026-08-06,A,noche,4,99.0,271.8,91.7,60.1,4.47,1539.0,1,0
103032,CAEX-017,2026-04-27,B,noche,9,183.0,340.0,83.8,56.9,2.41,1464.0,0,0
103065,CAEX-044,2026-07-14,A,dia,6,238.0,247.7,96.1,49.9,3.33,1433.0,1,0
105978,CAEX-037,2026-03-13,A,dia,2,270.0,285.9,88.5,53.6,4.0,1422.0,1,0
102550,CAEX-028,2026-07-13,A,dia,4,145.0,290.1,80.8,56.3,4.62,1607.0,0,0
102168,CAEX-046,2026-04-23,C,noche,12,191.0,382.9,88.1,58.6,2.92,1551.0,0,0
101389,CAEX-055,2026-05-04,B,noche,10,195.0,292.5,94.3,65.4,4.75,1600.0,0,0
102746,CAEX-011,2026-04-28,A,dia,8,185.0,275.7,74.6,59.1,3.44,1868.0,0,0
102426,CAEX-046,2026-08-27,C,noche,12,628.0,359.6,103.7,43.5,4.06,1706.0,0,1
101582,CAEX-025,2026-07-08,C,dia,14,229.0,348.3,91.2,56.2,5.8,1812.0,3,0
102834,CAEX-045,2026-05-14,C,noche,6,195.0,329.9,90.1,56.4,5.69,1655.0,1,0
102029,CAEX-015,2026-04-26,B,noche,12,193.0,324.9,84.9,55.9,2.05,1685.0,0,0
102063,CAEX-028,2026-06-07,A,noche,4,63.0,316.3,80.5,60.2,5.16,1640.0,1,0
105983,CAEX-014,2026-04-01,C,noche,8,449.0,354.0,92.1,56.6,6.41,1530.0,0,0
102610,CAEX-051,2026-05-04,A,noche,2,271.0,285.2,88.6,55.7,4.79,1544.0,0,0
100039,CAEX-027,2026-03-05,B,noche,1,127.0,314.5,86.0,47.5,4.5,1543.0,0,0
104293,CAEX-030,2026-07-09,B,noche,1,119.0,271.4,84.9,58.9,4.14,1503.0,0,0
102557,CAEX-035,2026-05-19,B,dia,7,234.0,329.1,94.2,61.8,2.95,1689.0,1,0
103044,CAEX-047,2026-04-24,A,noche,5,51.0,262.5,85.6,41.8,,1668.0,0,0
102312,CAEX-016,2026-04-17,A,noche,5,137.0,272.3,88.1,59.2,3.86,1753.0,0,0
103279,CAEX-051,2026-07-18,A,dia,2,577.0,272.0,95.1,56.2,4.01,1408.0,0,0
105656,CAEX-052,2026-07-18,A,dia,2,160.0,248.3,80.5,,5.16,1638.0,1,0
102687,CAEX-019,2026-03-19,C,noche,5,55.0,393.2,87.0,56.0,3.29,1552.0,0,0
103880,CAEX-036,2026-03-05,A,noche,10,555.0,302.8,102.8,46.4,4.3,1505.0,0,1
102067,CAEX-035,2026-05-12,B,noche,7,105.0,300.2,81.0,55.3,6.86,1424.0,1,0
101058,CAEX-008,2026-04-27,C,dia,11,99.0,359.7,77.1,57.4,3.56,1738.0,0,0
100794,CAEX-029,2026-06-30,A,dia,12,91.0,286.3,90.7,57.9,1.97,1430.0,0,0
104357,CAEX-005,2026-03-24,A,noche,12,388.0,257.2,92.1,54.1,3.55,1433.0,0,0
105154,CAEX-054,2026-04-16,B,dia,11,413.0,291.7,80.4,47.2,3.93,1461.0,1,0
101733,CAEX-001,2026-04-06,C,dia,7,167.0,339.4,86.6,60.1,4.79,1794.0,1,0
104514,CAEX-052,2026-07-09,A,noche,2,106.0,283.3,94.1,52.5,4.22,1519.0,0,0
101098,CAEX-047,2026-07-23,A,noche,5,114.0,274.2,,55.7,3.7,1690.0,2,0
103753,CAEX-043,2026-03-03,B,noche,6,575.0,321.7,94.3,46.8,2.24,1580.0,2,0
101598,CAEX-010,2026-08-15,B,noche,9,121.0,289.0,86.1,59.0,3.84,1790.0,1,0
101294,CAEX-013,2026-04-15,B,dia,2,143.0,308.8,85.4,64.2,2.34,1855.0,0,0
100951,CAEX-025,2026-04-27,C,noche,14,40.0,353.0,93.6,45.3,3.76,1707.0,0,0
101472,CAEX-002,2026-06-07,B,noche,10,139.0,334.2,82.3,42.7,3.35,1653.0,0,1
104609,CAEX-019,2026-03-22,C,dia,5,362.0,328.0,90.5,49.5,3.92,1863.0,1,0
104054,CAEX-016,2026-06-17,A,noche,5,295.0,261.8,86.4,43.9,2.97,1849.0,1,1
103703,CAEX-035,2026-05-08,B,noche,7,85.0,283.8,90.3,53.1,5.65,1165.0,0,0
102057,CAEX-015,2026-08-21,B,noche,12,349.0,318.5,88.1,,4.56,1506.0,0,0
102131,CAEX-017,2026-03-10,B,dia,9,94.0,315.5,98.3,61.1,3.43,1343.0,1,1
105928,CAEX-047,2026-04-10,A,noche,5,212.0,249.7,85.5,52.9,6.45,1476.0,2,1
100829,CAEX-045,2026-08-22,C,noche,6,64.0,342.6,76.2,51.6,3.67,1629.0,0,0
105677,CAEX-029,2026-06-24,A,noche,12,386.0,290.2,89.2,51.1,3.87,1439.0,1,0
102937,CAEX-038,2026-05-11,B,noche,8,101.0,300.0,86.9,59.1,5.62,1761.0,0,0
104587,CAEX-035,2026-08-19,B,noche,7,265.0,342.9,90.2,56.8,3.69,1580.0,1,0
102983,CAEX-010,2026-06-28,B,noche,9,242.0,325.2,79.3,53.9,5.67,1504.0,1,0
100723,CAEX-014,2026-07-25,C,dia,8,116.0,335.9,90.2,52.5,3.46,1723.0,0,0
105926,CAEX-039,2026-07-31,A,noche,8,142.0,285.8,83.9,,4.39,1561.0,1,0
103464,CAEX-030,2026-04-19,B,noche,1,208.0,328.0,86.5,50.1,3.38,1623.0,0,0
105684,CAEX-013,2026-04-14,B,dia,2,234.0,342.4,,53.6,3.64,1590.0,1,0
104794,CAEX-047,2026-08-06,A,noche,5,376.0,272.4,92.7,67.8,4.3,1153.0,1,1
103241,CAEX-031,2026-05-24,B,dia,12,307.0,302.9,89.5,49.5,5.04,2206.0,2,1
102889,CAEX-009,2026-05-30,A,dia,9,89.0,288.3,76.8,,3.67,1749.0,0,0
101596,CAEX-008,2026-07-31,C,dia,11,235.0,373.6,83.9,49.7,4.84,1639.0,0,0
104144,CAEX-016,2026-08-17,A,noche,5,420.0,248.0,91.9,66.1,3.54,1675.0,0,0
105940,CAEX-017,2026-08-07,B,noche,9,747.0,364.5,97.2,54.6,5.4,1779.0,1,1
105176,CAEX-050,2026-06-13,A,noche,1,503.0,280.0,81.1,46.8,4.25,1539.0,2,0
100765,CAEX-008,2026-07-21,C,noche,11,80.0,356.9,87.6,61.5,6.68,1777.0,1,0
104975,CAEX-049,2026-06-16,B,noche,5,194.0,319.1,91.6,56.0,4.69,1822.0,0,0
102592,CAEX-003,2026-08-12,C,noche,10,262.0,300.3,95.5,51.9,4.31,1719.0,0,0
102526,CAEX-018,2026-06-27,A,noche,1,345.0,251.7,83.5,60.9,4.2,1357.0,2,0
101593,CAEX-022,2026-06-13,A,noche,4,725.0,302.2,92.7,55.5,5.72,1651.0,0,0
103097,CAEX-005,2026-03-31,A,noche,12,367.0,264.9,91.6,51.4,3.8,1578.0,1,0
103749,CAEX-040,2026-04-08,B,dia,11,330.0,286.8,81.5,49.2,3.92,1655.0,0,0
105573,CAEX-008,2026-06-07,C,noche,11,241.0,311.4,99.2,60.6,4.22,1754.0,0,0
101422,CAEX-045,2026-03-03,C,dia,6,90.0,364.7,84.1,55.5,4.78,1643.0,2,0
105782,CAEX-037,2026-05-30,A,noche,2,194.0,270.3,90.9,53.7,2.52,1405.0,1,0
100655,CAEX-052,2026-03-12,A,dia,2,404.0,238.6,88.9,46.2,3.81,1684.0,0,0
103929,CAEX-031,2026-06-06,B,noche,12,621.0,338.2,83.0,47.1,5.97,1864.0,0,0
100284,CAEX-026,2026-03-21,A,dia,12,456.0,262.8,84.3,48.6,3.65,1649.0,0,0
104202,CAEX-007,2026-06-18,C,noche,2,219.0,369.1,91.1,61.5,2.82,1823.0,2,0
104951,CAEX-020,2026-07-15,B,dia,7,150.0,330.0,89.2,52.1,2.92,1699.0,1,0
104528,CAEX-033,2026-06-26,A,dia,13,1065.0,269.8,96.5,45.6,3.28,1634.0,2,1
102260,CAEX-004,2026-07-02,B,dia,7,276.0,281.8,87.7,55.4,4.25,1761.0,1,0
103704,CAEX-028,2026-03-10,A,dia,4,273.0,285.5,94.4,54.8,4.18,1717.0,1,0
102027,CAEX-009,2026-05-24,A,noche,9,367.0,279.8,82.0,57.3,8.16,1630.0,0,0
105944,CAEX-027,2026-05-12,B,noche,1,258.0,320.2,82.0,43.8,2.98,1731.0,0,0
103353,CAEX-004,2026-06-05,B,noche,7,159.0,306.1,89.3,49.9,9.39,1674.0,0,0
104573,CAEX-049,2026-04-23,B,dia,5,328.0,324.9,85.3,51.9,4.43,1571.0,1,0
105615,CAEX-025,2026-03-26,C,noche,14,126.0,338.8,88.0,44.2,3.48,1662.0,1,0
101446,CAEX-060,2026-06-10,A,dia,8,77.0,276.4,85.7,63.5,5.86,1651.0,0,0
100982,CAEX-030,2026-07-16,B,noche,1,65.0,321.9,94.2,67.9,3.82,1761.0,1,0
102345,CAEX-004,2026-05-18,B,noche,7,131.0,333.5,86.8,60.3,5.28,1899.0,0,0
101154,CAEX-049,2026-04-08,B,noche,5,151.0,298.3,85.1,56.5,3.06,1874.0,0,0
103643,CAEX-033,2026-04-09,A,dia,13,183.0,283.6,89.0,55.0,4.58,1468.0,0,0
104014,CAEX-003,2026-07-03,C,dia,10,263.0,361.5,98.6,58.0,3.52,1392.0,0,0
100675,CAEX-018,2026-08-05,A,dia,1,176.0,294.4,84.3,63.8,5.36,1518.0,2,0
100469,CAEX-058,2026-06-08,B,noche,3,360.0,349.6,87.6,50.5,3.7,1590.0,1,0
101318,CAEX-047,2026-04-25,A,dia,5,275.0,282.4,90.1,54.4,3.46,1288.0,2,0
104162,CAEX-026,2026-07-07,A,noche,12,396.0,268.8,104.1,40.3,6.65,1738.0,1,1
100430,CAEX-052,2026-07-08,A,noche,2,529.0,291.6,97.8,45.4,3.38,1606.0,2,0
101510,CAEX-006,2026-08-20,C,noche,8,159.0,360.1,98.2,66.2,6.01,1784.0,0,0
101556,CAEX-048,2026-04-16,A,dia,3,95.0,305.8,88.4,58.5,5.29,1518.0,0,0
101130,CAEX-052,2026-04-27,A,noche,2,413.0,267.6,81.1,53.7,4.05,1636.0,0,0
105348,CAEX-019,2026-08-15,C,noche,5,341.0,395.7,92.4,57.2,3.18,1675.0,0,0
101211,CAEX-019,2026-08-26,C,dia,5,132.0,354.1,85.1,58.2,2.58,1835.0,0,0
100917,CAEX-051,2026-03-30,A,dia,2,274.0,264.2,85.7,52.6,2.96,1725.0,0,0
100167,CAEX-060,2026-06-09,A,noche,8,708.0,301.5,95.4,57.5,3.41,1530.0,2,0
103060,CAEX-003,2026-06-01,C,noche,10,108.0,355.6,100.4,60.9,5.12,1875.0,1,0
104306,CAEX-023,2026-04-25,C,noche,4,84.0,357.0,87.3,52.8,,1806.0,0,0
104316,CAEX-038,2026-04-06,B,dia,8,441.0,321.0,82.4,49.4,3.49,1353.0,1,0
105731,CAEX-012,2026-04-07,C,noche,8,303.0,364.1,91.7,60.8,4.76,1540.0,1,0
102614,CAEX-033,2026-04-02,A,dia,13,272.0,272.6,82.9,61.9,2.01,1841.0,1,0
102495,CAEX-056,2026-08-19,C,noche,7,496.0,331.9,95.2,56.9,3.89,1587.0,0,0
101001,CAEX-037,2026-05-20,A,noche,2,190.0,292.7,87.8,46.9,4.94,1710.0,0,0
101179,CAEX-007,2026-08-05,C,dia,2,22.0,386.8,90.8,63.6,2.49,1554.0,0,0
100057,CAEX-040,2026-07-25,B,noche,11,145.0,347.4,103.2,60.3,9.18,1857.0,0,1
103021,CAEX-056,2026-05-21,C,dia,7,112.0,330.1,79.3,44.7,3.22,1996.0,0,0
100209,CAEX-054,2026-04-08,B,noche,11,196.0,301.3,88.2,60.5,2.55,1710.0,1,0
102112,CAEX-020,2026-04-15,B,noche,7,299.0,330.0,90.2,52.7,3.59,1734.0,1,0
104433,CAEX-048,2026-03-07,A,dia,3,39.0,312.8,90.0,50.0,4.62,1422.0,1,0
103831,CAEX-022,2026-06-26,A,dia,4,249.0,288.0,89.7,59.1,6.24,1679.0,0,0
101308,CAEX-001,2026-05-31,C,dia,7,549.0,386.9,101.5,57.9,5.1,1812.0,0,1
101441,CAEX-016,2026-08-16,A,noche,5,59.0,268.5,89.4,53.3,5.81,1409.0,1,0
100426,CAEX-033,2026-04-16,A,noche,13,239.0,310.5,,54.4,3.35,1649.0,0,0
100698,CAEX-045,2026-03-02,C,noche,6,465.0,368.5,89.0,44.0,3.76,1672.0,0,0
104684,CAEX-044,2026-05-19,A,dia,6,114.0,284.8,,47.8,5.85,1717.0,0,0
101266,CAEX-003,2026-08-01,C,dia,10,29.0,359.9,89.1,50.6,4.99,1583.0,0,0
101624,CAEX-016,2026-07-24,A,noche,5,138.0,262.5,84.4,58.8,4.28,1814.0,1,0
103974,CAEX-059,2026-05-27,A,dia,13,323.0,279.0,89.4,55.4,3.86,1658.0,1,0
103580,CAEX-034,2026-05-05,A,noche,5,73.0,246.8,82.8,53.9,4.53,1698.0,1,0
101594,CAEX-024,2026-08-25,C,dia,6,22.0,351.4,92.1,63.0,3.86,1547.0,0,0
105776,CAEX-043,2026-05-02,B,noche,6,268.0,325.8,91.2,59.1,4.36,1886.0,1,0
102302,CAEX-052,2026-07-19,A,noche,2,299.0,292.8,96.4,57.1,5.42,1898.0,0,0
100493,CAEX-039,2026-04-30,A,dia,8,526.0,292.4,94.5,44.7,2.87,1835.0,1,0
100962,CAEX-021,2026-07-16,C,noche,14,731.0,355.7,95.4,41.6,3.35,1755.0,3,1
101861,CAEX-018,2026-08-09,A,noche,1,233.0,286.5,88.5,58.6,5.57,1622.0,1,0
105920,CAEX-015,2026-05-30,B,dia,12,191.0,328.7,87.8,55.8,5.2,1543.0,0,0
105399,CAEX-028,2026-08-27,A,noche,4,257.0,304.4,88.4,47.6,3.97,1835.0,0,0
103036,CAEX-016,2026-04-09,A,dia,5,102.0,281.1,88.0,52.2,4.95,1468.0,0,0
100979,CAEX-024,2026-03-28,C,dia,6,237.0,359.0,91.1,39.4,3.87,1771.0,0,0
105586,CAEX-033,2026-07-20,A,noche,13,183.0,268.7,84.1,49.9,4.96,1770.0,0,0
100230,CAEX-001,2026-08-15,C,dia,7,206.0,303.8,92.4,62.2,5.42,1852.0,0,0
102867,CAEX-044,2026-08-14,A,noche,6,47.0,275.2,75.3,50.8,3.62,1852.0,1,0
101827,CAEX-027,2026-05-14,B,dia,1,277.0,352.9,92.0,55.7,3.16,1807.0,2,0
104182,CAEX-048,2026-06-27,A,dia,3,165.0,256.1,82.2,56.9,2.17,1760.0,0,0
105600,CAEX-008,2026-03-16,C,dia,11,139.0,400.3,96.1,60.3,7.08,1578.0,1,1
104682,CAEX-050,2026-05-04,A,dia,1,300.0,298.8,87.7,49.0,4.06,1414.0,0,0
101468,CAEX-040,2026-03-06,B,dia,11,276.0,332.0,88.6,54.1,3.58,1462.0,2,0
105123,CAEX-011,2026-03-24,A,noche,8,507.0,304.9,92.5,48.1,3.05,1602.0,0,0
100622,CAEX-019,2026-03-13,C,dia,5,278.0,312.8,91.0,48.4,5.27,1747.0,0,0
104486,CAEX-050,2026-04-14,A,dia,1,132.0,285.2,86.9,50.8,5.43,1706.0,2,0
104638,CAEX-020,2026-04-10,B,noche,7,324.0,350.8,97.4,56.0,3.6,1718.0,1,0
103723,CAEX-031,2026-04-21,B,noche,12,59.0,308.3,81.4,53.0,5.05,1815.0,1,0
103049,CAEX-045,2026-07-24,C,dia,6,189.0,337.6,83.1,46.4,5.08,1550.0,0,0
101779,CAEX-040,2026-08-22,B,dia,11,287.0,326.1,87.5,45.2,3.65,1483.0,1,0
105326,CAEX-051,2026-07-15,A,noche,2,194.0,296.5,,56.5,3.86,1667.0,0,0
100337,CAEX-053,2026-04-19,C,noche,11,206.0,333.2,91.4,51.3,3.43,1863.0,0,0
102643,CAEX-008,2026-06-25,C,dia,11,210.0,365.5,84.6,51.1,4.63,1608.0,1,0
103166,CAEX-046,2026-03-07,C,noche,12,105.0,359.9,89.3,51.9,2.74,1655.0,0,0
101084,CAEX-050,2026-08-21,A,dia,1,343.0,283.0,91.4,53.8,5.1,1627.0,0,0
103401,CAEX-053,2026-05-21,C,dia,11,225.0,340.0,93.8,52.3,3.12,1473.0,1,0
102608,CAEX-004,2026-06-26,B,noche,7,244.0,330.1,91.3,48.9,3.35,1642.0,2,0
105328,CAEX-005,2026-07-14,A,noche,12,532.0,287.7,95.3,53.0,5.26,1557.0,0,0
103570,CAEX-055,2026-06-02,B,noche,10,370.0,327.8,87.6,42.0,3.9,1519.0,0,0
100391,CAEX-057,2026-07-29,B,dia,11,419.0,324.1,91.6,53.3,3.23,1678.0,2,0
100738,CAEX-048,2026-03-04,A,noche,3,550.0,254.6,95.2,47.6,4.69,1545.0,0,0
100114,CAEX-020,2026-07-11,B,noche,7,233.0,328.0,82.1,65.1,2.74,1619.0,3,0
103924,CAEX-001,2026-05-15,C,noche,7,191.0,355.9,82.9,65.1,3.48,1699.0,2,0
100938,CAEX-036,2026-06-21,A,noche,10,141.0,285.5,91.5,57.6,3.39,1493.0,0,0
102300,CAEX-009,2026-06-26,A,noche,9,258.0,298.3,92.5,51.9,4.17,1557.0,1,0
101874,CAEX-057,2026-06-26,B,noche,11,633.0,300.5,80.9,52.3,4.37,1944.0,2,1
105654,CAEX-015,2026-07-22,B,noche,12,235.0,324.3,92.1,40.0,4.6,1864.0,0,0
103696,CAEX-037,2026-07-09,A,dia,2,291.0,290.6,96.1,52.1,5.12,1264.0,3,1
101016,CAEX-039,2026-08-06,A,dia,8,249.0,289.0,86.7,53.2,2.75,1541.0,0,0
102884,CAEX-008,2026-04-27,C,dia,11,186.0,378.3,87.3,62.2,2.92,1827.0,0,0
103292,CAEX-045,2026-07-13,C,dia,6,217.0,351.0,,51.5,3.19,1776.0,0,0
100258,CAEX-056,2026-04-20,C,dia,7,320.0,360.2,90.0,56.5,2.08,1591.0,0,0
101340,CAEX-028,2026-03-30,A,dia,4,362.0,274.2,90.5,57.3,4.24,1637.0,2,0
101153,CAEX-026,2026-05-01,A,noche,12,198.0,277.6,85.3,50.8,3.01,1324.0,1,0
105351,CAEX-036,2026-07-02,A,noche,10,114.0,272.5,90.2,60.8,5.15,1548.0,1,0
102265,CAEX-036,2026-07-13,A,dia,10,191.0,299.1,94.1,63.1,4.3,1737.0,1,0
100993,CAEX-024,2026-08-26,C,noche,6,156.0,327.9,84.8,54.0,5.89,1715.0,0,0
105988,CAEX-047,2026-03-15,A,dia,5,243.0,264.1,90.7,60.4,5.77,1645.0,3,0
101847,CAEX-037,2026-06-08,A,dia,2,167.0,282.3,87.5,62.2,3.99,1677.0,1,0
102559,CAEX-030,2026-07-07,B,noche,1,343.0,301.3,87.9,57.6,2.56,1534.0,1,0
101010,CAEX-001,2026-03-08,C,noche,7,27.0,362.8,95.2,49.3,4.94,1616.0,0,0
101973,CAEX-052,2026-05-18,A,noche,2,33.0,291.3,92.6,55.7,2.76,1553.0,0,0
104110,CAEX-019,2026-04-29,C,noche,5,801.0,356.2,102.7,50.6,5.68,1597.0,2,1
100527,CAEX-001,2026-03-05,C,dia,7,23.0,357.7,80.9,49.2,5.0,1443.0,1,0
103665,CAEX-056,2026-07-10,C,noche,7,956.0,325.3,95.9,52.3,5.36,1647.0,4,1
103565,CAEX-015,2026-06-02,B,noche,12,351.0,373.3,97.1,52.0,7.34,1717.0,1,1
104279,CAEX-007,2026-03-17,C,dia,2,155.0,362.9,84.1,47.3,2.32,1520.0,0,0
105092,CAEX-026,2026-06-29,A,dia,12,448.0,281.6,83.6,58.7,3.19,1659.0,0,0
100133,CAEX-008,2026-03-09,C,noche,11,309.0,358.0,99.7,57.3,3.92,1584.0,0,0
102463,CAEX-013,2026-08-11,B,noche,2,78.0,344.2,86.3,49.3,9.7,1873.0,0,1
100036,CAEX-017,2026-06-25,B,dia,9,385.0,304.0,91.7,55.3,5.9,1709.0,1,0
100442,CAEX-029,2026-08-16,A,dia,12,244.0,254.0,87.6,52.5,4.64,1873.0,2,0
100065,CAEX-038,2026-07-23,B,dia,8,539.0,316.6,89.5,42.0,3.89,1659.0,1,1
102030,CAEX-009,2026-08-11,A,dia,9,121.0,270.9,87.4,67.3,6.47,1527.0,1,0
101669,CAEX-032,2026-03-12,C,noche,4,127.0,342.5,91.1,55.0,4.52,1455.0,0,0
105306,CAEX-011,2026-07-20,A,dia,8,165.0,286.6,98.0,45.9,6.94,1648.0,0,0
101283,CAEX-003,2026-04-08,C,noche,10,703.0,355.7,90.1,45.0,3.58,1817.0,0,0
103585,CAEX-025,2026-07-15,C,dia,14,168.0,370.1,96.6,58.5,4.61,1793.0,0,0
102176,CAEX-023,2026-08-25,C,noche,4,253.0,333.1,94.9,57.3,2.97,1769.0,2,0
100639,CAEX-040,2026-07-09,B,dia,11,158.0,317.3,90.1,62.6,3.07,1903.0,1,0
105533,CAEX-028,2026-07-30,A,dia,4,320.0,272.1,95.7,50.6,3.63,1789.0,1,0
101225,CAEX-011,2026-05-15,A,dia,8,44.0,325.6,87.1,49.5,2.1,1550.0,2,0
104861,CAEX-022,2026-06-23,A,dia,4,57.0,281.8,86.4,56.2,3.97,1428.0,1,0
105630,CAEX-023,2026-05-23,C,noche,4,525.0,369.3,88.7,,5.55,1471.0,4,0
103490,CAEX-014,2026-04-29,C,noche,8,139.0,347.3,91.1,52.9,3.85,1522.0,1,0
101219,CAEX-002,2026-03-07,B,noche,10,603.0,341.3,95.5,48.1,5.13,1617.0,1,0
101599,CAEX-019,2026-05-15,C,dia,5,69.0,344.3,93.8,51.6,6.39,1885.0,0,0
102726,CAEX-052,2026-06-26,A,dia,2,532.0,238.4,98.4,49.9,4.69,1428.0,1,1
102837,CAEX-032,2026-05-09,C,noche,4,493.0,336.1,99.4,36.7,2.6,1463.0,2,1
104650,CAEX-030,2026-07-09,B,dia,1,50.0,321.7,84.8,56.3,3.83,1681.0,1,0
104761,CAEX-044,2026-05-06,A,dia,6,77.0,251.0,85.2,48.6,2.95,1922.0,0,0
100768,CAEX-009,2026-05-13,A,noche,9,313.0,287.4,90.7,56.0,4.52,1665.0,0,0
102573,CAEX-035,2026-05-16,B,dia,7,38.0,335.9,87.0,55.4,7.97,1571.0,2,0
105085,CAEX-050,2026-08-23,A,dia,1,159.0,274.0,89.6,61.6,3.92,1835.0,1,0
101295,CAEX-059,2026-05-25,A,noche,13,168.0,292.6,88.6,61.9,5.02,1386.0,0,1
100136,CAEX-040,2026-03-11,B,dia,11,179.0,327.2,98.4,42.9,4.31,1836.0,0,0
105723,CAEX-006,2026-04-13,C,dia,8,112.0,381.1,87.3,42.1,4.62,2112.0,0,0
104354,CAEX-046,2026-04-29,C,noche,12,154.0,324.3,93.8,59.8,3.9,1568.0,1,0
101109,CAEX-007,2026-05-18,C,noche,2,459.0,338.6,89.1,47.8,3.58,1658.0,0,0
101660,CAEX-034,2026-05-17,A,noche,5,466.0,271.4,103.4,57.6,3.35,1561.0,0,1
101745,CAEX-022,2026-03-24,A,noche,4,374.0,305.0,93.4,38.8,6.43,1592.0,1,1
101279,CAEX-016,2026-03-19,A,dia,5,90.0,278.8,95.8,55.0,2.62,1533.0,0,0
103158,CAEX-004,2026-08-05,B,noche,7,64.0,336.6,87.9,53.8,3.92,1603.0,0,0
105250,CAEX-052,2026-03-19,A,dia,2,103.0,310.9,89.4,57.3,3.15,1753.0,1,0
102960,CAEX-030,2026-06-12,B,noche,1,247.0,331.5,84.6,51.6,3.51,1580.0,1,0
103547,CAEX-007,2026-08-16,C,noche,2,105.0,345.0,90.2,53.8,2.95,1418.0,0,0
105702,CAEX-060,2026-07-03,A,dia,8,132.0,307.9,89.4,50.4,3.6,1604.0,0,0
102953,CAEX-046,2026-08-24,C,noche,12,125.0,332.8,88.9,50.0,2.44,1713.0,0,0
100130,CAEX-007,2026-04-03,C,dia,2,34.0,380.7,84.9,53.8,2.81,1549.0,0,0
102701,CAEX-003,2026-05-22,C,dia,10,43.0,343.8,87.4,53.6,4.13,1723.0,0,0
103458,CAEX-030,2026-06-06,B,noche,1,98.0,299.8,84.4,62.4,3.45,1893.0,1,0
102256,CAEX-034,2026-03-13,A,noche,5,211.0,271.6,89.9,59.8,3.59,1796.0,0,0
100028,CAEX-059,2026-07-15,A,noche,13,408.0,319.3,95.3,46.2,4.0,1584.0,0,1
104097,CAEX-005,2026-08-02,A,dia,12,416.0,283.2,100.1,51.2,3.38,1829.0,0,0
105103,CAEX-050,2026-03-23,A,noche,1,277.0,261.7,94.8,56.6,3.66,1820.0,2,0
104888,CAEX-001,2026-05-02,C,noche,7,275.0,354.4,93.4,51.2,6.83,1748.0,0,0
103852,CAEX-032,2026-04-22,C,dia,4,170.0,377.7,83.8,63.4,4.8,1457.0,0,0
100453,CAEX-027,2026-04-04,B,dia,1,208.0,352.4,85.4,54.1,4.56,1928.0,0,0
101235,CAEX-036,2026-04-13,A,dia,10,320.0,,89.9,57.8,5.01,1504.0,1,0
105459,CAEX-007,2026-04-26,C,noche,2,212.0,359.6,,59.6,4.18,2041.0,0,0
101720,CAEX-021,2026-04-23,C,noche,14,105.0,407.3,78.0,55.0,3.17,1631.0,1,0
105813,CAEX-050,2026-07-16,A,dia,1,678.0,284.8,100.5,50.2,6.75,1876.0,1,1
105791,CAEX-045,2026-07-01,C,noche,6,193.0,309.0,97.1,51.5,4.36,1714.0,1,0
104044,CAEX-032,2026-06-19,C,dia,4,385.0,370.3,96.1,48.4,7.43,1682.0,0,1
104557,CAEX-004,2026-03-08,B,noche,7,584.0,287.7,94.9,52.9,5.39,1576.0,1,0
104221,CAEX-023,2026-08-26,C,dia,4,218.0,340.6,92.4,53.4,4.87,1502.0,1,0
100460,CAEX-057,2026-04-26,B,noche,11,52.0,317.8,94.3,61.7,4.25,1833.0,1,0
103559,CAEX-041,2026-08-13,B,noche,14,372.0,321.7,91.0,58.7,5.47,1654.0,1,0
102392,CAEX-056,2026-03-29,C,noche,7,722.0,363.8,92.4,54.4,4.22,1870.0,1,1
100681,CAEX-059,2026-07-09,A,noche,13,398.0,263.5,93.0,59.3,4.92,1680.0,0,0
102010,CAEX-036,2026-04-09,A,noche,10,544.0,290.1,96.3,40.4,4.92,1518.0,1,1
105512,CAEX-036,2026-08-08,A,noche,10,257.0,309.8,95.3,53.0,,1674.0,2,1
102467,CAEX-035,2026-07-01,B,noche,7,15.0,369.3,87.0,55.2,5.18,1615.0,0,0
103812,CAEX-046,2026-04-10,C,dia,12,273.0,344.7,94.0,48.9,5.9,1556.0,0,0
101748,CAEX-008,2026-04-19,C,dia,11,123.0,368.5,82.7,58.2,,1712.0,1,0
104201,CAEX-057,2026-07-13,B,dia,11,392.0,320.7,87.4,55.2,3.63,1574.0,2,0
101955,CAEX-027,2026-07-11,B,noche,1,278.0,279.1,93.9,56.0,7.54,1619.0,1,0
100362,CAEX-004,2026-08-20,B,dia,7,543.0,274.4,97.6,42.8,5.05,1679.0,1,1
101805,CAEX-039,2026-07-08,A,noche,8,247.0,248.8,93.3,50.7,3.29,2085.0,2,1
104884,CAEX-039,2026-07-30,A,dia,8,242.0,269.9,92.2,61.6,4.82,1511.0,0,0
104263,CAEX-041,2026-05-02,B,noche,14,447.0,335.7,91.9,55.4,2.38,2025.0,2,1
100203,CAEX-057,2026-06-18,B,dia,11,237.0,307.1,96.5,49.5,2.26,1798.0,2,0
100935,CAEX-012,2026-06-05,C,noche,8,217.0,334.9,85.1,48.1,5.71,1269.0,1,0
103526,CAEX-031,2026-07-24,B,noche,12,417.0,334.7,93.5,,3.28,1755.0,1,0
105364,CAEX-048,2026-08-05,A,noche,3,280.0,299.9,84.8,,4.71,1784.0,1,0
105720,CAEX-053,2026-06-26,C,dia,11,427.0,357.8,76.8,49.2,2.13,1448.0,0,0
104030,CAEX-037,2026-07-27,A,noche,2,112.0,268.2,87.3,61.0,7.0,1950.0,0,0
103652,CAEX-013,2026-07-25,B,noche,2,199.0,314.6,103.2,54.5,3.17,1619.0,1,1
100965,CAEX-020,2026-04-11,B,noche,7,151.0,337.8,88.4,59.4,3.49,1812.0,1,0
100125,CAEX-033,2026-04-24,A,dia,13,384.0,311.6,99.8,43.4,5.15,1827.0,0,1
105467,CAEX-053,2026-03-21,C,noche,11,360.0,372.9,92.1,53.7,5.45,1615.0,0,0
103026,CAEX-041,2026-08-25,B,noche,14,287.0,339.5,89.4,61.5,2.42,1822.0,0,0
105749,CAEX-007,2026-08-22,C,noche,2,160.0,338.6,90.4,58.3,3.62,1712.0,0,0
101966,CAEX-027,2026-05-15,B,dia,1,246.0,334.2,91.0,48.8,3.88,1715.0,1,0
102973,CAEX-012,2026-04-25,C,noche,8,493.0,335.5,87.4,50.5,4.97,1758.0,0,1
102961,CAEX-030,2026-05-30,B,dia,1,123.0,291.0,73.7,58.3,4.54,1732.0,0,0
102516,CAEX-023,2026-08-05,C,dia,4,265.0,333.5,95.1,53.3,5.04,1691.0,0,0
104992,CAEX-027,2026-08-19,B,dia,1,419.0,311.0,90.0,53.6,3.15,1468.0,0,0
104990,CAEX-001,2026-07-08,C,noche,7,343.0,343.6,,56.9,4.69,1528.0,0,0
100447,CAEX-021,2026-07-20,C,noche,14,230.0,347.2,87.7,54.5,4.06,1554.0,2,0
104905,CAEX-032,2026-03-03,C,dia,4,285.0,354.8,85.5,54.4,6.31,1699.0,0,0
102997,CAEX-037,2026-03-14,A,noche,2,355.0,268.2,88.5,57.1,4.13,1873.0,1,0
100648,CAEX-054,2026-03-10,B,noche,11,73.0,350.3,88.6,58.6,3.12,1474.0,0,0
104870,CAEX-055,2026-04-20,B,dia,10,257.0,353.7,86.7,57.9,,1567.0,0,0
103324,CAEX-013,2026-06-04,B,dia,2,38.0,351.2,90.5,51.6,3.65,1671.0,0,0
101758,CAEX-034,2026-05-17,A,noche,5,325.0,263.9,85.2,53.6,4.46,1566.0,1,0
101589,CAEX-005,2026-04-21,A,noche,12,77.0,293.3,88.1,48.6,3.78,1435.0,1,0
100936,CAEX-030,2026-08-14,B,dia,1,223.0,338.2,91.3,59.5,3.13,1565.0,1,0
101451,CAEX-035,2026-04-25,B,dia,7,259.0,339.0,84.7,52.2,4.42,1604.0,3,0
100524,CAEX-011,2026-03-21,A,noche,8,303.0,269.6,83.9,51.0,4.36,1892.0,1,0
101354,CAEX-012,2026-06-01,C,noche,8,1674.0,323.2,102.4,38.7,4.15,1654.0,1,1
103139,CAEX-016,2026-05-21,A,dia,5,325.0,267.6,92.3,52.4,3.09,1692.0,0,0
101189,CAEX-058,2026-03-17,B,noche,3,280.0,322.6,83.2,55.3,4.06,1553.0,1,0
104379,CAEX-046,2026-06-11,C,noche,12,250.0,317.8,88.6,,5.49,1742.0,0,0
103441,CAEX-060,2026-04-02,A,noche,8,101.0,294.7,88.6,63.3,9.99,1880.0,1,1
105295,CAEX-004,2026-08-21,B,noche,7,85.0,322.7,94.0,44.4,5.5,1937.0,1,0
100878,CAEX-047,2026-07-29,A,noche,5,257.0,296.1,103.8,50.9,5.52,1737.0,0,0
103295,CAEX-018,2026-04-03,A,dia,1,344.0,274.1,88.3,55.3,5.83,1776.0,1,0
102023,CAEX-003,2026-06-15,C,noche,10,66.0,316.5,82.3,59.1,5.22,1669.0,0,0
105688,CAEX-053,2026-04-14,C,noche,11,112.0,333.3,85.3,46.8,3.73,1510.0,1,0
100067,CAEX-046,2026-07-21,C,dia,12,518.0,311.6,,54.5,6.33,1684.0,0,1
103695,CAEX-038,2026-08-05,B,noche,8,154.0,336.0,88.6,59.7,,1388.0,2,0
101482,CAEX-037,2026-05-25,A,dia,2,80.0,274.8,95.1,44.3,3.27,1702.0,0,0
105415,CAEX-052,2026-06-18,A,noche,2,504.0,270.0,87.2,56.5,3.68,1768.0,1,0
103893,CAEX-051,2026-05-06,A,noche,2,706.0,282.8,88.7,41.7,5.09,1629.0,0,0
103430,CAEX-041,2026-07-25,B,dia,14,54.0,304.2,77.6,57.6,2.93,1494.0,0,0
104967,CAEX-029,2026-05-02,A,noche,12,64.0,272.9,79.1,42.5,3.19,1619.0,2,0
101945,CAEX-045,2026-07-14,C,dia,6,138.0,328.8,87.4,42.2,4.68,1743.0,1,0
104511,CAEX-001,2026-05-07,C,dia,7,411.0,336.0,96.6,53.6,5.88,1791.0,0,0
103932,CAEX-029,2026-04-19,A,noche,12,263.0,265.7,87.9,52.9,3.52,1739.0,1,0
103543,CAEX-046,2026-03-23,C,noche,12,318.0,366.5,91.0,50.1,3.75,1903.0,1,0
105772,CAEX-050,2026-04-09,A,dia,1,156.0,263.9,103.8,47.1,3.31,1565.0,0,0
100783,CAEX-051,2026-05-01,A,dia,2,282.0,296.6,92.2,56.7,3.46,1672.0,0,0
102164,CAEX-045,2026-07-06,C,noche,6,329.0,372.0,97.1,52.6,5.41,1852.0,1,1
104121,CAEX-017,2026-03-10,B,noche,9,374.0,336.0,91.0,52.7,3.18,1708.0,0,0
100227,CAEX-027,2026-07-12,B,dia,1,231.0,302.8,,54.8,3.97,1848.0,1,0
100761,CAEX-042,2026-07-25,C,noche,10,186.0,356.2,90.8,55.0,3.94,1503.0,1,0
105076,CAEX-021,2026-07-17,C,noche,14,239.0,344.7,88.8,52.5,2.28,1337.0,0,0
100515,CAEX-006,2026-03-25,C,dia,8,94.0,355.3,92.2,62.6,2.55,1785.0,0,0
101606,CAEX-015,2026-06-01,B,dia,12,219.0,330.4,81.6,45.3,4.08,1594.0,3,0
102892,CAEX-029,2026-03-17,A,noche,12,227.0,273.6,82.9,50.8,4.32,1798.0,1,0
103931,CAEX-001,2026-06-07,C,dia,7,95.0,339.4,91.2,57.5,5.46,1611.0,0,0
104547,CAEX-006,2026-07-22,C,dia,8,341.0,341.6,85.6,53.7,7.37,1811.0,0,0
100909,CAEX-040,2026-03-25,B,noche,11,23.0,291.4,83.5,55.5,3.43,1467.0,0,0
100194,CAEX-023,2026-07-09,C,noche,4,277.0,326.4,83.5,43.0,3.68,1506.0,0,0
100743,CAEX-027,2026-05-24,B,dia,1,375.0,280.8,92.3,48.1,7.76,1611.0,0,1
100613,CAEX-044,2026-08-01,A,dia,6,140.0,269.1,78.4,54.2,2.54,1420.0,1,0
104425,CAEX-013,2026-07-14,B,noche,2,110.0,309.2,90.8,47.3,4.34,1661.0,0,0
101871,CAEX-011,2026-04-15,A,dia,8,219.0,283.5,90.2,58.2,5.78,1734.0,0,0
104703,CAEX-030,2026-05-07,B,noche,1,228.0,326.2,90.9,55.0,6.28,1799.0,1,0
103639,CAEX-038,2026-05-21,B,dia,8,292.0,322.0,89.0,64.7,6.42,2017.0,0,0
100402,CAEX-051,2026-05-03,A,noche,2,271.0,281.5,87.8,58.0,7.48,1646.0,0,0
103541,CAEX-039,2026-07-24,A,noche,8,163.0,318.0,88.5,65.5,4.26,1662.0,2,0
100850,CAEX-021,2026-08-13,C,dia,14,466.0,340.7,90.0,45.7,3.23,1317.0,2,1
104355,CAEX-002,2026-08-08,B,noche,10,321.0,282.5,98.1,46.7,3.69,1816.0,2,0
101729,CAEX-003,2026-03-21,C,dia,10,57.0,346.3,85.0,53.3,3.82,1592.0,0,0
100375,CAEX-060,2026-05-14,A,noche,8,295.0,272.2,81.1,48.8,5.12,1691.0,2,0
105722,CAEX-010,2026-05-02,B,dia,9,82.0,325.0,88.4,53.7,,1573.0,1,0
102936,CAEX-030,2026-07-09,B,dia,1,332.0,347.3,95.3,43.2,5.52,1899.0,0,1
101008,CAEX-036,2026-03-16,A,noche,10,105.0,324.2,89.1,52.6,4.04,1688.0,1,0
105808,CAEX-033,2026-08-11,A,dia,13,75.0,278.5,92.7,49.6,2.93,1743.0,1,0
105371,CAEX-037,2026-05-05,A,dia,2,189.0,281.9,91.0,57.0,5.73,1605.0,0,0
100410,CAEX-051,2026-05-27,A,dia,2,360.0,288.8,94.1,52.6,5.95,1464.0,2,0
100579,CAEX-008,2026-04-23,C,noche,11,111.0,340.7,88.7,60.3,3.81,1184.0,1,0
100693,CAEX-007,2026-08-26,C,dia,2,113.0,350.0,76.8,57.2,3.14,1691.0,0,0
101612,CAEX-053,2026-06-20,C,dia,11,703.0,370.8,94.0,51.5,5.57,1806.0,1,1
102735,CAEX-025,2026-06-29,C,noche,14,132.0,368.1,94.3,,4.93,1398.0,1,0
100656,CAEX-047,2026-07-20,A,dia,5,14.0,294.1,84.2,59.3,3.54,1452.0,2,0
104285,CAEX-027,2026-04-06,B,noche,1,41.0,334.8,80.3,58.8,4.14,1575.0,2,0
103840,CAEX-042,2026-05-12,C,noche,10,317.0,391.7,88.1,48.0,3.99,1750.0,1,0
104623,CAEX-014,2026-04-16,C,noche,8,188.0,361.5,91.8,54.4,2.25,1850.0,0,0
105012,CAEX-055,2026-06-23,B,noche,10,288.0,295.4,99.1,54.7,5.41,1589.0,1,0
103134,CAEX-014,2026-08-06,C,noche,8,243.0,327.6,88.0,53.3,4.49,1644.0,0,0
100591,CAEX-040,2026-06-10,B,dia,11,226.0,316.5,88.0,56.0,3.81,1513.0,2,0
102907,CAEX-011,2026-07-02,A,dia,8,238.0,283.0,82.6,58.7,4.6,1718.0,1,0
101576,CAEX-020,2026-08-19,B,dia,7,455.0,302.2,85.9,57.8,4.99,1972.0,1,0
103130,CAEX-057,2026-05-15,B,dia,11,227.0,273.8,86.1,53.6,3.93,1750.0,0,0
102397,CAEX-017,2026-06-13,B,dia,9,180.0,281.0,84.2,51.9,5.93,1949.0,1,0
103125,CAEX-008,2026-05-21,C,dia,11,80.0,346.1,87.2,52.5,5.35,1565.0,2,0
102661,CAEX-027,2026-04-21,B,dia,1,294.0,309.0,81.9,70.4,4.75,1471.0,0,0
101872,CAEX-019,2026-08-18,C,noche,5,478.0,344.0,88.4,57.7,4.35,1674.0,1,0
100744,CAEX-009,2026-07-21,A,noche,9,48.0,263.6,88.4,71.1,6.65,1604.0,0,0
105337,CAEX-032,2026-05-17,C,dia,4,211.0,315.3,95.8,46.6,4.18,1759.0,0,0
100183,CAEX-014,2026-07-15,C,noche,8,1175.0,314.9,98.0,38.3,3.87,1786.0,3,1
104522,CAEX-004,2026-08-12,B,noche,7,365.0,345.1,100.1,46.6,3.92,1676.0,1,1
102717,CAEX-040,2026-04-21,B,noche,11,188.0,326.3,87.4,,4.63,1822.0,1,0
101054,CAEX-045,2026-05-05,C,dia,6,688.0,360.6,93.2,41.0,4.23,1609.0,0,1
104214,CAEX-005,2026-05-19,A,noche,12,125.0,258.3,,62.3,3.53,1562.0,1,0
100654,CAEX-009,2026-06-20,A,dia,9,98.0,296.9,92.8,59.0,3.03,1501.0,1,0
100149,CAEX-009,2026-03-14,A,dia,9,397.0,286.6,92.6,50.3,2.54,1375.0,0,0
100709,CAEX-001,2026-03-19,C,noche,7,58.0,320.0,92.0,47.7,5.24,1578.0,1,0
100370,CAEX-041,2026-07-05,B,dia,14,634.0,329.6,98.9,59.4,2.92,1796.0,2,1
100024,CAEX-042,2026-04-05,C,dia,10,141.0,390.5,92.3,53.2,3.29,1873.0,1,0
103313,CAEX-023,2026-06-03,C,dia,4,124.0,333.8,88.6,49.8,4.74,1759.0,3,0
101286,CAEX-007,2026-06-12,C,noche,2,125.0,323.3,77.1,50.1,6.1,1551.0,0,0
101958,CAEX-002,2026-08-11,B,dia,10,517.0,332.6,82.1,50.1,3.67,1493.0,0,0
102261,CAEX-022,2026-05-24,A,dia,4,169.0,286.3,88.3,49.5,7.21,1517.0,0,0
101200,CAEX-033,2026-05-08,A,dia,13,79.0,266.1,87.2,49.4,4.3,1586.0,1,0
100470,CAEX-051,2026-06-17,A,noche,2,178.0,283.7,95.5,46.4,3.98,2026.0,0,0
105846,CAEX-046,2026-03-02,C,noche,12,474.0,394.5,86.7,52.7,5.12,1552.0,2,1
101193,CAEX-027,2026-06-16,B,dia,1,372.0,329.4,92.9,,4.26,1417.0,1,0
100107,CAEX-010,2026-03-13,B,dia,9,133.0,305.5,92.4,63.9,2.69,1905.0,2,0
101485,CAEX-032,2026-07-20,C,dia,4,98.0,318.8,83.8,58.0,7.57,1470.0,0,0
104984,CAEX-051,2026-05-09,A,dia,2,256.0,222.4,90.2,56.2,3.27,1598.0,1,0
100351,CAEX-036,2026-03-12,A,dia,10,116.0,262.8,87.8,56.7,3.29,1637.0,0,0
104020,CAEX-015,2026-08-03,B,noche,12,117.0,335.0,87.5,61.0,2.22,1588.0,0,0
101261,CAEX-047,2026-03-30,A,noche,5,43.0,279.7,89.3,64.9,4.74,1735.0,0,0
100049,CAEX-033,2026-03-01,A,noche,13,214.0,299.3,80.9,53.2,,1511.0,0,0
101444,CAEX-001,2026-03-25,C,dia,7,408.0,368.4,80.7,47.7,4.53,1382.0,2,0
105633,CAEX-018,2026-06-09,A,noche,1,46.0,288.0,80.6,65.2,4.15,1658.0,0,0
104800,CAEX-037,2026-07-13,A,noche,2,351.0,318.4,91.1,50.7,5.45,1490.0,0,0
105048,CAEX-047,2026-06-26,A,dia,5,354.0,249.8,96.1,47.1,3.67,1825.0,0,0
102512,CAEX-037,2026-08-18,A,noche,2,94.0,297.0,89.1,64.7,4.03,1677.0,0,0
104500,CAEX-005,2026-04-19,A,noche,12,293.0,287.9,93.4,58.1,3.06,1270.0,2,1
103609,CAEX-059,2026-07-01,A,noche,13,49.0,287.6,70.4,68.7,5.71,1355.0,0,0
105690,CAEX-041,2026-04-18,B,noche,14,222.0,336.6,96.2,45.5,4.47,1518.0,0,1
105182,CAEX-049,2026-08-04,B,dia,5,713.0,309.5,99.3,39.7,3.62,1684.0,1,1
105823,CAEX-039,2026-03-14,A,dia,8,36.0,263.1,92.1,72.3,4.36,1666.0,0,0
103034,CAEX-058,2026-08-02,B,noche,3,130.0,317.8,89.6,57.8,3.29,1332.0,2,0
102772,CAEX-031,2026-06-26,B,noche,12,418.0,325.3,91.6,61.1,3.69,1800.0,1,0
105826,CAEX-015,2026-06-11,B,dia,12,120.0,313.7,90.7,58.7,5.55,1243.0,1,0
104380,CAEX-039,2026-07-10,A,dia,8,427.0,285.4,92.2,51.1,6.76,1685.0,1,0
105670,CAEX-004,2026-06-10,B,dia,7,394.0,298.0,90.8,56.5,4.18,1753.0,1,0
102126,CAEX-006,2026-05-18,C,noche,8,56.0,338.4,82.9,53.5,2.77,1351.0,0,0
102307,CAEX-015,2026-05-23,B,noche,12,238.0,323.7,76.4,45.5,3.78,1281.0,0,0
101227,CAEX-021,2026-08-25,C,dia,14,250.0,354.4,82.6,62.1,7.21,1746.0,0,0
103414,CAEX-035,2026-04-03,B,dia,7,282.0,322.3,87.2,47.8,3.91,1590.0,0,0
105000,CAEX-025,2026-06-19,C,noche,14,210.0,346.4,86.5,57.7,2.8,1724.0,1,0
100174,CAEX-027,2026-08-04,B,noche,1,148.0,288.6,89.3,51.0,2.81,1523.0,1,0
102677,CAEX-035,2026-03-26,B,dia,7,276.0,343.6,94.0,53.2,2.43,1796.0,0,0
105576,CAEX-025,2026-04-01,C,noche,14,55.0,365.8,83.6,69.7,4.29,1446.0,0,0
103242,CAEX-048,2026-07-21,A,dia,3,122.0,291.9,90.0,60.9,5.69,1436.0,0,0
104583,CAEX-006,2026-07-24,C,dia,8,440.0,326.0,92.8,55.7,3.05,1985.0,1,0
105111,CAEX-050,2026-07-26,A,noche,1,307.0,283.8,85.2,49.8,2.66,1674.0,0,0
104729,CAEX-048,2026-08-20,A,noche,3,419.0,261.7,107.4,49.1,3.07,1644.0,1,1
105934,CAEX-038,2026-03-25,B,noche,8,129.0,301.7,90.1,54.1,2.62,1587.0,0,0
100808,CAEX-019,2026-06-18,C,dia,5,290.0,354.1,89.5,52.5,3.55,1434.0,1,0
101470,CAEX-051,2026-07-09,A,noche,2,481.0,270.1,95.1,45.0,6.84,1641.0,0,0
103903,CAEX-047,2026-04-09,A,dia,5,289.0,297.8,91.3,63.2,1.87,1826.0,1,0
105008,CAEX-008,2026-03-02,C,dia,11,174.0,358.3,79.7,48.3,3.33,1717.0,1,0
104364,CAEX-037,2026-08-05,A,dia,2,221.0,302.3,86.9,50.5,3.39,1584.0,0,0
103196,CAEX-031,2026-05-21,B,noche,12,140.0,322.1,90.3,42.6,4.38,1777.0,0,0
100494,CAEX-006,2026-06-03,C,dia,8,243.0,345.8,93.5,47.1,5.36,1725.0,1,0
101002,CAEX-056,2026-07-23,C,dia,7,752.0,349.0,94.8,52.5,3.55,1613.0,0,0
102318,CAEX-054,2026-04-05,B,noche,11,144.0,296.7,81.9,54.2,4.12,1459.0,0,0
104613,CAEX-059,2026-04-25,A,noche,13,165.0,258.6,83.9,54.6,4.86,1829.0,1,0
104476,CAEX-012,2026-08-13,C,noche,8,201.0,369.4,92.8,57.6,3.2,1839.0,0,0
100973,CAEX-026,2026-03-26,A,dia,12,321.0,300.1,84.7,40.3,4.95,1726.0,1,0
104827,CAEX-030,2026-05-23,B,noche,1,175.0,318.7,88.9,50.4,2.33,1486.0,0,0
105254,CAEX-031,2026-07-27,B,dia,12,125.0,330.5,89.3,59.4,3.16,1667.0,1,0
102812,CAEX-039,2026-05-04,A,noche,8,86.0,266.2,,60.0,3.27,1774.0,0,0
100385,CAEX-054,2026-03-07,B,noche,11,361.0,317.8,105.2,55.2,4.0,1957.0,2,1
104111,CAEX-005,2026-04-28,A,noche,12,310.0,286.8,83.9,54.4,3.62,1726.0,0,0
101664,CAEX-051,2026-08-04,A,noche,2,224.0,302.7,89.8,51.8,4.9,1806.0,1,0
103346,CAEX-013,2026-08-13,B,dia,2,131.0,292.3,85.0,51.9,2.6,1578.0,0,0
101702,CAEX-016,2026-03-14,A,noche,5,627.0,285.1,89.7,56.3,4.27,1574.0,1,0
104113,CAEX-030,2026-03-14,B,noche,1,208.0,311.2,89.7,52.3,6.07,1228.0,0,0
104409,CAEX-037,2026-08-17,A,dia,2,222.0,295.8,86.9,55.9,5.45,1615.0,1,0
101059,CAEX-018,2026-04-21,A,dia,1,144.0,304.3,93.2,58.3,,1629.0,1,0
100641,CAEX-002,2026-07-21,B,dia,10,110.0,297.5,82.7,60.1,3.7,1720.0,0,0
103011,CAEX-001,2026-03-24,C,noche,7,387.0,357.3,95.3,57.1,4.35,1697.0,1,0
102814,CAEX-052,2026-05-26,A,dia,2,144.0,271.8,91.6,56.8,4.86,1453.0,1,0
105063,CAEX-055,2026-04-19,B,dia,10,164.0,293.0,93.1,51.2,2.55,1579.0,0,0
105700,CAEX-001,2026-07-29,C,noche,7,383.0,340.8,99.8,50.8,2.76,1686.0,1,1
101187,CAEX-019,2026-07-09,C,dia,5,248.0,348.4,93.7,50.1,3.61,1404.0,1,0
102663,CAEX-046,2026-06-24,C,noche,12,187.0,332.6,86.2,61.6,5.03,1739.0,0,0
105047,CAEX-019,2026-08-14,C,noche,5,543.0,343.7,92.2,50.7,5.94,1585.0,0,0
101717,CAEX-035,2026-08-04,B,noche,7,443.0,314.4,87.9,50.1,4.23,1741.0,1,0
102470,CAEX-020,2026-04-06,B,noche,7,106.0,312.9,85.1,53.0,2.72,1522.0,1,0
101921,CAEX-055,2026-05-19,B,noche,10,588.0,326.5,94.3,48.4,3.59,1509.0,0,0
103144,CAEX-039,2026-08-12,A,noche,8,15.0,280.9,89.5,52.6,3.71,1672.0,0,0
105409,CAEX-049,2026-08-09,B,noche,5,366.0,342.2,83.2,49.2,2.87,1547.0,0,0
104845,CAEX-053,2026-03-16,C,noche,11,88.0,316.9,91.4,49.3,2.93,2097.0,0,0
100586,CAEX-047,2026-08-14,A,noche,5,20.0,267.8,95.9,58.7,4.18,1415.0,0,0
104323,CAEX-060,2026-06-26,A,dia,8,407.0,286.6,95.1,48.7,3.72,1411.0,1,0
105719,CAEX-039,2026-07-17,A,dia,8,560.0,262.8,103.0,45.6,2.93,1866.0,3,1
100077,CAEX-041,2026-06-21,B,noche,14,343.0,329.6,89.6,54.3,3.76,1783.0,1,0
102369,CAEX-029,2026-03-17,A,noche,12,41.0,290.2,90.3,58.9,4.13,1711.0,3,0
100626,CAEX-047,2026-06-03,A,dia,5,146.0,298.4,86.6,47.8,5.04,1726.0,1,0
103404,CAEX-019,2026-03-04,C,noche,5,205.0,326.5,91.0,52.0,,1670.0,0,0
103714,CAEX-013,2026-06-16,B,noche,2,209.0,308.2,89.4,52.7,3.46,1770.0,0,0
101408,CAEX-005,2026-03-28,A,noche,12,107.0,272.1,85.6,61.4,3.26,1425.0,0,0
101906,CAEX-040,2026-03-25,B,dia,11,89.0,291.1,89.5,62.5,6.59,1507.0,0,0
100376,CAEX-031,2026-06-05,B,noche,12,156.0,301.8,89.3,56.3,3.83,1718.0,0,0
100081,CAEX-048,2026-03-23,A,dia,3,76.0,278.3,90.6,56.2,4.93,1612.0,0,0
102171,CAEX-033,2026-03-24,A,dia,13,34.0,284.2,81.6,59.3,5.61,1562.0,0,0
104126,CAEX-047,2026-05-25,A,noche,5,413.0,285.3,89.5,47.4,,1855.0,0,0
102787,CAEX-015,2026-07-07,B,dia,12,503.0,321.7,94.3,60.2,3.12,1790.0,5,0
102794,CAEX-059,2026-07-18,A,dia,13,95.0,285.8,96.1,52.7,5.9,1777.0,1,0
105164,CAEX-027,2026-08-04,B,dia,1,353.0,354.8,97.8,53.8,4.12,1678.0,0,0
100190,CAEX-047,2026-03-11,A,dia,5,58.0,264.1,79.8,53.2,4.12,1596.0,0,0
105828,CAEX-045,2026-03-29,C,dia,6,160.0,317.3,85.4,46.5,4.15,1643.0,0,0
105612,CAEX-006,2026-07-18,C,dia,8,294.0,353.4,84.0,47.5,4.7,1540.0,0,0
105967,CAEX-033,2026-03-06,A,dia,13,287.0,297.0,93.3,57.9,4.14,1442.0,0,0
104531,CAEX-018,2026-04-23,A,noche,1,205.0,292.3,82.9,54.5,2.48,1809.0,1,0
102060,CAEX-054,2026-05-27,B,noche,11,325.0,320.1,84.4,49.7,2.38,1573.0,0,0
104608,CAEX-001,2026-05-23,C,noche,7,725.0,357.6,92.6,42.1,4.96,1488.0,1,0
102249,CAEX-046,2026-06-09,C,noche,12,236.0,339.3,85.1,53.0,4.09,1356.0,1,0
101384,CAEX-056,2026-07-29,C,dia,7,157.0,337.3,88.8,63.0,2.91,1645.0,0,0
104313,CAEX-042,2026-03-08,C,dia,10,96.0,333.3,81.1,52.1,3.17,1554.0,1,0
105765,CAEX-016,2026-07-11,A,noche,5,425.0,267.6,91.6,,3.25,2110.0,0,1
105806,CAEX-019,2026-08-21,C,dia,5,207.0,358.9,85.3,54.6,5.2,1729.0,0,0
103477,CAEX-031,2026-07-30,B,dia,12,66.0,287.1,88.7,54.5,3.94,1599.0,1,0
105486,CAEX-028,2026-04-29,A,dia,4,147.0,246.5,79.8,63.3,3.12,1622.0,0,0
103107,CAEX-008,2026-05-18,C,noche,11,342.0,342.1,92.9,43.7,4.72,1587.0,0,0
102111,CAEX-024,2026-05-16,C,noche,6,174.0,315.6,85.2,63.4,4.23,1851.0,1,0
100241,CAEX-056,2026-06-21,C,noche,7,464.0,311.3,101.0,46.7,6.23,1624.0,2,0
101518,CAEX-009,2026-04-12,A,dia,9,248.0,285.1,95.0,54.1,3.01,1769.0,2,0
104780,CAEX-057,2026-08-27,B,noche,11,270.0,329.7,95.3,56.1,3.64,1787.0,2,0
100677,CAEX-015,2026-07-03,B,dia,12,16.0,323.5,87.7,48.1,5.67,1570.0,0,0
104929,CAEX-020,2026-04-11,B,dia,7,394.0,336.3,85.1,48.4,2.79,1627.0,0,0
104342,CAEX-042,2026-06-26,C,dia,10,304.0,360.0,92.0,60.6,4.01,1703.0,3,0
105574,CAEX-017,2026-06-18,B,noche,9,141.0,308.1,91.0,44.6,6.25,1473.0,0,0
101383,CAEX-015,2026-05-28,B,dia,12,71.0,313.6,84.9,49.9,2.67,1586.0,0,0
101206,CAEX-015,2026-03-17,B,noche,12,108.0,316.9,94.4,52.3,6.53,1723.0,0,0
102455,CAEX-005,2026-07-25,A,dia,12,21.0,306.8,92.9,55.9,2.4,1620.0,1,0
104702,CAEX-060,2026-03-24,A,noche,8,49.0,273.6,84.7,55.9,5.23,1554.0,0,0
101028,CAEX-044,2026-04-09,A,dia,6,395.0,246.8,87.9,51.9,5.22,1792.0,0,0
101817,CAEX-034,2026-07-08,A,noche,5,174.0,258.8,96.5,53.1,3.16,1981.0,0,0
105084,CAEX-030,2026-04-02,B,noche,1,125.0,327.4,93.4,61.5,5.02,1671.0,0,0
105276,CAEX-009,2026-04-28,A,dia,9,458.0,282.6,87.5,52.9,3.99,1856.0,0,0
103431,CAEX-034,2026-08-22,A,noche,5,69.0,321.1,89.0,57.4,7.48,1600.0,0,0
102831,CAEX-023,2026-05-22,C,noche,4,162.0,348.5,86.6,55.1,5.49,1703.0,1,0
105393,CAEX-015,2026-07-25,B,dia,12,124.0,338.3,89.3,48.5,7.57,1687.0,0,0
103056,CAEX-035,2026-06-07,B,noche,7,279.0,316.2,89.1,49.6,5.32,1690.0,1,0
100629,CAEX-024,2026-03-09,C,dia,6,281.0,373.0,82.9,62.5,4.88,1898.0,2,0
102374,CAEX-012,2026-05-12,C,dia,8,322.0,389.0,88.4,47.1,6.49,1580.0,1,0
105082,CAEX-005,2026-05-15,A,noche,12,367.0,290.3,102.8,45.4,4.78,1179.0,0,1
103071,CAEX-021,2026-06-23,C,dia,14,109.0,327.8,88.4,58.7,3.09,1755.0,0,0
102368,CAEX-036,2026-08-03,A,dia,10,361.0,245.0,86.0,56.6,4.51,1602.0,2,0
105186,CAEX-010,2026-04-01,B,noche,9,290.0,323.9,95.8,46.8,6.02,1642.0,0,0
101293,CAEX-027,2026-04-09,B,dia,1,80.0,291.2,88.4,61.8,6.9,1780.0,0,0
105133,CAEX-013,2026-07-06,B,dia,2,195.0,324.8,91.5,67.2,3.62,1519.0,0,0
102815,CAEX-047,2026-03-05,A,noche,5,281.0,311.6,92.4,47.7,3.68,1817.0,1,0
103151,CAEX-037,2026-03-19,A,noche,2,242.0,278.4,89.5,53.2,5.45,1972.0,1,1
102827,CAEX-036,2026-07-20,A,dia,10,153.0,270.8,84.8,60.8,7.4,1643.0,0,0
103853,CAEX-017,2026-08-02,B,noche,9,420.0,310.7,93.9,46.7,4.89,1594.0,1,0
102615,CAEX-005,2026-05-19,A,noche,12,191.0,274.4,83.2,54.0,5.0,1794.0,2,0
104049,CAEX-021,2026-03-15,C,noche,14,222.0,350.0,88.1,57.7,5.01,1519.0,0,0
105538,CAEX-045,2026-06-08,C,dia,6,534.0,369.8,82.3,53.6,6.45,1507.0,2,1
103618,CAEX-004,2026-08-07,B,noche,7,406.0,294.2,90.6,47.3,3.56,1536.0,0,0
105685,CAEX-055,2026-08-01,B,dia,10,38.0,287.1,89.3,53.9,3.05,1682.0,0,0
101655,CAEX-025,2026-08-13,C,dia,14,174.0,320.6,88.3,53.9,4.82,1606.0,0,0
100141,CAEX-020,2026-07-18,B,dia,7,164.0,350.5,85.7,59.2,2.56,1538.0,1,0
101590,CAEX-012,2026-08-23,C,noche,8,197.0,333.8,90.8,53.7,2.43,1527.0,0,0
102497,CAEX-058,2026-07-22,B,dia,3,238.0,296.5,89.2,58.0,2.34,1454.0,0,0
104038,CAEX-021,2026-05-31,C,noche,14,683.0,358.9,90.4,47.1,6.03,1941.0,1,1
105992,CAEX-019,2026-07-23,C,dia,5,354.0,397.9,90.2,44.1,3.02,1712.0,1,1
101070,CAEX-059,2026-06-29,A,dia,13,517.0,314.5,86.9,64.9,3.03,1837.0,0,0
101137,CAEX-043,2026-06-30,B,noche,6,50.0,316.8,84.8,53.3,6.97,1765.0,0,0
104326,CAEX-023,2026-04-16,C,noche,4,538.0,350.8,93.6,52.5,5.8,1986.0,1,0
101000,CAEX-002,2026-04-22,B,noche,10,493.0,346.8,86.9,49.1,3.6,1670.0,0,0
102716,CAEX-033,2026-05-28,A,dia,13,117.0,285.5,87.6,43.7,2.18,1441.0,0,0
103201,CAEX-050,2026-03-01,A,dia,1,136.0,284.7,84.8,54.9,2.31,1748.0,1,0
105568,CAEX-015,2026-03-28,B,noche,12,212.0,302.7,89.4,62.3,3.74,1681.0,0,0
100025,CAEX-028,2026-03-10,A,noche,4,118.0,287.1,85.5,61.8,3.97,1787.0,0,0
102150,CAEX-009,2026-06-23,A,noche,9,116.0,307.7,89.1,56.5,6.17,1543.0,1,0
100262,CAEX-019,2026-04-19,C,dia,5,274.0,364.6,89.4,48.0,3.16,1798.0,0,0
103911,CAEX-045,2026-03-28,C,noche,6,152.0,372.2,98.1,46.5,3.68,1534.0,1,1
103041,CAEX-042,2026-03-28,C,dia,10,290.0,343.3,97.1,48.3,7.26,1814.0,1,1
103298,CAEX-032,2026-03-24,C,dia,4,134.0,365.8,87.5,61.7,6.97,1310.0,1,0
105135,CAEX-025,2026-07-22,C,noche,14,89.0,372.1,85.2,54.6,5.85,1751.0,0,0
102423,CAEX-047,2026-04-15,A,noche,5,410.0,294.7,97.8,56.5,4.93,1240.0,1,1
103491,CAEX-009,2026-06-30,A,dia,9,175.0,310.1,87.1,52.6,5.64,1848.0,0,0
103610,CAEX-019,2026-07-03,C,dia,5,455.0,367.3,91.7,48.0,3.44,1728.0,0,0
101696,CAEX-008,2026-06-25,C,noche,11,96.0,345.2,85.8,52.5,7.77,2034.0,0,1
100009,CAEX-015,2026-03-24,B,dia,12,461.0,362.6,94.4,59.8,7.55,1470.0,1,1
101067,CAEX-052,2026-03-27,A,dia,2,652.0,296.4,88.1,52.0,6.74,1774.0,0,1
101903,CAEX-020,2026-06-01,B,dia,7,337.0,285.0,97.3,58.5,5.04,1537.0,1,0
101714,CAEX-043,2026-04-07,B,noche,6,120.0,329.0,91.4,51.7,5.98,1718.0,0,0
103062,CAEX-013,2026-04-08,B,dia,2,21.0,301.4,88.4,45.8,2.56,1543.0,0,0
100401,CAEX-006,2026-05-23,C,noche,8,405.0,309.7,86.7,45.4,3.33,1596.0,0,0
105191,CAEX-048,2026-07-28,A,noche,3,254.0,277.8,99.9,54.4,4.57,1560.0,1,1
105437,CAEX-048,2026-05-06,A,dia,3,160.0,251.8,80.6,49.9,2.22,1760.0,1,0
101995,CAEX-014,2026-03-05,C,dia,8,77.0,330.8,83.0,51.2,4.28,1805.0,0,0
101540,CAEX-032,2026-03-15,C,dia,4,319.0,337.9,96.9,48.1,6.58,1402.0,1,0
105580,CAEX-001,2026-04-20,C,dia,7,236.0,322.9,101.2,49.8,6.21,1605.0,0,1
104135,CAEX-046,2026-06-03,C,noche,12,56.0,348.6,90.9,56.5,4.81,1639.0,0,0
100865,CAEX-043,2026-07-30,B,dia,6,416.0,338.5,89.0,49.4,3.49,1947.0,1,0
105836,CAEX-007,2026-08-01,C,noche,2,494.0,375.9,92.5,57.7,4.95,1885.0,0,0
102434,CAEX-036,2026-06-08,A,dia,10,279.0,286.2,95.4,58.7,3.09,1544.0,0,0
105703,CAEX-051,2026-06-21,A,dia,2,364.0,283.6,88.0,51.4,5.15,1659.0,2,0
104304,CAEX-004,2026-04-22,B,noche,7,341.0,308.5,85.5,54.9,5.7,1517.0,0,0
103329,CAEX-004,2026-07-25,B,noche,7,201.0,321.0,96.4,49.2,4.36,1990.0,2,1
103102,CAEX-046,2026-04-06,C,dia,12,117.0,324.7,85.3,56.3,6.1,1653.0,0,0
103363,CAEX-006,2026-04-16,C,dia,8,118.0,396.7,85.4,59.8,2.63,1285.0,0,0
102569,CAEX-025,2026-08-17,C,dia,14,343.0,374.2,89.7,56.0,5.08,1636.0,0,0
104503,CAEX-042,2026-07-04,C,dia,10,215.0,360.1,99.3,44.8,4.8,1567.0,1,0
100891,CAEX-041,2026-04-23,B,noche,14,67.0,292.2,84.2,59.0,6.14,1877.0,1,0
104855,CAEX-002,2026-05-26,B,dia,10,220.0,299.7,96.5,45.0,9.2,1868.0,0,1
100699,CAEX-033,2026-06-16,A,dia,13,162.0,304.7,85.7,47.0,3.66,1779.0,0,0
104140,CAEX-003,2026-04-24,C,dia,10,330.0,336.6,96.0,61.5,4.03,1790.0,1,0
100294,CAEX-029,2026-08-19,A,dia,12,427.0,285.3,85.5,50.8,2.66,1698.0,1,0
104056,CAEX-003,2026-07-17,C,dia,10,52.0,366.4,88.1,45.7,3.55,1548.0,2,0
102725,CAEX-040,2026-06-17,B,dia,11,273.0,312.7,99.2,39.3,5.32,1722.0,0,1
102298,CAEX-011,2026-06-05,A,dia,8,468.0,296.8,90.1,48.0,4.74,1365.0,1,1
103789,CAEX-036,2026-04-14,A,noche,10,372.0,283.9,95.0,53.7,5.44,1527.0,2,0
104042,CAEX-032,2026-03-31,C,dia,4,44.0,361.2,,62.5,3.5,1479.0,2,0
101113,CAEX-027,2026-04-20,B,dia,1,58.0,298.4,83.6,54.7,3.41,1489.0,2,0
100632,CAEX-053,2026-07-25,C,noche,11,403.0,331.8,82.0,53.6,4.22,1633.0,0,0
100213,CAEX-023,2026-04-16,C,dia,4,107.0,365.3,89.8,61.9,3.18,1423.0,0,0
104055,CAEX-016,2026-07-25,A,noche,5,345.0,282.1,96.2,49.8,4.0,1606.0,1,0
105547,CAEX-032,2026-07-03,C,dia,4,77.0,355.5,88.3,62.5,4.4,2154.0,2,1
101610,CAEX-046,2026-08-14,C,dia,12,301.0,388.8,89.3,45.1,4.8,1934.0,1,1
105943,CAEX-049,2026-08-06,B,noche,5,298.0,374.5,93.3,51.1,5.4,1577.0,1,0
104414,CAEX-044,2026-08-26,A,noche,6,250.0,323.1,86.5,46.5,5.56,1389.0,0,0
102377,CAEX-048,2026-08-09,A,noche,3,180.0,287.0,92.4,58.3,3.09,1712.0,0,0
100199,CAEX-023,2026-06-12,C,noche,4,37.0,354.5,88.6,53.6,2.91,1661.0,1,0
105475,CAEX-015,2026-07-10,B,noche,12,255.0,311.1,84.4,60.8,4.05,1934.0,0,0
103782,CAEX-052,2026-08-11,A,dia,2,75.0,288.8,83.7,58.6,2.54,1648.0,0,0
105973,CAEX-040,2026-07-05,B,dia,11,688.0,338.0,92.4,60.6,5.03,1746.0,1,0
105361,CAEX-018,2026-07-25,A,noche,1,70.0,260.2,88.7,63.8,4.01,1835.0,0,0
105202,CAEX-057,2026-06-07,B,noche,11,369.0,324.2,87.3,41.1,2.64,1695.0,2,0
103945,CAEX-048,2026-08-11,A,dia,3,62.0,287.1,85.2,53.0,3.03,1882.0,0,0
101935,CAEX-045,2026-04-25,C,noche,6,176.0,403.2,85.2,47.7,4.98,1483.0,2,0
103536,CAEX-018,2026-06-22,A,dia,1,84.0,291.6,80.2,52.3,2.91,1817.0,1,0
100571,CAEX-058,2026-07-09,B,noche,3,300.0,333.7,82.5,57.5,3.81,1616.0,1,0
103142,CAEX-010,2026-07-02,B,dia,9,358.0,329.3,97.3,53.3,5.76,1555.0,1,0
103729,CAEX-012,2026-06-21,C,noche,8,260.0,397.0,87.3,47.5,4.84,1483.0,1,0
102632,CAEX-018,2026-06-16,A,dia,1,31.0,280.5,79.6,61.4,5.25,1613.0,1,0
100296,CAEX-048,2026-04-21,A,noche,3,152.0,285.5,90.2,52.2,3.17,1590.0,0,0
103172,CAEX-057,2026-03-26,B,noche,11,591.0,287.9,95.9,49.2,2.69,1497.0,2,1
102877,CAEX-049,2026-07-30,B,noche,5,147.0,313.4,81.9,61.1,2.3,1622.0,1,0
105971,CAEX-001,2026-03-23,C,noche,7,268.0,383.1,91.6,65.6,3.91,1569.0,0,0
105659,CAEX-017,2026-04-13,B,noche,9,110.0,322.9,83.3,63.9,4.99,1798.0,0,0
104572,CAEX-009,2026-07-01,A,noche,9,136.0,255.5,98.3,51.1,5.11,1593.0,2,0
104349,CAEX-027,2026-07-29,B,noche,1,234.0,320.6,93.0,53.0,4.76,1899.0,0,0
103311,CAEX-007,2026-04-10,C,noche,2,45.0,348.4,76.1,56.7,2.36,1423.0,0,0
101205,CAEX-024,2026-06-21,C,dia,6,241.0,325.9,82.3,47.0,3.23,1482.0,0,0
104838,CAEX-032,2026-07-20,C,noche,4,244.0,323.7,94.9,61.4,3.31,1855.0,1,0
100568,CAEX-019,2026-03-30,C,noche,5,164.0,326.6,90.4,49.1,4.29,1466.0,0,0
102447,CAEX-059,2026-07-20,A,noche,13,163.0,277.5,99.2,50.4,4.92,1839.0,0,0
103001,CAEX-014,2026-08-01,C,dia,8,877.0,325.8,92.2,45.5,4.84,1708.0,3,1
102440,CAEX-057,2026-06-21,B,dia,11,400.0,285.8,87.4,44.7,3.19,1945.0,0,1
104610,CAEX-036,2026-05-18,A,dia,10,182.0,315.4,89.2,62.1,2.11,1827.0,1,0
104910,CAEX-032,2026-06-08,C,dia,4,404.0,309.9,90.7,53.0,5.65,1632.0,0,0
102086,CAEX-006,2026-05-16,C,dia,8,241.0,327.5,99.6,66.1,4.56,1843.0,2,1
102510,CAEX-059,2026-07-10,A,dia,13,298.0,313.5,107.8,56.4,4.6,1566.0,1,1
103624,CAEX-002,2026-04-21,B,noche,10,168.0,301.6,,63.5,4.92,1213.0,1,1
104704,CAEX-010,2026-07-25,B,dia,9,320.0,302.6,87.2,55.2,2.16,1756.0,1,0
105066,CAEX-014,2026-06-24,C,dia,8,353.0,358.0,94.0,46.2,4.59,1434.0,0,0
101646,CAEX-055,2026-08-03,B,noche,10,71.0,320.8,86.2,42.8,4.2,1554.0,1,0
103816,CAEX-021,2026-05-24,C,dia,14,308.0,363.5,100.2,,3.65,1243.0,0,1
105683,CAEX-035,2026-06-24,B,noche,7,74.0,307.7,79.5,53.7,4.27,1395.0,0,0
100751,CAEX-033,2026-03-17,A,dia,13,297.0,287.7,82.4,45.7,3.27,1603.0,0,0
101162,CAEX-009,2026-05-04,A,dia,9,740.0,309.3,97.6,48.8,3.03,1581.0,2,1
104002,CAEX-022,2026-05-14,A,dia,4,201.0,295.8,83.2,59.6,4.29,1732.0,0,0
102075,CAEX-018,2026-07-24,A,noche,1,249.0,289.4,83.2,49.7,4.25,1742.0,0,0
100278,CAEX-039,2026-06-25,A,dia,8,56.0,275.3,86.2,54.9,4.56,1673.0,1,0
104255,CAEX-036,2026-06-18,A,dia,10,180.0,289.7,83.3,61.2,3.86,1582.0,0,0
101147,CAEX-041,2026-04-14,B,noche,14,167.0,319.4,81.1,63.4,4.05,1688.0,0,0
100295,CAEX-039,2026-04-13,A,noche,8,168.0,313.1,92.2,54.5,4.76,1518.0,0,1
100978,CAEX-052,2026-07-13,A,noche,2,53.0,290.9,89.7,63.4,6.91,1727.0,0,0
104356,CAEX-031,2026-08-04,B,dia,12,382.0,308.3,85.6,56.4,5.25,1283.0,0,0
101762,CAEX-016,2026-08-19,A,noche,5,179.0,275.7,92.4,60.3,3.67,1528.0,0,0
103019,CAEX-059,2026-03-03,A,dia,13,607.0,264.3,,41.4,3.33,1942.0,0,1
101169,CAEX-045,2026-08-14,C,noche,6,281.0,357.4,98.7,53.3,4.49,1615.0,1,0
103518,CAEX-025,2026-03-25,C,dia,14,82.0,364.5,79.3,58.3,4.31,1474.0,0,0
102315,CAEX-026,2026-04-26,A,dia,12,362.0,292.9,93.2,44.5,9.54,1731.0,0,1
103325,CAEX-002,2026-03-06,B,dia,10,282.0,306.6,86.9,50.1,6.06,1391.0,0,0
103546,CAEX-060,2026-04-18,A,dia,8,20.0,275.7,91.3,48.3,4.28,1342.0,1,0
104669,CAEX-010,2026-08-14,B,dia,9,78.0,295.6,87.0,,8.52,1440.0,0,0
101370,CAEX-001,2026-07-21,C,noche,7,216.0,335.9,92.0,55.2,4.23,1298.0,0,1
104854,CAEX-009,2026-04-01,A,noche,9,229.0,306.0,95.3,54.2,3.87,1730.0,0,0
100905,CAEX-013,2026-06-06,B,dia,2,340.0,342.9,82.9,53.2,1.91,1459.0,1,0
104164,CAEX-016,2026-06-21,A,noche,5,368.0,290.4,93.1,49.7,6.42,1418.0,0,0
102586,CAEX-033,2026-04-10,A,noche,13,212.0,256.0,94.7,47.2,4.34,1919.0,0,0
105079,CAEX-041,2026-06-24,B,noche,14,27.0,312.1,77.4,41.3,4.17,2137.0,1,1
104952,CAEX-024,2026-04-14,C,dia,6,457.0,403.2,94.3,43.7,4.59,1733.0,1,1
101315,CAEX-025,2026-08-02,C,dia,14,136.0,355.2,80.3,55.2,4.59,1552.0,0,0
104086,CAEX-060,2026-04-09,A,noche,8,108.0,276.6,80.8,56.0,2.46,1657.0,0,0
103916,CAEX-033,2026-07-28,A,noche,13,399.0,257.8,89.4,51.9,2.94,1853.0,0,1
101727,CAEX-018,2026-07-14,A,noche,1,468.0,256.9,95.0,61.8,6.0,1416.0,1,1
102358,CAEX-030,2026-07-21,B,noche,1,192.0,322.3,86.8,50.9,6.24,1607.0,0,0
104885,CAEX-031,2026-07-25,B,noche,12,271.0,322.1,87.8,51.7,2.49,1580.0,3,0
105274,CAEX-048,2026-06-26,A,noche,3,15.0,269.5,92.4,60.5,4.55,1686.0,0,0
105241,CAEX-049,2026-06-06,B,noche,5,205.0,315.9,84.7,53.8,2.89,1727.0,0,0
105065,CAEX-022,2026-06-07,A,dia,4,273.0,271.2,77.6,,4.68,1761.0,1,0
104431,CAEX-006,2026-05-04,C,noche,8,244.0,391.0,80.6,53.1,3.04,1733.0,0,0
105824,CAEX-036,2026-03-22,A,dia,10,180.0,261.2,81.6,52.9,3.87,1592.0,1,0
101398,CAEX-048,2026-05-02,A,noche,3,198.0,256.7,81.9,66.4,2.0,1783.0,0,0
101245,CAEX-016,2026-08-20,A,noche,5,20.0,313.6,77.1,57.3,4.69,1638.0,0,0
100834,CAEX-019,2026-05-29,C,noche,5,131.0,344.6,93.9,52.4,2.81,1577.0,1,0
100150,CAEX-034,2026-06-17,A,noche,5,144.0,269.5,90.8,53.3,4.1,1728.0,0,0
103648,CAEX-033,2026-08-17,A,noche,13,218.0,264.7,78.7,49.8,4.46,1658.0,0,0
102349,CAEX-006,2026-08-15,C,noche,8,129.0,359.2,84.2,62.8,7.65,1721.0,0,0
105913,CAEX-011,2026-07-27,A,dia,8,129.0,282.5,89.0,57.4,6.85,1478.0,1,0
100185,CAEX-007,2026-07-25,C,dia,2,324.0,358.8,95.5,63.1,4.41,1664.0,1,0
100888,CAEX-039,2026-03-30,A,dia,8,108.0,252.6,96.8,54.0,,1637.0,0,0
100921,CAEX-029,2026-05-22,A,dia,12,181.0,275.1,83.2,44.2,4.03,1671.0,0,0
101488,CAEX-041,2026-05-24,B,noche,14,224.0,349.6,88.1,63.3,5.38,1735.0,1,0
102927,CAEX-052,2026-05-25,A,noche,2,300.0,271.2,104.1,53.9,5.08,1687.0,1,1
103635,CAEX-023,2026-06-01,C,noche,4,148.0,334.3,80.7,54.4,5.37,1954.0,2,0
105039,CAEX-004,2026-04-22,B,noche,7,379.0,354.8,95.5,58.2,9.79,1951.0,0,1
105215,CAEX-033,2026-06-14,A,dia,13,828.0,282.7,93.3,46.5,3.77,1681.0,3,0
100673,CAEX-058,2026-06-30,B,dia,3,445.0,331.1,91.4,56.1,3.65,1389.0,1,0
101909,CAEX-019,2026-07-14,C,dia,5,32.0,336.7,85.0,55.0,,1464.0,0,0
102109,CAEX-057,2026-06-01,B,noche,11,131.0,338.4,91.8,54.5,5.14,1961.0,1,1
102036,CAEX-024,2026-07-10,C,noche,6,427.0,335.9,86.7,44.4,6.04,1688.0,0,0
102232,CAEX-003,2026-07-14,C,dia,10,443.0,356.7,94.1,60.5,3.16,1814.0,1,0
100265,CAEX-031,2026-03-07,B,dia,12,175.0,257.0,94.3,49.5,3.17,1534.0,0,0
103300,CAEX-047,2026-06-23,A,dia,5,80.0,270.8,86.7,57.2,3.35,1752.0,1,0
102505,CAEX-031,2026-07-01,B,noche,12,472.0,319.8,89.1,45.1,2.47,1391.0,1,0
105431,CAEX-017,2026-05-01,B,dia,9,592.0,317.3,92.6,39.0,6.54,1745.0,1,1
101412,CAEX-021,2026-06-26,C,noche,14,327.0,314.5,92.9,55.4,4.26,1627.0,0,1
105665,CAEX-053,2026-03-26,C,dia,11,142.0,349.8,,59.9,3.36,1678.0,0,0
104902,CAEX-031,2026-08-21,B,dia,12,430.0,339.9,90.5,53.2,5.98,1754.0,1,0
100210,CAEX-010,2026-06-25,B,dia,9,212.0,313.9,92.9,63.6,5.21,1646.0,0,0
105691,CAEX-048,2026-04-11,A,dia,3,111.0,278.6,88.4,57.8,2.77,1563.0,0,0
102251,CAEX-008,2026-03-16,C,noche,11,435.0,365.1,89.4,37.7,1.99,1647.0,0,1
102396,CAEX-020,2026-04-08,B,dia,7,42.0,326.4,88.3,57.0,4.13,1360.0,1,0
105248,CAEX-009,2026-07-02,A,noche,9,157.0,265.4,82.8,59.1,4.4,2185.0,0,1
101501,CAEX-057,2026-05-04,B,noche,11,216.0,307.6,,50.2,3.57,1750.0,0,0
102292,CAEX-006,2026-03-31,C,noche,8,171.0,372.2,87.5,43.9,2.9,1376.0,0,0
101085,CAEX-015,2026-06-02,B,noche,12,277.0,309.7,89.7,50.2,2.65,1349.0,0,0
101268,CAEX-058,2026-05-17,B,dia,3,300.0,301.0,96.0,48.3,4.62,2027.0,1,0
101110,CAEX-038,2026-03-10,B,noche,8,201.0,332.4,90.5,,3.82,1665.0,1,0
103548,CAEX-032,2026-07-18,C,dia,4,20.0,302.0,88.5,50.5,5.09,1508.0,1,0
102750,CAEX-040,2026-04-01,B,noche,11,227.0,334.7,91.2,47.1,3.8,2070.0,0,1
103455,CAEX-058,2026-07-08,B,dia,3,252.0,291.5,86.3,56.5,3.01,1838.0,2,0
104601,CAEX-051,2026-04-08,A,dia,2,523.0,282.0,89.5,50.4,4.63,1863.0,1,0
102883,CAEX-023,2026-06-24,C,noche,4,494.0,349.1,91.2,59.5,3.88,1798.0,1,0
103438,CAEX-025,2026-05-18,C,noche,14,43.0,339.6,92.1,47.3,5.64,1750.0,0,0
103323,CAEX-019,2026-04-14,C,noche,5,352.0,389.5,104.6,52.8,6.97,1588.0,0,1
100810,CAEX-048,2026-03-24,A,noche,3,216.0,273.7,105.7,55.5,2.34,1484.0,0,1
103171,CAEX-010,2026-07-01,B,dia,9,229.0,309.4,86.1,62.4,3.71,1405.0,0,0
103029,CAEX-026,2026-05-05,A,dia,12,128.0,309.9,89.9,52.8,3.63,1646.0,1,0
102876,CAEX-029,2026-07-01,A,noche,12,260.0,305.4,85.9,66.1,5.57,1789.0,1,0
103255,CAEX-015,2026-05-15,B,dia,12,57.0,290.3,84.8,58.1,3.31,1417.0,2,0
103976,CAEX-012,2026-03-27,C,dia,8,176.0,344.9,97.6,57.6,3.32,1728.0,2,0
103030,CAEX-015,2026-07-04,B,noche,12,90.0,300.9,77.1,52.9,4.1,1580.0,0,0
105921,CAEX-013,2026-07-07,B,dia,2,408.0,312.1,93.2,44.7,4.35,1562.0,0,0
105604,CAEX-059,2026-06-14,A,noche,13,654.0,298.4,99.2,61.5,5.68,1572.0,1,1
100052,CAEX-052,2026-06-22,A,noche,2,22.0,292.4,90.8,50.1,4.38,1770.0,0,0
105748,CAEX-036,2026-04-25,A,noche,10,211.0,269.9,88.8,51.7,4.93,1412.0,1,0
104466,CAEX-025,2026-08-03,C,dia,14,106.0,323.5,88.6,55.2,4.05,1691.0,0,0
103155,CAEX-005,2026-08-16,A,dia,12,44.0,250.7,96.0,54.5,3.37,1653.0,1,0
101970,CAEX-052,2026-03-06,A,noche,2,249.0,283.1,82.2,50.6,3.2,1739.0,0,0
102714,CAEX-055,2026-05-08,B,noche,10,139.0,337.2,79.4,55.0,5.56,1817.0,0,0
101363,CAEX-006,2026-05-06,C,dia,8,82.0,341.4,82.3,58.8,4.56,1721.0,0,0
101515,CAEX-010,2026-06-23,B,dia,9,150.0,331.4,78.3,52.1,2.83,1537.0,1,0
102153,CAEX-017,2026-07-07,B,dia,9,158.0,298.2,87.1,52.1,4.67,1538.0,1,0
105300,CAEX-035,2026-05-08,B,noche,7,257.0,371.7,91.0,44.3,4.04,1515.0,0,1
100113,CAEX-058,2026-03-07,B,dia,3,293.0,308.9,90.7,45.2,2.81,1692.0,0,0
105141,CAEX-019,2026-07-12,C,dia,5,309.0,382.1,89.8,48.6,7.03,1659.0,0,0
100169,CAEX-011,2026-05-26,A,noche,8,139.0,246.4,86.2,58.8,3.71,1568.0,0,0
102323,CAEX-046,2026-04-20,C,noche,12,137.0,361.0,90.2,54.1,5.67,1771.0,1,0
105370,CAEX-046,2026-04-10,C,noche,12,241.0,335.6,90.3,51.5,4.05,1874.0,1,0
104639,CAEX-033,2026-05-30,A,noche,13,256.0,265.9,101.7,63.3,5.13,1705.0,0,1
105281,CAEX-054,2026-03-28,B,dia,11,130.0,319.8,82.9,,6.01,1357.0,1,0
102603,CAEX-046,2026-03-22,C,dia,12,206.0,346.9,94.0,54.6,7.02,1821.0,0,0
104890,CAEX-058,2026-07-30,B,noche,3,115.0,320.0,87.8,52.8,6.69,1943.0,0,0
104257,CAEX-040,2026-04-30,B,dia,11,240.0,306.4,95.7,48.3,2.3,1737.0,2,0
101246,CAEX-049,2026-08-26,B,dia,5,376.0,308.8,83.4,47.7,5.25,1906.0,1,1
101355,CAEX-049,2026-04-10,B,dia,5,404.0,335.2,92.4,58.1,6.77,1723.0,1,0
103759,CAEX-044,2026-06-20,A,dia,6,165.0,269.9,89.4,55.0,2.79,1764.0,1,0
104236,CAEX-027,2026-08-15,B,dia,1,345.0,339.2,88.4,46.4,3.92,1972.0,0,0
101158,CAEX-018,2026-05-08,A,dia,1,215.0,302.6,87.6,51.3,1.96,1848.0,0,0
103538,CAEX-016,2026-03-05,A,noche,5,250.0,298.1,92.5,55.8,4.85,1764.0,2,0
105797,CAEX-056,2026-06-05,C,dia,7,21.0,400.7,85.1,58.6,3.54,1788.0,0,0
103327,CAEX-051,2026-04-05,A,noche,2,448.0,312.0,100.0,45.9,2.76,1290.0,1,1
104658,CAEX-005,2026-03-27,A,dia,12,160.0,311.9,84.9,60.1,6.37,1593.0,1,0
101116,CAEX-031,2026-05-10,B,dia,12,115.0,321.9,80.7,59.6,3.79,1717.0,2,0
102484,CAEX-030,2026-08-17,B,noche,1,312.0,317.2,73.0,51.9,4.96,1579.0,0,0
100854,CAEX-019,2026-06-18,C,noche,5,417.0,336.7,92.6,51.4,5.28,1807.0,1,0
104641,CAEX-033,2026-08-09,A,noche,13,94.0,261.8,90.7,65.9,4.72,1646.0,0,0
104436,CAEX-026,2026-04-23,A,noche,12,121.0,289.5,85.3,58.4,4.68,1887.0,0,0
105527,CAEX-025,2026-08-20,C,noche,14,260.0,335.5,91.0,61.9,4.62,1544.0,1,0
102259,CAEX-051,2026-04-16,A,dia,2,38.0,313.3,83.8,50.7,2.97,1978.0,1,0
103900,CAEX-046,2026-07-16,C,noche,12,428.0,356.9,85.5,61.4,,1538.0,0,0
100054,CAEX-046,2026-03-29,C,dia,12,122.0,333.9,94.1,63.8,3.92,1750.0,2,0
104062,CAEX-017,2026-06-21,B,dia,9,316.0,291.2,82.5,54.9,2.74,1672.0,0,0
105441,CAEX-002,2026-07-25,B,noche,10,206.0,359.1,85.3,56.4,5.6,1474.0,0,0
102178,CAEX-014,2026-06-26,C,noche,8,158.0,389.0,87.5,52.9,3.01,1573.0,0,0
105479,CAEX-032,2026-06-02,C,noche,4,514.0,356.1,87.6,40.3,3.75,1734.0,1,0
105536,CAEX-026,2026-06-01,A,noche,12,343.0,281.0,88.0,54.0,4.45,1912.0,3,0
103701,CAEX-052,2026-05-11,A,noche,2,52.0,282.9,80.6,47.8,3.55,1693.0,1,0
102553,CAEX-056,2026-05-09,C,noche,7,292.0,363.0,96.7,59.9,4.2,1361.0,2,1
104895,CAEX-009,2026-04-09,A,dia,9,290.0,242.1,87.1,59.4,4.11,1425.0,0,0
102842,CAEX-008,2026-06-15,C,noche,11,156.0,336.9,77.8,44.4,5.87,1382.0,2,1
101213,CAEX-060,2026-04-21,A,noche,8,290.0,262.1,88.3,52.0,2.9,1808.0,1,0
104264,CAEX-028,2026-06-09,A,noche,4,184.0,252.1,84.7,57.1,5.13,1619.0,1,0
103146,CAEX-047,2026-05-21,A,noche,5,497.0,266.1,96.2,49.0,5.92,1786.0,3,0
104449,CAEX-046,2026-07-03,C,noche,12,119.0,331.4,73.9,53.0,5.34,1608.0,0,0
105347,CAEX-036,2026-05-01,A,dia,10,153.0,296.5,96.0,59.4,5.17,1745.0,0,0
103849,CAEX-042,2026-07-14,C,dia,10,94.0,324.2,88.9,57.6,4.15,1577.0,0,0
103995,CAEX-025,2026-08-25,C,dia,14,329.0,349.1,92.6,44.9,2.32,1659.0,1,0
105745,CAEX-055,2026-08-25,B,dia,10,172.0,344.2,87.1,54.6,5.92,1292.0,1,1
104586,CAEX-010,2026-07-20,B,dia,9,349.0,321.7,87.1,,4.51,1732.0,0,0
103592,CAEX-020,2026-07-31,B,dia,7,118.0,353.5,79.7,61.9,3.31,1682.0,0,0
105724,CAEX-047,2026-05-22,A,noche,5,551.0,256.5,97.8,46.9,5.84,1550.0,0,0
102766,CAEX-007,2026-06-25,C,dia,2,252.0,337.3,95.0,51.5,4.26,1650.0,0,0
100516,CAEX-016,2026-06-15,A,noche,5,366.0,243.1,94.2,47.7,4.05,1699.0,0,0
105757,CAEX-010,2026-05-02,B,noche,9,454.0,323.1,88.9,60.6,3.74,1310.0,0,0
102710,CAEX-012,2026-03-20,C,dia,8,557.0,352.4,90.2,53.4,4.32,1949.0,1,0
100357,CAEX-028,2026-05-02,A,dia,4,222.0,256.8,83.1,54.6,2.8,1493.0,1,1
105520,CAEX-023,2026-07-20,C,noche,4,367.0,386.7,95.7,52.8,6.58,1785.0,1,1
102711,CAEX-009,2026-08-10,A,noche,9,477.0,239.3,95.1,48.7,3.62,1723.0,2,0
100530,CAEX-028,2026-05-29,A,dia,4,350.0,269.6,,53.4,2.85,1896.0,0,0
103321,CAEX-004,2026-08-13,B,dia,7,261.0,327.5,95.5,53.4,4.63,1522.0,0,0
100060,CAEX-038,2026-04-19,B,dia,8,506.0,343.2,93.2,51.2,3.53,1566.0,3,1
100949,CAEX-034,2026-04-22,A,noche,5,625.0,283.1,93.0,58.3,4.98,1548.0,2,0
104697,CAEX-025,2026-03-09,C,dia,14,73.0,339.7,85.7,42.1,4.95,1772.0,2,0
100282,CAEX-009,2026-05-19,A,noche,9,99.0,251.5,90.5,43.5,4.45,1597.0,1,0
103349,CAEX-012,2026-03-30,C,dia,8,210.0,356.9,86.2,57.9,3.55,1996.0,0,0
101630,CAEX-058,2026-05-07,B,dia,3,406.0,310.7,94.3,51.3,2.93,1641.0,0,0
102783,CAEX-059,2026-08-07,A,dia,13,328.0,293.5,84.6,50.6,2.51,1442.0,1,0
104181,CAEX-001,2026-05-20,C,noche,7,442.0,346.9,91.1,60.4,4.04,1878.0,2,0
105231,CAEX-002,2026-03-17,B,dia,10,65.0,340.8,92.2,58.3,5.4,1777.0,0,0
105168,CAEX-029,2026-06-07,A,dia,12,539.0,300.6,98.8,56.3,4.85,1847.0,1,1
100452,CAEX-020,2026-03-12,B,noche,7,177.0,327.8,85.1,54.0,5.02,1761.0,1,0
103576,CAEX-020,2026-07-01,B,noche,7,85.0,339.1,97.8,60.0,3.3,1634.0,0,0
102733,CAEX-029,2026-07-01,A,noche,12,738.0,293.7,97.0,42.7,7.28,1723.0,0,0
104740,CAEX-032,2026-03-12,C,noche,4,50.0,381.8,78.8,55.6,4.65,1621.0,1,0
101277,CAEX-060,2026-06-10,A,dia,8,348.0,283.4,90.8,45.3,4.83,1818.0,1,0
101284,CAEX-004,2026-08-11,B,noche,7,108.0,325.1,87.4,48.9,5.32,1800.0,0,0
104048,CAEX-037,2026-08-16,A,noche,2,284.0,284.2,90.1,58.8,3.86,1522.0,0,0
105680,CAEX-042,2026-03-09,C,dia,10,87.0,331.2,84.9,59.0,3.78,1916.0,0,0
101531,CAEX-021,2026-04-17,C,dia,14,123.0,348.0,86.8,62.4,6.03,1644.0,2,0
104034,CAEX-043,2026-03-30,B,dia,6,648.0,310.6,,57.1,4.09,1943.0,5,1
100806,CAEX-040,2026-08-02,B,noche,11,461.0,345.5,90.2,48.9,8.34,1780.0,1,0
105740,CAEX-055,2026-04-25,B,noche,10,82.0,338.5,80.5,53.0,4.87,1551.0,2,0
101530,CAEX-013,2026-06-17,B,dia,2,536.0,318.7,95.9,43.6,5.07,1622.0,0,0
102555,CAEX-027,2026-07-19,B,noche,1,220.0,340.9,89.9,56.6,5.49,1615.0,0,0
103750,CAEX-045,2026-04-12,C,dia,6,114.0,360.4,89.1,,3.31,1668.0,0,0
104799,CAEX-056,2026-06-22,C,dia,7,232.0,343.1,89.5,58.7,6.58,1657.0,0,0
100050,CAEX-011,2026-05-21,A,dia,8,27.0,295.1,85.4,61.5,3.96,1679.0,0,0
102692,CAEX-059,2026-06-11,A,dia,13,108.0,244.4,91.0,61.4,3.44,1391.0,2,0
103055,CAEX-035,2026-05-25,B,noche,7,386.0,328.5,83.1,47.3,1.65,1692.0,2,0
100802,CAEX-043,2026-06-14,B,dia,6,290.0,309.7,82.3,50.3,5.8,1614.0,0,0
105314,CAEX-013,2026-04-02,B,noche,2,69.0,310.6,79.9,45.3,2.79,2021.0,1,1
101368,CAEX-051,2026-07-26,A,noche,2,253.0,256.0,94.7,37.4,5.41,1830.0,1,1
100425,CAEX-050,2026-05-20,A,noche,1,425.0,268.9,86.2,43.6,4.31,1864.0,1,0
105827,CAEX-017,2026-06-08,B,dia,9,161.0,315.1,85.5,67.0,6.76,1845.0,1,0
100001,CAEX-057,2026-05-10,B,noche,11,139.0,319.3,86.3,44.9,5.94,1890.0,1,0
104569,CAEX-052,2026-03-13,A,dia,2,163.0,308.5,83.4,45.8,5.23,1155.0,0,1
102035,CAEX-007,2026-03-10,C,noche,2,107.0,331.2,92.7,51.1,4.8,1395.0,0,0
101270,CAEX-007,2026-07-26,C,dia,2,248.0,349.1,85.4,43.8,2.37,1562.0,0,0
100177,CAEX-010,2026-07-04,B,noche,9,333.0,335.9,94.9,64.6,6.03,1805.0,1,0
105417,CAEX-033,2026-06-02,A,dia,13,139.0,289.4,86.3,44.0,4.79,1642.0,1,0
100513,CAEX-056,2026-07-28,C,noche,7,138.0,370.4,83.3,52.3,4.57,1463.0,3,0
101287,CAEX-039,2026-06-27,A,dia,8,305.0,249.8,80.8,45.9,5.83,1711.0,3,0
101463,CAEX-027,2026-05-15,B,noche,1,206.0,334.9,89.2,62.0,6.12,1726.0,0,0
102410,CAEX-021,2026-07-24,C,noche,14,63.0,372.8,98.7,59.9,5.07,1632.0,0,0
102385,CAEX-027,2026-03-24,B,noche,1,204.0,315.9,89.5,53.7,6.22,1531.0,0,0
100767,CAEX-059,2026-05-24,A,noche,13,110.0,254.9,90.6,52.9,2.93,1670.0,0,0
101349,CAEX-002,2026-07-23,B,noche,10,205.0,313.0,78.7,56.0,5.22,1377.0,0,0
103786,CAEX-052,2026-04-25,A,noche,2,60.0,306.0,86.7,50.6,3.9,1659.0,1,0
102483,CAEX-009,2026-06-25,A,dia,9,290.0,265.4,77.9,,4.84,1472.0,0,0
101055,CAEX-039,2026-05-03,A,dia,8,324.0,298.8,77.0,51.9,3.06,1528.0,0,0
105548,CAEX-007,2026-07-11,C,noche,2,341.0,365.5,95.2,42.3,3.52,1624.0,0,1
105256,CAEX-060,2026-08-27,A,dia,8,286.0,272.3,90.2,39.5,,1594.0,0,0
102456,CAEX-002,2026-07-20,B,noche,10,291.0,332.7,89.3,41.8,3.99,1854.0,0,0
100533,CAEX-044,2026-06-10,A,dia,6,109.0,269.0,81.1,56.8,4.0,1654.0,0,0
105357,CAEX-004,2026-06-24,B,dia,7,329.0,322.2,75.4,47.1,5.8,1559.0,0,0
105386,CAEX-039,2026-05-23,A,noche,8,221.0,266.2,90.9,51.2,3.1,1709.0,0,0
105456,CAEX-036,2026-04-06,A,noche,10,425.0,282.7,89.2,54.6,5.23,1797.0,1,0
100381,CAEX-033,2026-06-23,A,dia,13,299.0,275.5,97.0,46.7,4.6,1542.0,2,1
101867,CAEX-028,2026-05-16,A,noche,4,118.0,301.9,89.0,48.9,6.28,1604.0,0,0
105473,CAEX-004,2026-05-25,B,dia,7,96.0,302.3,87.5,50.0,3.93,1738.0,0,0
103347,CAEX-008,2026-07-28,C,noche,11,421.0,325.8,84.8,44.0,4.43,2019.0,0,1
102682,CAEX-056,2026-04-25,C,noche,7,143.0,367.0,96.1,55.5,2.4,1661.0,1,0
100931,CAEX-038,2026-03-08,B,dia,8,33.0,289.8,94.1,54.2,3.51,1761.0,0,0
102627,CAEX-018,2026-06-16,A,noche,1,269.0,311.5,84.0,66.5,3.94,1707.0,0,0
102527,CAEX-043,2026-06-14,B,noche,6,78.0,302.9,91.8,46.5,5.31,1633.0,1,0
100420,CAEX-039,2026-03-05,A,noche,8,219.0,288.6,81.8,60.3,3.75,1829.0,0,0
103715,CAEX-037,2026-05-25,A,dia,2,565.0,313.2,94.9,55.5,5.25,1405.0,1,1
101481,CAEX-038,2026-06-19,B,noche,8,383.0,331.9,94.2,60.4,2.75,1656.0,0,0
101060,CAEX-003,2026-08-21,C,dia,10,256.0,348.0,86.1,49.2,5.67,1002.0,1,1
101971,CAEX-020,2026-07-25,B,dia,7,35.0,311.3,93.6,62.1,4.77,1609.0,1,0
104177,CAEX-058,2026-03-04,B,noche,3,400.0,311.3,93.8,55.8,3.33,1601.0,1,0
100074,CAEX-020,2026-06-06,B,dia,7,271.0,321.9,90.6,57.4,4.73,1777.0,2,0
103174,CAEX-044,2026-03-21,A,dia,6,460.0,271.3,93.1,45.0,4.04,1627.0,2,0
102605,CAEX-055,2026-04-17,B,dia,10,471.0,319.9,101.6,,1.88,1634.0,0,1
102881,CAEX-015,2026-06-30,B,noche,12,188.0,313.0,91.0,50.0,3.21,1523.0,2,0
101253,CAEX-011,2026-05-08,A,noche,8,60.0,307.9,91.1,65.0,3.4,1388.0,0,1
104395,CAEX-043,2026-06-18,B,dia,6,340.0,357.9,92.3,42.4,3.23,1434.0,0,1
101895,CAEX-042,2026-07-26,C,noche,10,257.0,360.4,81.7,48.9,4.03,1770.0,1,0
102599,CAEX-024,2026-03-27,C,dia,6,164.0,347.7,89.6,50.2,4.14,1510.0,0,0
101865,CAEX-017,2026-05-14,B,noche,9,192.0,317.9,79.6,51.6,8.04,1770.0,0,0
101462,CAEX-004,2026-07-17,B,noche,7,51.0,305.6,83.0,56.9,4.1,1681.0,0,0
104604,CAEX-046,2026-05-09,C,dia,12,191.0,348.7,90.6,53.2,3.87,1653.0,2,0
101182,CAEX-005,2026-07-11,A,noche,12,432.0,263.0,91.0,47.0,5.41,1389.0,1,1
105488,CAEX-050,2026-06-26,A,noche,1,201.0,301.0,86.1,51.2,3.85,1765.0,1,0
100489,CAEX-056,2026-05-21,C,noche,7,242.0,355.9,98.7,43.1,5.41,1905.0,1,1
101125,CAEX-037,2026-08-11,A,noche,2,183.0,261.9,86.7,52.0,3.15,1588.0,0,0
101258,CAEX-040,2026-08-16,B,noche,11,414.0,298.9,93.6,46.7,5.42,1790.0,0,0
101542,CAEX-045,2026-05-24,C,dia,6,242.0,319.3,95.4,52.3,4.97,1755.0,1,0
100389,CAEX-039,2026-03-29,A,noche,8,249.0,274.8,84.0,49.9,4.07,1845.0,3,0
103066,CAEX-049,2026-06-23,B,dia,5,190.0,331.3,83.3,66.5,5.49,1540.0,2,0
103920,CAEX-021,2026-08-24,C,noche,14,596.0,341.4,105.7,53.0,7.12,1789.0,0,1
104796,CAEX-049,2026-03-26,B,dia,5,185.0,290.9,86.8,50.0,2.15,1715.0,1,0
102212,CAEX-012,2026-06-02,C,noche,8,344.0,345.3,94.6,46.7,2.4,1685.0,0,0
101291,CAEX-054,2026-07-10,B,noche,11,257.0,308.0,97.6,47.3,5.86,1805.0,0,0
102511,CAEX-044,2026-05-01,A,noche,6,214.0,287.1,84.9,57.1,5.03,1487.0,0,0
102996,CAEX-034,2026-08-12,A,noche,5,197.0,262.0,87.3,56.3,2.93,1764.0,1,0
105785,CAEX-045,2026-04-15,C,dia,6,228.0,373.1,84.8,56.2,4.29,1405.0,0,0
100456,CAEX-042,2026-03-19,C,noche,10,33.0,331.1,92.2,68.8,2.24,1504.0,3,0
100816,CAEX-038,2026-07-15,B,dia,8,221.0,318.5,89.5,43.4,2.75,1566.0,0,0
101087,CAEX-004,2026-07-18,B,noche,7,254.0,313.2,92.4,62.7,4.96,1587.0,1,0
102921,CAEX-022,2026-04-09,A,dia,4,567.0,282.8,,43.7,3.99,1579.0,0,0
102639,CAEX-008,2026-07-15,C,noche,11,159.0,345.8,93.4,62.8,6.37,1789.0,1,0
103131,CAEX-031,2026-07-21,B,dia,12,312.0,290.1,89.9,65.4,3.75,1482.0,0,0
105922,CAEX-054,2026-05-17,B,dia,11,174.0,310.6,86.2,58.8,5.89,1741.0,0,0
105596,CAEX-057,2026-03-29,B,noche,11,176.0,347.1,69.3,54.4,4.67,1806.0,2,1
101280,CAEX-031,2026-07-15,B,noche,12,69.0,312.5,100.6,59.3,5.33,1367.0,1,1
104701,CAEX-023,2026-03-14,C,noche,4,246.0,347.7,84.4,55.3,3.32,1483.0,1,0
101430,CAEX-008,2026-03-04,C,noche,11,263.0,373.1,91.5,48.8,6.47,1640.0,0,0
102778,CAEX-030,2026-07-28,B,dia,1,120.0,364.8,89.6,57.3,5.21,1514.0,0,0
102223,CAEX-045,2026-03-13,C,dia,6,159.0,339.0,85.4,55.2,5.63,1488.0,0,0
100353,CAEX-010,2026-05-29,B,dia,9,193.0,336.1,90.8,62.2,2.32,1572.0,0,0
104420,CAEX-044,2026-03-17,A,dia,6,331.0,295.5,84.8,47.1,4.09,1686.0,0,0
103720,CAEX-056,2026-07-03,C,noche,7,421.0,360.6,83.2,56.6,3.68,1948.0,0,0
103390,CAEX-015,2026-08-22,B,dia,12,72.0,303.5,90.9,50.0,4.16,1637.0,1,0
103874,CAEX-049,2026-05-18,B,dia,5,462.0,357.7,85.8,49.8,3.45,1782.0,1,0
102083,CAEX-002,2026-07-19,B,dia,10,43.0,324.3,89.2,57.3,3.79,1717.0,2,0
101204,CAEX-054,2026-06-17,B,dia,11,125.0,329.2,83.2,57.8,2.44,1681.0,1,0
101406,CAEX-020,2026-03-05,B,noche,7,318.0,337.4,89.3,44.5,2.49,1552.0,0,0
105234,CAEX-054,2026-08-10,B,dia,11,588.0,333.7,90.7,57.8,4.22,1752.0,4,0
101700,CAEX-007,2026-03-17,C,dia,2,267.0,326.9,88.7,55.7,4.12,1627.0,1,0
101706,CAEX-011,2026-04-04,A,noche,8,374.0,313.9,80.0,43.7,3.36,1627.0,1,0
102914,CAEX-015,2026-08-24,B,noche,12,301.0,337.1,88.3,50.9,4.97,1543.0,4,0
104719,CAEX-046,2026-06-28,C,dia,12,417.0,317.5,80.6,42.6,2.92,1431.0,0,0
101275,CAEX-035,2026-06-18,B,dia,7,199.0,349.4,91.1,62.2,6.04,1837.0,1,0
102208,CAEX-059,2026-07-29,A,dia,13,364.0,290.2,97.3,36.5,4.29,1636.0,2,1
100164,CAEX-031,2026-06-29,B,dia,12,146.0,329.2,96.2,57.6,3.44,1732.0,0,0
102048,CAEX-056,2026-05-30,C,noche,7,537.0,364.8,93.5,44.6,3.44,1672.0,3,1
104898,CAEX-001,2026-05-06,C,dia,7,165.0,368.6,88.8,45.5,8.93,1404.0,0,1
103281,CAEX-025,2026-03-29,C,noche,14,368.0,365.2,90.8,45.9,4.03,1504.0,1,0
103361,CAEX-045,2026-03-08,C,dia,6,715.0,342.5,102.1,49.8,4.28,1757.0,0,1
103689,CAEX-014,2026-05-27,C,dia,8,185.0,342.7,73.1,56.2,3.01,1647.0,1,0
105598,CAEX-007,2026-07-30,C,noche,2,604.0,351.7,88.6,42.1,4.78,1538.0,2,1
100409,CAEX-051,2026-04-12,A,noche,2,159.0,284.2,99.3,57.2,4.39,1604.0,0,0
104239,CAEX-043,2026-07-12,B,dia,6,61.0,343.9,86.6,51.9,3.08,1580.0,1,0
104119,CAEX-003,2026-07-17,C,noche,10,379.0,315.1,86.1,47.2,4.3,1566.0,1,0
105161,CAEX-019,2026-08-22,C,dia,5,77.0,361.5,73.1,50.2,5.83,1688.0,0,0
100642,CAEX-040,2026-06-27,B,dia,11,24.0,339.1,84.0,51.9,3.76,1378.0,1,0
105831,CAEX-024,2026-03-26,C,noche,6,220.0,330.8,94.9,,4.01,1735.0,1,0
101344,CAEX-010,2026-04-28,B,noche,9,342.0,317.2,84.1,65.5,5.39,1558.0,1,0
104481,CAEX-050,2026-06-14,A,dia,1,291.0,310.1,87.5,49.7,6.88,1741.0,0,0
100889,CAEX-021,2026-06-21,C,noche,14,624.0,356.5,87.9,43.7,3.51,1441.0,0,1
101558,CAEX-006,2026-06-20,C,noche,8,70.0,353.2,78.4,,2.95,1859.0,0,0
101086,CAEX-003,2026-06-16,C,noche,10,196.0,308.9,85.7,45.2,3.47,1313.0,0,0
103928,CAEX-051,2026-03-22,A,noche,2,144.0,310.9,90.0,46.9,6.65,1443.0,0,0
100532,CAEX-032,2026-05-04,C,dia,4,317.0,327.6,99.6,53.5,5.97,1774.0,1,0
103009,CAEX-004,2026-05-12,B,dia,7,114.0,375.3,90.1,46.2,3.77,1623.0,0,0
102448,CAEX-001,2026-07-26,C,noche,7,112.0,350.5,77.4,42.1,4.19,1737.0,0,0
105977,CAEX-006,2026-08-07,C,noche,8,307.0,340.7,84.1,47.4,2.07,1775.0,0,0
102768,CAEX-030,2026-03-08,B,dia,1,109.0,340.5,87.2,65.6,2.11,1587.0,1,0
101672,CAEX-016,2026-06-09,A,dia,5,112.0,276.0,93.4,60.4,4.44,1755.0,0,0
102110,CAEX-025,2026-05-25,C,noche,14,233.0,328.1,91.9,47.8,4.56,1803.0,0,0
101149,CAEX-041,2026-05-10,B,noche,14,110.0,342.0,83.8,51.8,7.53,1616.0,0,0
103167,CAEX-037,2026-08-02,A,noche,2,101.0,291.9,81.8,55.6,4.13,1861.0,1,0
100267,CAEX-019,2026-04-21,C,dia,5,283.0,338.7,95.7,44.8,4.95,1698.0,0,0
103764,CAEX-059,2026-03-13,A,dia,13,138.0,297.6,82.5,62.0,5.04,1502.0,0,0
105910,CAEX-045,2026-06-04,C,dia,6,325.0,340.8,90.3,46.8,4.52,1757.0,1,0
103737,CAEX-005,2026-03-15,A,dia,12,391.0,246.8,84.8,52.6,2.76,1325.0,2,0
100361,CAEX-043,2026-08-16,B,noche,6,322.0,304.8,85.1,57.3,4.74,1266.0,3,0
101461,CAEX-044,2026-06-22,A,dia,6,207.0,315.8,97.0,43.9,4.44,1558.0,0,1
103422,CAEX-037,2026-05-18,A,dia,2,147.0,268.4,88.4,54.8,5.38,1620.0,0,0
100953,CAEX-048,2026-07-20,A,noche,3,70.0,283.2,87.2,47.4,3.74,1612.0,0,0
102161,CAEX-026,2026-08-07,A,dia,12,187.0,309.3,86.5,53.0,2.22,1989.0,1,0
105959,CAEX-004,2026-06-15,B,dia,7,352.0,373.3,79.8,64.1,5.46,1687.0,1,0
101575,CAEX-038,2026-03-29,B,noche,8,549.0,348.6,98.5,41.2,3.47,1642.0,0,1
105622,CAEX-024,2026-07-28,C,dia,6,186.0,347.9,89.8,42.9,2.77,1738.0,0,0
103338,CAEX-055,2026-03-12,B,dia,10,79.0,316.9,83.8,53.6,4.97,1709.0,1,0
101843,CAEX-040,2026-08-27,B,noche,11,167.0,305.3,92.9,60.9,4.74,1492.0,0,0
102209,CAEX-058,2026-08-10,B,dia,3,1048.0,354.9,92.4,43.7,4.8,1683.0,2,1
102980,CAEX-053,2026-03-14,C,dia,11,205.0,354.6,87.8,57.5,4.75,1978.0,1,0
103437,CAEX-004,2026-05-22,B,dia,7,183.0,281.4,105.0,49.7,2.94,1690.0,0,1
105041,CAEX-019,2026-06-17,C,dia,5,123.0,337.5,82.2,40.2,4.25,1673.0,1,0
100755,CAEX-027,2026-05-10,B,noche,1,167.0,349.7,90.9,56.9,4.53,1365.0,0,0
101379,CAEX-060,2026-03-19,A,noche,8,34.0,299.2,82.9,56.7,2.74,1494.0,0,0
100981,CAEX-035,2026-03-09,B,dia,7,194.0,356.2,89.1,54.7,3.26,1576.0,0,0
102101,CAEX-046,2026-06-23,C,noche,12,51.0,368.7,88.2,55.5,3.97,1667.0,1,0
100287,CAEX-010,2026-05-05,B,noche,9,561.0,314.7,,51.2,4.73,1709.0,2,0
103534,CAEX-014,2026-05-23,C,dia,8,80.0,353.6,89.5,56.9,4.76,1609.0,0,0
103089,CAEX-009,2026-07-05,A,dia,9,167.0,271.7,92.6,54.8,4.04,1988.0,0,0
101155,CAEX-033,2026-04-30,A,noche,13,148.0,264.3,77.4,62.3,3.48,2022.0,3,1
101512,CAEX-054,2026-05-31,B,dia,11,47.0,308.6,88.8,57.1,3.44,1604.0,1,0
104232,CAEX-036,2026-03-04,A,dia,10,26.0,301.9,87.0,58.8,5.58,1633.0,0,0
103262,CAEX-002,2026-05-20,B,dia,10,83.0,282.2,,51.5,4.44,1642.0,0,0
104853,CAEX-022,2026-06-20,A,noche,4,335.0,295.0,81.0,51.6,3.44,1593.0,1,0
102192,CAEX-050,2026-07-24,A,dia,1,251.0,291.6,91.1,50.6,4.05,1597.0,1,0
100212,CAEX-011,2026-05-09,A,dia,8,65.0,275.9,87.1,54.0,4.93,1650.0,0,0
105296,CAEX-032,2026-06-29,C,dia,4,346.0,342.2,90.7,46.2,3.69,1614.0,0,0
103165,CAEX-033,2026-08-26,A,noche,13,171.0,295.0,96.3,52.9,2.53,1735.0,0,0
100275,CAEX-036,2026-05-23,A,dia,10,109.0,289.8,94.1,60.5,3.82,1821.0,1,0
100089,CAEX-037,2026-04-19,A,dia,2,188.0,296.7,83.7,54.4,4.24,1704.0,1,0
102799,CAEX-017,2026-07-16,B,dia,9,389.0,339.0,93.0,58.1,2.67,1547.0,0,0
102325,CAEX-004,2026-03-28,B,dia,7,148.0,321.1,81.6,59.7,2.47,1642.0,2,0
100299,CAEX-040,2026-07-08,B,dia,11,226.0,306.2,83.5,55.8,5.07,1813.0,0,0
104664,CAEX-012,2026-05-28,C,noche,8,234.0,369.2,81.8,50.8,4.39,1566.0,0,0
103675,CAEX-029,2026-06-27,A,noche,12,262.0,263.2,85.2,45.9,6.66,1645.0,0,0
103777,CAEX-032,2026-07-17,C,dia,4,175.0,331.0,90.4,57.9,4.57,1632.0,1,0
105056,CAEX-052,2026-07-29,A,noche,2,51.0,255.0,81.5,53.4,7.39,1811.0,1,0
100316,CAEX-025,2026-07-23,C,noche,14,155.0,361.0,90.7,45.2,4.21,1727.0,0,0
105412,CAEX-035,2026-06-21,B,noche,7,72.0,301.6,83.7,57.2,5.96,1678.0,0,0
102152,CAEX-052,2026-04-14,A,dia,2,222.0,283.3,90.8,58.5,6.35,1942.0,1,0
103289,CAEX-032,2026-08-07,C,dia,4,272.0,380.7,99.6,52.3,4.31,1777.0,0,1
105969,CAEX-006,2026-03-19,C,dia,8,103.0,382.4,104.7,59.0,4.94,1650.0,0,0
102021,CAEX-022,2026-05-19,A,noche,4,16.0,262.0,85.2,53.6,7.54,1532.0,1,0
105253,CAEX-020,2026-06-01,B,dia,7,393.0,320.7,74.1,48.1,3.53,1441.0,3,0
102975,CAEX-005,2026-08-13,A,noche,12,97.0,289.9,85.9,59.6,4.45,1606.0,1,0
101276,CAEX-004,2026-04-14,B,dia,7,291.0,296.4,104.5,44.8,3.89,1635.0,0,0
102414,CAEX-006,2026-05-20,C,noche,8,325.0,332.3,85.2,52.6,2.62,1750.0,1,0
100529,CAEX-029,2026-04-06,A,noche,12,181.0,266.0,86.5,55.1,5.87,1549.0,4,0
104405,CAEX-036,2026-06-06,A,dia,10,554.0,285.3,89.0,48.9,3.75,1472.0,2,0
101506,CAEX-032,2026-06-26,C,noche,4,420.0,340.0,95.3,51.9,3.89,1928.0,1,0
103599,CAEX-060,2026-06-24,A,dia,8,332.0,307.9,92.5,59.5,5.08,1500.0,0,0
103682,CAEX-039,2026-07-15,A,dia,8,247.0,295.0,86.1,50.4,5.52,1819.0,2,0
101319,CAEX-029,2026-06-13,A,dia,12,204.0,245.8,93.0,53.3,4.48,1824.0,1,0
103381,CAEX-005,2026-06-08,A,dia,12,384.0,261.6,91.2,46.9,3.29,1867.0,0,0
103035,CAEX-034,2026-08-09,A,dia,5,195.0,318.3,84.9,48.5,5.44,1612.0,0,0
102381,CAEX-035,2026-08-22,B,dia,7,490.0,331.9,94.9,50.3,4.9,1724.0,1,0
104812,CAEX-032,2026-04-15,C,noche,4,205.0,359.8,87.9,56.0,3.68,1784.0,0,0
104312,CAEX-012,2026-06-26,C,dia,8,301.0,333.7,98.9,52.2,3.79,1535.0,3,1
101167,CAEX-052,2026-03-07,A,dia,2,66.0,282.2,82.0,55.2,4.91,1593.0,0,0
104726,CAEX-039,2026-07-13,A,dia,8,227.0,300.9,90.4,71.0,4.81,1927.0,2,0
103472,CAEX-005,2026-05-12,A,dia,12,220.0,295.1,90.3,52.9,5.67,1280.0,1,0
105109,CAEX-016,2026-04-18,A,dia,5,164.0,250.2,91.3,58.5,2.21,1360.0,0,0
105421,CAEX-021,2026-08-08,C,dia,14,489.0,313.0,89.4,66.0,3.82,1867.0,0,0
105770,CAEX-031,2026-08-22,B,dia,12,108.0,292.9,83.2,42.7,3.35,1768.0,0,0
105269,CAEX-026,2026-08-27,A,noche,12,50.0,269.8,88.2,64.7,3.25,1899.0,0,0
102872,CAEX-011,2026-06-09,A,dia,8,354.0,286.8,82.3,58.8,5.13,1519.0,1,0
101223,CAEX-018,2026-03-16,A,dia,1,46.0,299.6,83.8,60.8,6.11,1531.0,0,0
105166,CAEX-024,2026-05-05,C,noche,6,21.0,353.4,83.4,51.8,,1478.0,0,0
104256,CAEX-056,2026-03-07,C,noche,7,57.0,353.1,85.5,48.5,3.14,1716.0,0,0
101983,CAEX-025,2026-04-30,C,dia,14,164.0,336.2,90.3,50.3,4.85,1511.0,2,0
105170,CAEX-035,2026-06-01,B,dia,7,631.0,326.3,107.7,48.7,4.85,1667.0,2,1
104021,CAEX-041,2026-04-11,B,noche,14,168.0,348.4,88.1,57.0,4.59,1516.0,2,0
100372,CAEX-024,2026-07-26,C,noche,6,206.0,351.2,89.8,58.0,4.14,1488.0,1,0
103483,CAEX-059,2026-03-18,A,dia,13,439.0,316.3,83.2,47.2,2.25,1749.0,0,0
102132,CAEX-005,2026-03-02,A,noche,12,80.0,303.5,88.2,53.9,5.6,1426.0,0,0
103419,CAEX-018,2026-06-09,A,dia,1,301.0,273.2,87.1,53.8,6.0,1703.0,0,0
103425,CAEX-056,2026-05-17,C,noche,7,320.0,323.9,92.2,59.7,3.93,1700.0,0,0
101539,CAEX-025,2026-05-18,C,dia,14,108.0,326.4,80.6,56.6,5.65,1611.0,0,0
105879,CAEX-039,2026-04-07,A,noche,8,434.0,294.4,101.0,61.7,3.7,1582.0,0,1
102745,CAEX-026,2026-05-04,A,noche,12,103.0,281.0,80.4,61.3,3.49,1601.0,0,0
101554,CAEX-052,2026-06-10,A,noche,2,148.0,288.2,,49.3,6.47,1534.0,1,0
104336,CAEX-048,2026-05-16,A,dia,3,150.0,307.3,89.3,47.4,3.98,1952.0,1,0
102818,CAEX-021,2026-08-02,C,noche,14,790.0,356.6,95.2,48.7,4.71,1626.0,1,1
105904,CAEX-056,2026-03-02,C,dia,7,73.0,371.0,83.9,55.7,3.53,1735.0,0,0
100619,CAEX-019,2026-05-26,C,noche,5,491.0,352.7,82.9,46.1,3.12,1551.0,1,0
102382,CAEX-022,2026-03-02,A,noche,4,136.0,259.9,100.8,64.4,5.94,1687.0,0,0
104392,CAEX-006,2026-03-21,C,dia,8,192.0,361.2,96.1,61.9,5.79,1730.0,2,0
104527,CAEX-029,2026-06-21,A,noche,12,671.0,286.3,88.2,43.0,5.59,1624.0,0,0
104376,CAEX-013,2026-07-08,B,noche,2,236.0,372.8,94.1,60.8,8.71,1418.0,1,1
103525,CAEX-057,2026-03-14,B,dia,11,13.0,306.5,84.7,55.6,4.6,1683.0,0,0
102630,CAEX-012,2026-05-24,C,noche,8,36.0,380.5,94.2,53.6,3.76,1713.0,0,0
104124,CAEX-003,2026-03-16,C,noche,10,272.0,331.6,95.9,48.8,4.62,1411.0,1,0
105423,CAEX-001,2026-07-22,C,noche,7,278.0,347.8,83.2,49.7,3.65,1818.0,1,0
102767,CAEX-036,2026-03-14,A,noche,10,187.0,292.7,94.5,46.8,6.18,1935.0,1,0
103896,CAEX-002,2026-04-04,B,dia,10,296.0,331.8,97.1,53.5,2.99,1920.0,1,1
101657,CAEX-057,2026-05-09,B,dia,11,52.0,335.6,83.1,59.3,3.74,1674.0,0,0
104819,CAEX-041,2026-06-08,B,dia,14,68.0,298.7,89.5,55.6,5.21,1502.0,0,0
100970,CAEX-052,2026-04-28,A,dia,2,81.0,247.6,80.1,57.9,5.1,1374.0,1,0
101844,CAEX-036,2026-04-01,A,noche,10,275.0,295.8,89.4,51.4,4.26,1766.0,1,0
103025,CAEX-018,2026-06-24,A,dia,1,122.0,266.5,73.3,58.6,3.18,1554.0,0,0
103152,CAEX-052,2026-05-13,A,dia,2,217.0,303.1,93.9,62.1,2.99,1443.0,0,0
103387,CAEX-026,2026-04-09,A,noche,12,304.0,280.8,83.7,70.1,4.12,1608.0,1,0
105402,CAEX-051,2026-07-26,A,noche,2,420.0,297.4,95.4,41.4,4.23,1807.0,2,0
101212,CAEX-032,2026-05-16,C,dia,4,383.0,337.9,96.0,59.7,5.67,1626.0,4,0
105214,CAEX-050,2026-03-23,A,dia,1,173.0,298.5,89.7,55.0,3.67,1538.0,1,0
101429,CAEX-015,2026-04-19,B,dia,12,349.0,321.8,102.0,48.1,3.76,1636.0,0,1
105602,CAEX-009,2026-08-21,A,noche,9,241.0,308.2,91.6,43.0,4.45,1700.0,0,0
100427,CAEX-020,2026-08-04,B,noche,7,373.0,327.5,91.7,49.2,2.54,1776.0,1,0
104095,CAEX-002,2026-04-12,B,dia,10,272.0,297.7,95.0,69.5,6.51,1638.0,0,0
104272,CAEX-016,2026-05-19,A,dia,5,79.0,273.1,85.0,54.7,4.11,1976.0,1,0
101924,CAEX-008,2026-06-29,C,dia,11,203.0,335.5,87.6,57.4,3.52,1525.0,0,0
104690,CAEX-042,2026-07-10,C,noche,10,201.0,333.8,93.9,54.8,5.86,1430.0,1,0
103396,CAEX-042,2026-07-13,C,noche,10,108.0,356.3,88.4,58.5,4.4,1501.0,0,0
105729,CAEX-048,2026-06-03,A,noche,3,470.0,267.3,87.6,56.6,2.57,2025.0,0,0
100405,CAEX-025,2026-07-10,C,noche,14,498.0,308.4,86.6,43.8,7.88,1843.0,0,1
100492,CAEX-037,2026-05-03,A,dia,2,25.0,285.8,91.1,54.2,4.55,1653.0,0,0
105550,CAEX-025,2026-06-30,C,dia,14,282.0,332.4,87.8,49.5,3.65,1632.0,0,0
103495,CAEX-039,2026-05-12,A,dia,8,205.0,278.3,86.1,54.9,7.9,1674.0,1,0
100825,CAEX-008,2026-05-09,C,dia,11,175.0,379.9,102.8,51.5,3.85,1383.0,1,1
102543,CAEX-007,2026-07-15,C,noche,2,29.0,370.3,91.7,54.8,3.82,1536.0,0,0
103674,CAEX-022,2026-04-08,A,dia,4,74.0,306.9,87.8,52.3,2.62,1715.0,0,0
102791,CAEX-037,2026-06-19,A,dia,2,428.0,243.4,92.1,45.8,3.33,1701.0,1,0
105369,CAEX-014,2026-04-27,C,dia,8,50.0,315.3,74.8,51.7,3.97,1566.0,0,0
103516,CAEX-039,2026-06-27,A,dia,8,148.0,291.1,94.8,48.7,3.24,1338.0,0,0
105299,CAEX-006,2026-03-31,C,noche,8,228.0,358.7,99.4,51.1,3.47,1587.0,0,0
105892,CAEX-043,2026-08-05,B,dia,6,161.0,314.0,93.0,54.3,2.85,1284.0,1,0
101789,CAEX-051,2026-03-02,A,noche,2,108.0,287.5,86.4,54.3,6.24,1647.0,0,0
102188,CAEX-011,2026-05-27,A,dia,8,78.0,275.5,86.6,52.9,5.5,1757.0,1,0
102146,CAEX-050,2026-08-02,A,noche,1,668.0,292.0,95.8,38.5,3.09,1359.0,0,1
104506,CAEX-044,2026-08-04,A,noche,6,77.0,305.1,85.5,70.1,2.25,1558.0,0,0
103247,CAEX-029,2026-05-18,A,dia,12,489.0,284.4,91.1,41.7,2.71,1632.0,0,0
101842,CAEX-040,2026-04-17,B,dia,11,217.0,277.5,83.1,52.6,3.36,1360.0,0,0
101210,CAEX-055,2026-07-14,B,dia,10,283.0,328.6,84.5,44.7,4.9,1737.0,1,0
100975,CAEX-019,2026-05-16,C,noche,5,144.0,335.4,88.8,55.1,4.45,1917.0,0,0
100475,CAEX-034,2026-03-17,A,noche,5,298.0,285.6,85.6,49.9,4.64,1516.0,1,0
103312,CAEX-039,2026-03-07,A,noche,8,103.0,289.8,82.1,63.0,5.95,1778.0,0,0
100216,CAEX-053,2026-03-17,C,dia,11,131.0,348.7,80.1,55.8,4.34,1416.0,2,0
100657,CAEX-049,2026-07-07,B,dia,5,107.0,306.0,84.9,48.7,3.84,1868.0,1,0
104597,CAEX-021,2026-05-12,C,noche,14,334.0,352.1,98.0,55.1,5.14,1738.0,0,0
103236,CAEX-025,2026-05-17,C,dia,14,120.0,331.8,88.9,50.8,3.87,1566.0,1,0
102520,CAEX-008,2026-07-28,C,dia,11,289.0,345.9,97.4,56.7,5.74,1567.0,1,0
101584,CAEX-037,2026-08-12,A,noche,2,565.0,232.6,,50.5,,1455.0,1,0
104635,CAEX-045,2026-03-29,C,dia,6,518.0,338.8,85.8,51.1,5.97,1831.0,1,0
105330,CAEX-053,2026-03-16,C,dia,11,269.0,378.8,88.9,49.3,6.29,1785.0,0,0
101131,CAEX-032,2026-08-05,C,noche,4,271.0,356.9,103.6,47.9,4.48,1616.0,0,0
103039,CAEX-060,2026-03-19,A,noche,8,150.0,283.9,91.0,43.0,5.07,1530.0,1,0
102064,CAEX-007,2026-07-22,C,dia,2,69.0,360.8,87.1,57.3,3.82,1570.0,0,0
104593,CAEX-011,2026-06-28,A,dia,8,527.0,323.2,89.5,63.5,5.71,1704.0,0,0
104408,CAEX-019,2026-06-29,C,dia,5,235.0,340.2,80.2,63.6,4.56,1743.0,2,0
100132,CAEX-041,2026-04-29,B,dia,14,266.0,318.5,98.3,61.9,2.0,1814.0,1,0
104348,CAEX-006,2026-08-07,C,noche,8,110.0,355.0,83.6,55.0,7.64,1725.0,1,0
103567,CAEX-027,2026-04-13,B,noche,1,209.0,335.4,88.4,49.5,3.9,1809.0,0,0
101342,CAEX-043,2026-08-25,B,dia,6,303.0,287.3,87.2,45.0,6.3,1645.0,0,0
102185,CAEX-046,2026-08-06,C,dia,12,263.0,360.3,88.9,61.1,4.04,1757.0,0,0
105203,CAEX-024,2026-03-16,C,noche,6,44.0,356.7,75.6,57.2,2.81,1722.0,2,0
104744,CAEX-041,2026-03-20,B,noche,14,65.0,322.2,83.0,55.8,3.26,1504.0,1,0
100595,CAEX-051,2026-08-16,A,dia,2,174.0,291.1,86.9,42.8,3.31,1398.0,0,0
105505,CAEX-033,2026-06-19,A,dia,13,224.0,310.9,86.4,57.2,3.47,1598.0,0,0
100811,CAEX-021,2026-06-11,C,dia,14,74.0,317.0,86.8,45.7,3.52,1254.0,1,0
100248,CAEX-049,2026-06-15,B,noche,5,222.0,324.5,91.9,53.7,3.42,1429.0,0,0
104375,CAEX-043,2026-08-15,B,noche,6,167.0,312.2,90.2,48.4,3.89,1714.0,1,0
100030,CAEX-047,2026-06-24,A,dia,5,75.0,289.9,86.2,50.3,5.53,1720.0,0,0
101120,CAEX-002,2026-08-02,B,dia,10,50.0,325.1,74.4,56.8,3.25,1613.0,1,0
103364,CAEX-047,2026-05-11,A,dia,5,285.0,282.7,96.4,51.5,4.87,1553.0,1,0
104843,CAEX-041,2026-06-28,B,dia,14,101.0,292.2,93.0,46.7,4.86,1899.0,1,0
102793,CAEX-036,2026-04-28,A,dia,10,97.0,302.2,80.6,52.3,3.33,1619.0,0,0
104244,CAEX-028,2026-04-14,A,noche,4,155.0,290.0,88.1,57.1,4.54,1622.0,0,0
104756,CAEX-036,2026-03-26,A,noche,10,297.0,314.4,87.2,,3.83,1609.0,0,0
105200,CAEX-031,2026-08-08,B,noche,12,115.0,333.4,81.2,55.3,4.88,1565.0,0,0
101975,CAEX-043,2026-05-18,B,dia,6,118.0,342.9,87.4,53.7,4.93,1654.0,1,0
104667,CAEX-051,2026-03-06,A,noche,2,98.0,283.6,89.4,57.3,5.92,1722.0,0,0
100634,CAEX-018,2026-06-01,A,noche,1,371.0,304.3,92.0,57.6,3.45,1546.0,1,0
100047,CAEX-049,2026-06-16,B,dia,5,195.0,321.2,92.5,53.1,4.84,1747.0,1,0
105754,CAEX-020,2026-07-18,B,noche,7,160.0,308.3,84.2,53.1,5.5,1472.0,1,0
104746,CAEX-006,2026-03-20,C,noche,8,263.0,331.6,89.2,,7.16,1754.0,0,1
105345,CAEX-037,2026-05-01,A,noche,2,547.0,280.1,104.1,54.9,6.54,1742.0,1,1
100869,CAEX-041,2026-07-22,B,dia,14,236.0,273.6,91.1,51.2,3.59,1728.0,0,0
101321,CAEX-032,2026-08-02,C,dia,4,415.0,339.4,87.6,58.4,5.42,1595.0,1,0
105344,CAEX-056,2026-08-11,C,dia,7,288.0,377.6,82.5,61.7,1.53,1460.0,0,0
104924,CAEX-030,2026-03-12,B,noche,1,71.0,331.0,87.9,56.4,5.15,1514.0,3,0
101544,CAEX-044,2026-03-06,A,noche,6,214.0,284.2,90.7,56.6,1.81,1834.0,1,0
104130,CAEX-037,2026-03-12,A,noche,2,158.0,273.9,87.6,60.7,3.86,1509.0,0,0
103560,CAEX-050,2026-06-23,A,noche,1,214.0,257.5,88.2,54.5,4.74,1531.0,0,0
104218,CAEX-016,2026-07-14,A,dia,5,223.0,288.8,96.8,51.7,4.72,1527.0,2,0
102504,CAEX-049,2026-03-23,B,dia,5,105.0,379.1,80.1,48.8,3.53,1672.0,0,0
103568,CAEX-060,2026-06-14,A,dia,8,683.0,285.5,91.9,43.2,8.08,1712.0,0,1
104694,CAEX-036,2026-07-28,A,dia,10,108.0,290.8,90.8,60.4,3.08,1567.0,1,0
103059,CAEX-053,2026-06-24,C,noche,11,285.0,340.6,88.4,53.5,4.04,1764.0,0,0
100861,CAEX-043,2026-06-04,B,dia,6,291.0,332.2,91.1,61.4,3.92,1627.0,1,0
104106,CAEX-047,2026-04-27,A,dia,5,111.0,265.7,84.8,52.8,3.68,1764.0,0,0
102139,CAEX-052,2026-04-11,A,dia,2,117.0,280.5,89.3,53.9,3.18,1939.0,1,0
101985,CAEX-058,2026-04-22,B,dia,3,272.0,313.9,96.5,45.0,2.61,1545.0,1,0
104886,CAEX-042,2026-06-02,C,dia,10,84.0,344.5,92.1,60.5,4.95,1532.0,0,0
102311,CAEX-021,2026-05-15,C,noche,14,130.0,349.5,95.0,50.0,7.52,1453.0,2,1
102760,CAEX-011,2026-04-12,A,noche,8,130.0,292.6,85.3,61.0,3.88,1869.0,0,0
102532,CAEX-002,2026-07-03,B,dia,10,681.0,320.6,85.9,60.7,6.17,2024.0,1,0
100849,CAEX-034,2026-05-20,A,dia,5,38.0,281.4,81.9,51.9,5.71,1587.0,0,0
101244,CAEX-041,2026-07-15,B,noche,14,415.0,319.0,86.9,,4.57,1825.0,1,0
104714,CAEX-003,2026-07-27,C,dia,10,300.0,368.3,93.0,55.2,4.36,1717.0,0,0
104175,CAEX-029,2026-06-17,A,dia,12,278.0,239.6,88.6,54.2,5.18,1557.0,1,0
104271,CAEX-052,2026-07-22,A,dia,2,212.0,290.2,88.7,56.1,4.48,1700.0,0,0
103046,CAEX-047,2026-06-30,A,noche,5,425.0,281.3,91.2,54.1,3.58,1473.0,1,0
101181,CAEX-005,2026-03-12,A,noche,12,106.0,282.8,86.7,57.7,3.42,1759.0,0,0
103461,CAEX-044,2026-05-04,A,noche,6,141.0,286.2,89.6,51.3,3.74,1579.0,0,0
102372,CAEX-020,2026-03-08,B,noche,7,207.0,327.4,96.0,58.9,3.5,1644.0,0,0
100003,CAEX-030,2026-03-31,B,dia,1,544.0,283.1,95.0,55.8,2.55,1606.0,1,0
105912,CAEX-059,2026-05-09,A,dia,13,16.0,264.2,80.8,60.6,4.98,1871.0,1,0
101756,CAEX-010,2026-03-29,B,dia,9,147.0,308.2,83.6,43.3,4.4,1725.0,0,0
101049,CAEX-010,2026-08-12,B,dia,9,205.0,319.4,89.1,55.5,4.35,1885.0,0,0
101419,CAEX-051,2026-03-03,A,noche,2,648.0,256.1,88.3,49.5,6.61,1505.0,1,1
104492,CAEX-042,2026-07-18,C,noche,10,29.0,338.9,91.1,69.2,4.32,1506.0,0,0
105734,CAEX-010,2026-06-07,B,noche,9,514.0,376.0,86.6,53.0,5.25,1534.0,2,0
100863,CAEX-025,2026-06-18,C,dia,14,537.0,327.2,90.6,50.4,2.07,1315.0,0,0
103864,CAEX-007,2026-07-30,C,dia,2,199.0,331.5,84.5,52.1,3.22,1813.0,0,0
105290,CAEX-017,2026-03-29,B,noche,9,146.0,303.4,88.5,56.6,5.86,1682.0,0,0
105825,CAEX-029,2026-06-16,A,dia,12,271.0,281.8,97.7,43.3,2.87,1498.0,0,1
102552,CAEX-032,2026-03-22,C,dia,4,88.0,366.9,82.0,56.3,4.56,1674.0,2,0
102432,CAEX-056,2026-03-23,C,dia,7,444.0,354.7,93.8,50.8,3.84,1505.0,2,0
103798,CAEX-060,2026-08-13,A,noche,8,407.0,293.5,87.9,51.1,2.47,1542.0,1,0
100311,CAEX-056,2026-08-06,C,noche,7,421.0,360.2,93.5,58.3,4.54,1730.0,0,0
101619,CAEX-029,2026-06-07,A,noche,12,296.0,304.1,86.3,56.0,6.85,1625.0,1,0
101093,CAEX-056,2026-06-11,C,dia,7,234.0,335.6,92.0,55.1,2.17,1495.0,0,0
101941,CAEX-047,2026-05-27,A,dia,5,137.0,280.3,88.1,55.9,4.78,1406.0,0,0
103826,CAEX-058,2026-07-17,B,dia,3,630.0,329.7,97.0,50.9,3.57,1704.0,0,0
101230,CAEX-017,2026-03-11,B,dia,9,257.0,345.7,80.3,54.2,3.22,1651.0,1,0
104856,CAEX-014,2026-04-04,C,dia,8,119.0,377.2,93.4,65.5,4.35,1913.0,0,0
105864,CAEX-045,2026-08-08,C,noche,6,229.0,342.4,82.2,48.8,5.04,1802.0,0,0
101734,CAEX-047,2026-08-26,A,dia,5,255.0,270.0,85.2,48.6,5.2,1806.0,2,0
104760,CAEX-021,2026-03-18,C,dia,14,313.0,344.1,92.8,50.2,3.89,1475.0,2,0
103751,CAEX-043,2026-05-01,B,dia,6,52.0,295.1,91.0,59.7,3.43,1584.0,0,0
103064,CAEX-032,2026-08-16,C,noche,4,291.0,292.5,94.9,54.5,4.52,1451.0,0,0
102623,CAEX-060,2026-07-19,A,dia,8,530.0,286.4,83.5,48.9,2.89,1845.0,0,0
101394,CAEX-049,2026-08-20,B,dia,5,163.0,321.3,99.0,50.1,3.35,1529.0,1,0
104839,CAEX-047,2026-03-29,A,noche,5,425.0,273.6,95.2,62.6,3.23,1777.0,1,0
104563,CAEX-026,2026-05-28,A,dia,12,82.0,295.3,88.7,48.9,3.31,1689.0,0,0
104350,CAEX-034,2026-05-06,A,noche,5,374.0,273.0,81.9,61.6,3.3,1943.0,0,0
102835,CAEX-030,2026-08-02,B,noche,1,315.0,312.4,94.2,48.5,6.11,1425.0,0,0
102406,CAEX-034,2026-03-14,A,noche,5,477.0,279.9,91.5,50.6,2.86,1637.0,0,0
103010,CAEX-051,2026-04-08,A,noche,2,240.0,296.7,82.1,35.7,2.56,1526.0,1,1
104123,CAEX-009,2026-03-27,A,dia,9,435.0,265.2,96.7,56.8,2.42,1841.0,1,0
100763,CAEX-055,2026-05-30,B,dia,10,16.0,310.3,81.4,49.9,3.51,1678.0,0,0
103891,CAEX-006,2026-04-12,C,noche,8,281.0,305.1,87.7,55.9,6.49,1723.0,0,0
105324,CAEX-044,2026-05-08,A,dia,6,153.0,274.3,86.9,,5.66,1664.0,1,0
100967,CAEX-032,2026-08-08,C,dia,4,331.0,340.6,94.0,61.1,3.83,1274.0,1,0
103315,CAEX-056,2026-06-13,C,noche,7,134.0,348.3,78.9,54.8,5.72,1467.0,0,0
103442,CAEX-014,2026-06-02,C,dia,8,102.0,363.8,80.4,57.1,4.18,1603.0,0,0
100683,CAEX-008,2026-04-02,C,noche,11,676.0,362.4,99.2,49.2,4.74,1436.0,1,1
104960,CAEX-060,2026-08-06,A,noche,8,133.0,270.1,82.4,43.1,6.81,1700.0,0,0
102547,CAEX-009,2026-08-08,A,dia,9,57.0,280.9,89.1,61.7,6.24,1360.0,1,0
100992,CAEX-038,2026-07-23,B,dia,8,359.0,339.4,86.3,50.7,2.97,1795.0,1,0
100915,CAEX-020,2026-08-23,B,dia,7,95.0,343.5,87.2,45.6,3.89,1641.0,0,0
105038,CAEX-040,2026-05-17,B,dia,11,229.0,354.0,89.7,59.4,2.93,1721.0,2,0
105419,CAEX-046,2026-06-11,C,dia,12,332.0,361.8,86.1,50.9,4.66,1683.0,0,0
100186,CAEX-032,2026-05-28,C,noche,4,68.0,361.2,,49.8,3.09,1539.0,0,0
100923,CAEX-056,2026-06-25,C,dia,7,91.0,364.2,90.0,52.5,5.21,1463.0,0,0
105297,CAEX-016,2026-03-12,A,dia,5,107.0,285.0,93.7,51.8,3.41,1508.0,1,0
104171,CAEX-037,2026-08-08,A,noche,2,228.0,306.0,93.3,51.9,3.42,1481.0,2,0
103557,CAEX-023,2026-04-06,C,noche,4,148.0,349.0,94.2,59.6,3.33,1625.0,0,0
105796,CAEX-033,2026-05-08,A,noche,13,82.0,293.9,89.7,55.7,3.08,1642.0,0,0
101620,CAEX-032,2026-04-04,C,noche,4,218.0,346.8,89.7,41.2,2.4,1532.0,0,0
101831,CAEX-030,2026-06-11,B,noche,1,164.0,313.7,83.2,56.5,3.9,1609.0,1,0
102485,CAEX-013,2026-04-28,B,dia,2,257.0,357.2,90.3,63.5,4.49,1720.0,3,0
103149,CAEX-024,2026-05-18,C,dia,6,65.0,343.2,86.1,57.0,7.9,1624.0,0,0
100741,CAEX-053,2026-04-16,C,noche,11,741.0,378.0,88.8,50.0,4.99,1556.0,2,1
105340,CAEX-032,2026-03-10,C,dia,4,281.0,365.6,79.8,44.5,3.36,1933.0,1,0
100972,CAEX-031,2026-05-09,B,noche,12,172.0,317.8,90.2,54.3,3.66,1636.0,0,0
102565,CAEX-012,2026-05-13,C,noche,8,206.0,321.1,90.1,62.8,5.13,1889.0,0,0
104916,CAEX-011,2026-06-20,A,noche,8,413.0,293.2,74.4,40.5,5.11,1438.0,0,0
103963,CAEX-010,2026-05-14,B,dia,9,15.0,329.0,85.6,53.7,7.02,1604.0,1,0
101117,CAEX-016,2026-04-19,A,noche,5,270.0,268.4,86.6,56.1,2.8,1746.0,1,0
100157,CAEX-058,2026-06-06,B,noche,3,164.0,315.2,94.5,47.9,2.76,1866.0,0,0
102468,CAEX-048,2026-03-11,A,noche,3,102.0,285.5,98.5,55.8,2.52,1552.0,1,0
103861,CAEX-020,2026-06-16,B,noche,7,542.0,335.8,100.8,48.3,4.1,1598.0,3,1
100832,CAEX-048,2026-06-11,A,dia,3,377.0,274.3,84.0,42.2,1.96,1535.0,0,0
100836,CAEX-051,2026-07-24,A,dia,2,16.0,276.7,84.4,57.5,5.19,2020.0,0,0
102826,CAEX-023,2026-06-20,C,dia,4,229.0,339.9,87.5,55.6,5.18,1115.0,0,0
100503,CAEX-058,2026-07-12,B,noche,3,133.0,285.0,87.6,58.1,4.74,1633.0,0,0
100990,CAEX-056,2026-08-12,C,dia,7,33.0,359.5,99.4,60.2,3.27,1743.0,0,0
100924,CAEX-010,2026-06-08,B,dia,9,55.0,305.4,77.7,54.3,2.48,1581.0,3,0
102045,CAEX-025,2026-08-08,C,noche,14,266.0,360.0,100.6,56.8,5.65,1471.0,0,1
101981,CAEX-049,2026-03-31,B,noche,5,231.0,309.6,86.6,53.4,3.78,1634.0,0,0
100250,CAEX-043,2026-03-27,B,dia,6,118.0,334.1,86.6,64.3,6.98,1604.0,3,0
103912,CAEX-003,2026-08-27,C,dia,10,520.0,363.3,96.0,56.8,6.22,1433.0,1,1
102684,CAEX-037,2026-08-10,A,noche,2,461.0,285.3,89.3,42.7,3.66,1484.0,0,0
101347,CAEX-020,2026-04-26,B,noche,7,237.0,322.7,90.7,54.0,3.88,1789.0,0,0
105539,CAEX-001,2026-08-16,C,dia,7,296.0,348.7,,49.4,4.21,1863.0,0,0
105184,CAEX-052,2026-05-07,A,noche,2,169.0,257.7,85.7,54.8,3.94,1605.0,1,0
103654,CAEX-040,2026-07-13,B,noche,11,361.0,287.4,89.2,46.2,4.24,1784.0,0,0
100356,CAEX-010,2026-07-16,B,noche,9,321.0,327.1,92.8,48.5,3.27,1707.0,0,0
100745,CAEX-015,2026-05-02,B,dia,12,661.0,306.7,98.3,44.0,4.02,1704.0,1,1
100845,CAEX-050,2026-03-23,A,noche,1,133.0,311.6,98.3,60.4,2.56,1495.0,0,0
100724,CAEX-054,2026-06-09,B,dia,11,193.0,353.1,87.3,48.3,3.61,1408.0,1,0
101977,CAEX-027,2026-03-11,B,dia,1,131.0,313.0,92.7,50.3,4.87,1485.0,0,0
102956,CAEX-001,2026-03-07,C,noche,7,55.0,326.7,96.0,65.8,5.92,2069.0,1,1
104341,CAEX-060,2026-08-26,A,noche,8,315.0,309.9,87.8,51.4,3.08,1558.0,1,0
102215,CAEX-029,2026-03-18,A,dia,12,75.0,266.0,92.4,56.0,6.52,1714.0,0,0
105784,CAEX-017,2026-06-06,B,noche,9,250.0,350.8,84.4,61.0,3.27,1348.0,1,1
103649,CAEX-041,2026-08-04,B,noche,14,131.0,323.8,94.8,53.7,2.92,1305.0,0,0
103871,CAEX-020,2026-04-28,B,noche,7,162.0,309.9,86.0,54.6,3.66,1604.0,0,0
104489,CAEX-045,2026-05-12,C,dia,6,261.0,370.7,91.9,43.1,1.75,1810.0,0,0
103293,CAEX-045,2026-07-15,C,noche,6,92.0,371.7,91.6,46.6,3.35,1570.0,0,0
105102,CAEX-043,2026-05-10,B,dia,6,327.0,343.8,88.7,52.2,3.27,1398.0,0,0
101259,CAEX-020,2026-06-14,B,dia,7,233.0,325.2,85.1,51.3,3.9,1316.0,0,0
102989,CAEX-050,2026-06-30,A,dia,1,357.0,293.3,88.2,51.0,5.73,1667.0,1,0
100086,CAEX-035,2026-03-18,B,noche,7,94.0,331.1,82.6,47.1,4.47,1752.0,0,0
100747,CAEX-033,2026-05-09,A,noche,13,44.0,263.0,77.4,56.5,4.19,1760.0,2,0
101868,CAEX-032,2026-08-10,C,dia,4,157.0,332.9,88.6,49.2,5.01,1436.0,0,0
103899,CAEX-015,2026-08-19,B,dia,12,199.0,323.0,86.4,62.4,4.49,1952.0,0,0
105009,CAEX-050,2026-08-12,A,dia,1,316.0,273.1,90.7,59.0,8.56,1297.0,0,1
100963,CAEX-056,2026-08-27,C,dia,7,84.0,362.6,88.9,64.7,5.52,1850.0,1,0
104651,CAEX-021,2026-04-23,C,dia,14,482.0,319.2,100.8,58.0,7.18,1603.0,1,1
100266,CAEX-040,2026-07-15,B,noche,11,410.0,311.9,88.1,55.0,5.72,1729.0,1,0
102429,CAEX-032,2026-07-09,C,dia,4,203.0,380.3,89.7,45.9,4.37,1537.0,2,0
104117,CAEX-027,2026-06-14,B,dia,1,232.0,357.4,91.2,54.3,4.29,1719.0,0,0
103087,CAEX-045,2026-06-05,C,noche,6,463.0,337.2,84.8,47.7,3.85,1587.0,0,0
103140,CAEX-003,2026-03-29,C,noche,10,46.0,340.2,86.7,57.0,2.97,1863.0,1,0
102070,CAEX-026,2026-08-27,A,dia,12,735.0,292.1,103.0,58.9,4.59,1445.0,1,1
104203,CAEX-022,2026-04-07,A,noche,4,189.0,306.0,88.2,51.3,2.99,1440.0,2,0
104534,CAEX-030,2026-06-16,B,noche,1,118.0,347.7,92.0,52.4,3.62,1811.0,1,0
101801,CAEX-040,2026-08-06,B,noche,11,173.0,327.7,88.1,54.8,1.39,1902.0,1,0
102236,CAEX-030,2026-03-12,B,dia,1,56.0,314.5,88.8,58.7,3.27,1795.0,1,0
103544,CAEX-060,2026-08-07,A,dia,8,284.0,282.0,84.0,45.8,5.9,2012.0,1,0
103063,CAEX-054,2026-06-25,B,dia,11,219.0,327.0,97.7,57.1,3.2,1729.0,0,0
102213,CAEX-038,2026-08-15,B,noche,8,359.0,353.0,96.6,57.1,1.79,1759.0,1,1
105909,CAEX-024,2026-07-19,C,dia,6,186.0,312.8,82.3,54.5,5.32,1588.0,1,0
104267,CAEX-019,2026-05-18,C,dia,5,112.0,330.7,92.6,56.8,5.7,1536.0,4,0
105712,CAEX-026,2026-04-17,A,noche,12,294.0,253.1,88.4,48.7,1.95,1277.0,2,0
101986,CAEX-056,2026-07-10,C,noche,7,334.0,323.6,89.1,54.1,3.86,1344.0,0,0
101372,CAEX-052,2026-05-28,A,dia,2,455.0,293.0,91.9,47.7,9.59,1588.0,1,1
102123,CAEX-035,2026-05-28,B,dia,7,213.0,297.6,88.3,48.9,8.87,1661.0,2,0
103908,CAEX-056,2026-05-11,C,dia,7,325.0,336.7,85.0,41.5,5.5,1592.0,0,0
105821,CAEX-038,2026-05-31,B,noche,8,43.0,312.5,81.4,50.2,4.57,1376.0,1,0
102058,CAEX-017,2026-04-27,B,dia,9,367.0,322.8,86.8,47.4,4.08,1816.0,2,0
105819,CAEX-046,2026-05-04,C,noche,12,301.0,336.8,91.1,44.4,6.37,1619.0,1,1
103948,CAEX-006,2026-03-27,C,noche,8,99.0,345.7,92.8,59.9,5.37,1609.0,0,0
102059,CAEX-029,2026-06-02,A,dia,12,369.0,289.6,79.4,51.1,5.11,1580.0,1,0
103712,CAEX-056,2026-07-23,C,dia,7,289.0,330.5,105.1,44.3,3.92,1554.0,1,1
102905,CAEX-021,2026-05-14,C,dia,14,202.0,360.7,88.6,58.6,3.0,1730.0,1,0
104923,CAEX-015,2026-08-22,B,dia,12,672.0,328.1,98.5,48.3,1.53,1593.0,0,0
103839,CAEX-012,2026-07-25,C,dia,8,577.0,341.5,99.7,42.2,4.98,1574.0,5,1
105433,CAEX-039,2026-08-06,A,noche,8,358.0,285.8,89.7,46.7,3.8,1695.0,0,0
100285,CAEX-001,2026-03-24,C,noche,7,324.0,361.3,94.8,47.3,5.13,1347.0,1,0
100096,CAEX-029,2026-03-11,A,dia,12,289.0,286.0,100.7,39.1,5.44,1338.0,0,1
105788,CAEX-037,2026-04-30,A,noche,2,126.0,264.4,90.3,51.1,6.18,1529.0,0,0
102665,CAEX-028,2026-06-01,A,dia,4,494.0,269.0,85.9,40.8,4.5,1530.0,0,0
103956,CAEX-059,2026-05-04,A,dia,13,338.0,293.0,81.6,54.0,4.06,1633.0,0,0
103443,CAEX-020,2026-04-07,B,noche,7,124.0,341.1,,51.0,4.28,1552.0,1,0
105151,CAEX-034,2026-08-26,A,dia,5,309.0,276.5,88.4,59.7,3.27,1435.0,1,0
105963,CAEX-032,2026-03-14,C,dia,4,321.0,396.9,88.0,45.9,6.22,1533.0,0,0
102650,CAEX-008,2026-04-16,C,noche,11,173.0,337.7,89.6,59.2,2.37,1644.0,2,0
102281,CAEX-021,2026-07-13,C,noche,14,733.0,345.5,87.4,53.0,3.11,1463.0,0,0
102522,CAEX-048,2026-04-02,A,dia,3,187.0,276.8,77.2,49.4,5.55,1819.0,0,0
103614,CAEX-040,2026-04-09,B,noche,11,61.0,290.8,87.3,59.3,7.94,1645.0,1,0
101285,CAEX-052,2026-05-20,A,noche,2,447.0,302.3,88.9,44.9,6.36,2001.0,1,1
104023,CAEX-021,2026-07-26,C,noche,14,167.0,340.0,80.2,64.8,2.97,1770.0,1,0
102004,CAEX-039,2026-07-16,A,noche,8,128.0,267.9,,54.9,2.1,1453.0,0,0
102154,CAEX-050,2026-03-04,A,noche,1,67.0,308.9,78.7,48.8,2.53,1730.0,0,0
103765,CAEX-008,2026-03-31,C,dia,11,419.0,362.3,87.1,55.0,4.33,1527.0,2,0
102240,CAEX-026,2026-04-06,A,noche,12,231.0,289.6,91.6,50.2,5.37,1543.0,0,0
103933,CAEX-010,2026-03-11,B,dia,9,316.0,327.8,91.0,47.5,6.05,1560.0,0,0
105190,CAEX-018,2026-05-15,A,dia,1,417.0,287.3,,56.2,,1892.0,2,1
104152,CAEX-017,2026-07-11,B,noche,9,262.0,308.5,88.7,54.4,3.58,1462.0,0,0
104579,CAEX-028,2026-06-14,A,dia,4,44.0,303.6,91.3,54.2,,1874.0,2,0
100044,CAEX-013,2026-04-15,B,dia,2,159.0,322.4,79.4,47.2,6.02,1743.0,0,0
103957,CAEX-059,2026-05-09,A,noche,13,167.0,296.0,83.8,40.5,3.66,1441.0,2,1
104417,CAEX-054,2026-04-27,B,noche,11,261.0,330.8,97.2,59.4,3.27,1762.0,0,0
102803,CAEX-049,2026-08-04,B,dia,5,44.0,303.1,79.1,59.6,5.94,1504.0,0,0
103090,CAEX-059,2026-06-25,A,dia,13,594.0,278.2,92.8,40.0,3.18,1624.0,1,1
105128,CAEX-045,2026-05-04,C,dia,6,729.0,308.0,96.9,45.1,2.75,1754.0,0,1
105532,CAEX-057,2026-07-26,B,dia,11,390.0,316.2,89.2,54.6,3.59,1806.0,1,0
105435,CAEX-035,2026-07-17,B,dia,7,331.0,313.4,96.3,60.8,3.46,1352.0,0,0
104334,CAEX-055,2026-06-17,B,noche,10,157.0,341.2,93.7,50.1,3.03,1806.0,1,0
101810,CAEX-056,2026-04-12,C,noche,7,374.0,347.9,83.5,53.8,5.0,1746.0,1,0
101004,CAEX-027,2026-04-29,B,noche,1,169.0,278.1,90.0,62.8,3.85,1484.0,0,0
103860,CAEX-023,2026-05-18,C,noche,4,170.0,375.9,90.9,57.0,3.39,1661.0,0,0
105149,CAEX-011,2026-03-09,A,noche,8,465.0,270.7,93.4,46.9,4.58,1572.0,1,0
102394,CAEX-024,2026-08-11,C,noche,6,221.0,358.2,100.0,51.7,3.6,2017.0,0,1
101077,CAEX-014,2026-08-12,C,dia,8,243.0,353.1,84.9,58.2,4.67,1749.0,1,0
105291,CAEX-036,2026-05-28,A,dia,10,279.0,260.0,87.0,59.7,4.33,1544.0,4,0
103856,CAEX-002,2026-05-27,B,noche,10,18.0,358.2,88.0,51.4,5.6,1570.0,0,0
103413,CAEX-060,2026-08-27,A,dia,8,256.0,275.7,88.1,42.5,5.1,1474.0,1,0
105171,CAEX-014,2026-06-21,C,dia,8,440.0,324.3,88.5,47.3,3.84,1497.0,1,0
100301,CAEX-018,2026-06-27,A,noche,1,92.0,289.4,83.7,46.1,2.91,1781.0,0,0
102899,CAEX-013,2026-03-19,B,dia,2,176.0,337.6,86.3,67.4,2.27,1745.0,0,0
102508,CAEX-034,2026-04-12,A,dia,5,200.0,255.1,94.9,55.7,3.43,1667.0,2,0
100943,CAEX-017,2026-06-17,B,dia,9,380.0,293.1,102.2,56.0,4.72,1831.0,1,1
105262,CAEX-031,2026-07-16,B,noche,12,225.0,339.4,83.2,56.0,4.48,1498.0,0,0
102371,CAEX-040,2026-08-05,B,dia,11,113.0,318.4,86.3,57.6,4.38,1620.0,1,0
101260,CAEX-058,2026-05-25,B,dia,3,283.0,290.0,86.0,62.2,4.09,1642.0,0,0
105718,CAEX-058,2026-05-06,B,dia,3,420.0,346.1,96.0,52.9,2.16,1379.0,1,0
102523,CAEX-014,2026-08-27,C,noche,8,371.0,341.7,94.9,42.2,2.79,1623.0,0,0
103157,CAEX-032,2026-05-10,C,dia,4,389.0,329.8,98.4,50.0,4.41,1580.0,0,0
104560,CAEX-032,2026-04-26,C,dia,4,232.0,412.3,91.8,55.6,3.45,1474.0,0,1
104102,CAEX-054,2026-06-20,B,dia,11,227.0,316.5,87.6,59.7,4.26,1871.0,1,0
100842,CAEX-005,2026-08-20,A,noche,12,463.0,287.2,,54.3,5.3,1904.0,4,0
101869,CAEX-046,2026-07-10,C,noche,12,109.0,369.6,89.2,39.7,4.57,1500.0,0,0
100327,CAEX-032,2026-08-18,C,dia,4,124.0,337.2,91.7,66.5,5.1,1491.0,0,0
102437,CAEX-060,2026-07-17,A,noche,8,168.0,263.7,88.5,53.4,2.9,1441.0,0,0
105282,CAEX-001,2026-04-19,C,dia,7,104.0,301.6,90.3,47.1,3.49,1482.0,0,0
103209,CAEX-018,2026-05-17,A,dia,1,503.0,304.8,82.5,41.0,2.66,1715.0,1,0
105627,CAEX-026,2026-07-19,A,noche,12,299.0,243.1,89.6,56.1,7.89,2028.0,0,1
101465,CAEX-008,2026-03-20,C,dia,11,992.0,359.0,98.1,42.3,3.72,1739.0,0,1
104989,CAEX-022,2026-07-12,A,noche,4,331.0,284.6,92.7,59.8,4.96,1529.0,1,0
103132,CAEX-025,2026-08-04,C,noche,14,103.0,394.4,78.4,57.5,4.74,1651.0,1,0
102062,CAEX-040,2026-08-19,B,dia,11,237.0,293.9,85.0,46.5,8.04,1915.0,0,0
104791,CAEX-052,2026-04-16,A,noche,2,308.0,276.7,94.3,49.1,4.63,1926.0,2,0
104484,CAEX-023,2026-07-12,C,noche,4,88.0,361.4,88.8,50.6,5.95,1564.0,0,0
102572,CAEX-005,2026-03-31,A,dia,12,85.0,298.8,91.4,52.6,3.83,1676.0,0,0
103104,CAEX-006,2026-03-01,C,noche,8,195.0,355.4,86.5,56.3,3.47,1567.0,0,0
103334,CAEX-009,2026-05-14,A,dia,9,62.0,288.9,85.2,60.5,3.18,1471.0,0,0
100604,CAEX-008,2026-07-04,C,noche,11,132.0,349.0,83.0,54.4,3.79,1576.0,0,0
104939,CAEX-053,2026-04-22,C,noche,11,436.0,338.0,96.6,57.6,3.22,1822.0,2,1
104419,CAEX-058,2026-07-29,B,dia,3,165.0,321.5,80.7,49.6,4.61,1373.0,0,0
100866,CAEX-010,2026-03-20,B,dia,9,54.0,352.0,88.2,44.9,2.65,1780.0,0,0
101891,CAEX-012,2026-03-12,C,noche,8,482.0,379.4,94.4,45.9,3.07,1776.0,0,0
104043,CAEX-050,2026-05-16,A,noche,1,124.0,285.0,85.2,51.5,4.76,1635.0,0,0
105569,CAEX-056,2026-03-14,C,dia,7,494.0,353.6,97.7,55.8,3.75,1693.0,1,1
105493,CAEX-058,2026-08-11,B,noche,3,393.0,341.7,98.3,55.3,5.57,1442.0,1,0
103368,CAEX-053,2026-05-20,C,noche,11,213.0,348.2,96.6,47.2,3.91,1726.0,1,0
101281,CAEX-048,2026-06-06,A,noche,3,331.0,275.0,91.3,48.6,6.55,1697.0,0,0
100831,CAEX-017,2026-03-06,B,dia,9,160.0,292.9,88.5,43.6,2.9,1635.0,1,0
103150,CAEX-056,2026-06-13,C,dia,7,208.0,348.9,88.7,60.0,4.86,1839.0,1,0
103800,CAEX-010,2026-03-19,B,noche,9,56.0,346.6,83.0,56.5,2.16,1898.0,0,0
101905,CAEX-008,2026-07-04,C,dia,11,209.0,341.3,86.8,57.5,3.51,1939.0,1,0
104552,CAEX-042,2026-08-19,C,noche,10,120.0,321.3,92.6,63.7,8.32,1901.0,1,1
104404,CAEX-043,2026-05-20,B,noche,6,109.0,324.1,,56.8,5.8,1814.0,1,0
102051,CAEX-038,2026-04-27,B,noche,8,154.0,371.4,79.0,59.9,3.81,1901.0,1,0
101303,CAEX-018,2026-05-23,A,dia,1,395.0,294.7,90.2,55.5,3.14,1486.0,1,0
100329,CAEX-017,2026-06-30,B,dia,9,44.0,287.7,83.8,,2.98,1805.0,0,0
104850,CAEX-014,2026-03-20,C,dia,8,125.0,367.8,88.1,49.1,4.67,1796.0,1,0
101705,CAEX-038,2026-07-26,B,noche,8,40.0,313.1,,51.5,5.04,1793.0,0,0
102494,CAEX-012,2026-03-04,C,noche,8,315.0,355.6,94.1,35.1,10.08,1937.0,2,1
104026,CAEX-049,2026-03-05,B,noche,5,339.0,302.7,,51.7,3.37,1842.0,1,0
100480,CAEX-018,2026-04-10,A,dia,1,302.0,267.5,89.7,52.8,6.89,1445.0,0,0
103630,CAEX-037,2026-07-06,A,noche,2,466.0,278.4,95.3,61.7,4.96,1732.0,0,0
101176,CAEX-030,2026-06-11,B,noche,1,163.0,328.3,84.0,,6.78,1700.0,1,0
105545,CAEX-013,2026-04-21,B,noche,2,170.0,337.1,86.5,54.9,4.64,2019.0,1,0
102958,CAEX-029,2026-06-08,A,noche,12,196.0,287.8,96.7,48.3,3.95,1701.0,0,0
104011,CAEX-026,2026-03-05,A,dia,12,184.0,323.0,96.8,,3.63,1577.0,0,0
100118,CAEX-027,2026-08-02,B,noche,1,64.0,326.8,84.6,52.5,3.4,1686.0,2,0
102863,CAEX-020,2026-06-06,B,noche,7,164.0,360.7,92.5,51.0,3.68,1329.0,0,1
100880,CAEX-019,2026-05-27,C,dia,5,17.0,329.0,79.2,59.7,7.65,1769.0,0,0
101030,CAEX-058,2026-08-16,B,noche,3,217.0,363.5,86.8,49.4,4.79,1541.0,4,0
100467,CAEX-028,2026-03-26,A,dia,4,187.0,284.8,82.9,68.0,3.38,1795.0,1,0
105243,CAEX-005,2026-08-08,A,dia,12,22.0,284.5,87.9,55.7,2.97,1713.0,1,0
103084,CAEX-052,2026-05-20,A,noche,2,325.0,294.6,80.6,41.9,5.62,1639.0,1,0
101902,CAEX-006,2026-05-19,C,noche,8,468.0,345.0,,45.9,2.76,1392.0,2,0
101976,CAEX-030,2026-06-12,B,noche,1,135.0,287.7,82.1,59.9,6.27,1619.0,0,0
100777,CAEX-025,2026-04-01,C,dia,14,333.0,352.1,90.0,,2.71,1744.0,2,1
104665,CAEX-046,2026-07-16,C,noche,12,41.0,384.9,79.4,49.7,6.23,1399.0,0,0
101787,CAEX-023,2026-04-07,C,dia,4,316.0,357.4,86.1,68.9,4.92,1569.0,0,0
105420,CAEX-047,2026-05-11,A,dia,5,391.0,268.0,91.4,62.8,3.17,1579.0,1,0
105189,CAEX-040,2026-08-01,B,dia,11,10.0,352.2,75.6,56.9,6.46,1836.0,0,0
100085,CAEX-060,2026-06-06,A,dia,8,66.0,248.7,87.2,55.7,3.75,1472.0,0,0
101666,CAEX-038,2026-05-02,B,dia,8,198.0,342.2,91.3,60.6,5.52,1521.0,1,0
103488,CAEX-011,2026-07-12,A,noche,8,142.0,279.1,90.1,52.7,4.77,1738.0,0,0
105185,CAEX-017,2026-08-03,B,noche,9,319.0,309.0,84.5,50.1,2.4,1639.0,1,0
102790,CAEX-039,2026-08-03,A,dia,8,160.0,250.7,85.2,58.6,3.45,1639.0,1,0
104852,CAEX-051,2026-08-24,A,noche,2,434.0,266.7,84.5,55.5,4.53,1942.0,0,0
102144,CAEX-040,2026-04-20,B,dia,11,398.0,308.8,96.7,48.0,3.51,1499.0,1,0
102200,CAEX-040,2026-05-28,B,noche,11,76.0,320.6,86.2,47.6,4.19,1796.0,0,0
100512,CAEX-048,2026-06-29,A,noche,3,44.0,290.6,83.0,52.9,5.19,1794.0,0,0
103210,CAEX-041,2026-05-11,B,dia,14,115.0,290.4,93.6,64.2,4.13,1896.0,0,0
100732,CAEX-012,2026-07-19,C,noche,8,124.0,327.4,92.8,54.8,3.78,1515.0,0,0
102221,CAEX-001,2026-07-01,C,dia,7,188.0,336.0,93.1,42.7,6.5,1748.0,0,0
105325,CAEX-032,2026-04-22,C,noche,4,172.0,339.1,82.9,52.6,3.2,1605.0,0,0
104627,CAEX-029,2026-07-11,A,noche,12,47.0,297.5,85.9,47.9,4.16,1766.0,0,0
105356,CAEX-041,2026-06-19,B,noche,14,353.0,320.1,88.0,59.9,3.28,1620.0,2,0
104862,CAEX-010,2026-05-19,B,noche,9,491.0,303.2,99.5,52.8,3.13,1544.0,2,1
102784,CAEX-005,2026-06-23,A,noche,12,212.0,263.6,94.9,44.8,4.6,1881.0,0,0
102003,CAEX-037,2026-07-13,A,noche,2,223.0,261.2,84.9,53.9,4.28,1261.0,0,0
105895,CAEX-055,2026-04-01,B,dia,10,346.0,324.8,91.8,43.9,9.79,1390.0,1,1
103667,CAEX-047,2026-06-11,A,noche,5,166.0,293.5,87.2,47.8,5.47,1731.0,0,0
105931,CAEX-052,2026-05-05,A,dia,2,154.0,241.8,85.6,50.2,6.65,1626.0,0,0
104471,CAEX-024,2026-06-04,C,noche,6,39.0,338.4,82.5,59.2,4.83,1558.0,0,0
101634,CAEX-030,2026-07-25,B,noche,1,141.0,,91.9,47.4,2.92,1735.0,0,0
105425,CAEX-037,2026-07-02,A,noche,2,196.0,284.5,99.6,52.9,4.8,1602.0,0,0
102758,CAEX-044,2026-08-26,A,noche,6,226.0,275.2,99.1,47.7,2.44,1633.0,2,0
102860,CAEX-012,2026-04-14,C,dia,8,55.0,369.0,87.5,59.4,2.97,1512.0,1,0
101185,CAEX-034,2026-08-26,A,dia,5,161.0,271.0,97.4,50.6,4.14,1488.0,0,0
103123,CAEX-037,2026-06-08,A,noche,2,538.0,310.6,95.4,53.3,3.35,1674.0,1,1
103185,CAEX-010,2026-05-01,B,noche,9,148.0,305.0,95.1,60.8,2.85,1518.0,0,0
102056,CAEX-048,2026-08-03,A,noche,3,176.0,279.7,93.8,46.3,2.87,1571.0,2,0
104335,CAEX-055,2026-05-03,B,noche,10,455.0,334.1,88.6,48.1,4.31,1625.0,1,0
104084,CAEX-046,2026-04-01,C,noche,12,148.0,375.1,91.8,53.0,4.24,1416.0,2,0
100128,CAEX-034,2026-03-23,A,dia,5,180.0,278.9,83.9,57.7,6.13,1698.0,0,0
104451,CAEX-009,2026-03-25,A,noche,9,354.0,289.3,84.7,46.2,6.05,1670.0,0,0
100165,CAEX-055,2026-04-01,B,noche,10,121.0,312.2,89.8,54.6,4.39,1379.0,0,0
105747,CAEX-045,2026-03-29,C,dia,6,197.0,362.9,89.0,55.6,5.02,1369.0,1,0
101511,CAEX-047,2026-08-08,A,noche,5,171.0,279.4,83.6,43.7,,1741.0,1,0
103200,CAEX-024,2026-07-10,C,dia,6,189.0,292.3,89.9,55.7,5.57,1833.0,0,0
101320,CAEX-051,2026-04-06,A,noche,2,348.0,273.0,83.3,43.9,3.06,1853.0,0,0
102541,CAEX-038,2026-07-06,B,noche,8,553.0,353.4,100.8,50.6,5.27,1344.0,0,1
100473,CAEX-013,2026-08-15,B,noche,2,301.0,285.5,88.8,58.0,5.66,1783.0,1,0
101998,CAEX-029,2026-03-14,A,dia,12,163.0,279.4,76.8,58.4,3.02,1617.0,0,0
100019,CAEX-021,2026-03-29,C,dia,14,297.0,382.5,90.9,43.7,3.37,1592.0,0,1
103953,CAEX-044,2026-08-24,A,dia,6,158.0,297.7,85.4,63.3,4.41,1447.0,1,0
102957,CAEX-035,2026-06-23,B,dia,7,287.0,309.1,88.4,,5.22,1615.0,1,0
102043,CAEX-002,2026-06-20,B,noche,10,190.0,363.2,88.4,67.3,3.93,1664.0,0,0
105159,CAEX-024,2026-07-03,C,dia,6,86.0,322.5,77.0,51.2,2.55,1589.0,0,0
102138,CAEX-027,2026-05-21,B,dia,1,218.0,325.0,88.3,60.3,,1699.0,0,0
101026,CAEX-055,2026-05-30,B,dia,10,772.0,322.4,98.4,55.0,5.73,1603.0,1,1
100098,CAEX-047,2026-07-18,A,dia,5,83.0,295.6,76.0,64.7,4.18,1718.0,1,0
105434,CAEX-020,2026-07-05,B,dia,7,70.0,307.9,85.6,65.4,5.63,1540.0,0,0
103115,CAEX-012,2026-04-04,C,dia,8,277.0,350.6,92.4,56.7,6.06,1789.0,1,0
105120,CAEX-051,2026-04-02,A,noche,2,498.0,270.2,84.7,49.2,4.45,1426.0,0,1
102836,CAEX-028,2026-04-03,A,noche,4,98.0,273.1,87.3,66.9,3.09,1416.0,0,0
103162,CAEX-019,2026-03-29,C,noche,5,171.0,317.3,84.5,61.7,2.89,1533.0,0,0
100450,CAEX-022,2026-04-22,A,noche,4,337.0,273.0,84.8,57.8,3.55,1610.0,0,0
100551,CAEX-044,2026-07-03,A,noche,6,125.0,298.2,86.4,66.2,4.8,1720.0,0,0
104373,CAEX-006,2026-08-13,C,noche,8,174.0,353.3,90.1,45.9,3.09,1519.0,0,0
103745,CAEX-039,2026-03-12,A,dia,8,236.0,277.7,95.2,50.6,5.61,1665.0,0,0
100179,CAEX-006,2026-03-07,C,noche,8,312.0,326.3,86.1,54.1,4.0,1690.0,2,0
104530,CAEX-026,2026-08-10,A,noche,12,242.0,297.4,87.3,52.0,4.46,1500.0,3,0
103655,CAEX-009,2026-03-22,A,noche,9,154.0,292.7,92.0,59.5,3.31,1555.0,0,0
101341,CAEX-052,2026-03-28,A,noche,2,74.0,308.5,83.5,51.9,6.64,1453.0,0,0
103549,CAEX-021,2026-08-02,C,dia,14,511.0,382.3,101.2,55.6,4.0,1685.0,0,1
103521,CAEX-010,2026-03-07,B,dia,9,629.0,308.4,95.9,53.0,3.91,1741.0,3,1
101592,CAEX-023,2026-03-08,C,noche,4,133.0,348.8,90.0,55.2,4.33,1554.0,1,0
101517,CAEX-029,2026-06-01,A,noche,12,214.0,284.9,88.6,47.3,6.86,1641.0,0,0
100742,CAEX-035,2026-05-21,B,dia,7,249.0,325.7,85.2,52.9,4.52,1271.0,1,0
104964,CAEX-034,2026-03-04,A,noche,5,168.0,282.4,93.0,53.8,3.82,1912.0,1,0
101770,CAEX-020,2026-03-14,B,noche,7,232.0,341.7,91.7,65.4,4.21,1704.0,0,0
105614,CAEX-059,2026-03-21,A,dia,13,111.0,289.8,78.7,54.4,3.61,1797.0,1,0
100484,CAEX-013,2026-04-19,B,noche,2,32.0,303.0,100.5,,3.77,1615.0,1,0
105686,CAEX-034,2026-04-25,A,dia,5,112.0,266.8,83.5,46.6,4.48,1847.0,1,0
102811,CAEX-028,2026-03-03,A,noche,4,183.0,287.0,94.6,47.1,7.26,1570.0,0,0
102022,CAEX-001,2026-04-23,C,dia,7,441.0,357.7,98.1,55.6,3.71,1436.0,2,0
101911,CAEX-054,2026-06-03,B,noche,11,193.0,298.9,90.9,57.2,3.64,1529.0,1,0
100781,CAEX-010,2026-04-21,B,noche,9,378.0,315.7,90.1,49.6,4.32,1532.0,0,0
104645,CAEX-030,2026-07-02,B,dia,1,246.0,332.4,96.4,57.9,2.93,1420.0,1,0
100078,CAEX-007,2026-07-03,C,noche,2,56.0,353.3,90.8,40.6,4.84,1543.0,1,0
104879,CAEX-016,2026-08-07,A,noche,5,155.0,279.1,91.3,52.7,4.96,1671.0,1,0
101890,CAEX-026,2026-03-23,A,dia,12,536.0,289.3,93.6,48.0,3.94,1605.0,2,0
105104,CAEX-046,2026-07-22,C,noche,12,77.0,345.2,83.7,65.0,4.7,1850.0,1,0
105984,CAEX-007,2026-03-06,C,dia,2,226.0,337.0,92.7,54.8,4.54,1765.0,0,0
105591,CAEX-020,2026-05-08,B,noche,7,328.0,342.3,87.0,55.3,3.89,1575.0,1,0
100674,CAEX-015,2026-03-16,B,dia,12,340.0,288.1,93.8,58.8,3.8,1640.0,1,0
102204,CAEX-024,2026-07-09,C,dia,6,24.0,314.0,83.8,48.5,6.17,1794.0,0,0
104783,CAEX-060,2026-03-16,A,noche,8,334.0,282.5,86.5,55.9,6.13,1540.0,0,0
104972,CAEX-038,2026-03-24,B,noche,8,543.0,367.8,89.3,56.1,6.04,1395.0,2,1
100459,CAEX-048,2026-07-21,A,noche,3,44.0,281.5,87.5,50.7,4.81,1634.0,0,0
102866,CAEX-053,2026-07-18,C,dia,11,722.0,355.1,83.8,59.4,8.38,1705.0,0,1
100753,CAEX-016,2026-03-13,A,dia,5,216.0,285.6,84.1,48.6,2.65,1641.0,0,0
100122,CAEX-050,2026-03-01,A,noche,1,284.0,290.2,93.6,54.6,4.8,1814.0,2,0
103638,CAEX-049,2026-07-01,B,noche,5,258.0,317.7,102.6,47.9,4.46,1481.0,1,1
100700,CAEX-038,2026-06-16,B,noche,8,302.0,305.9,88.6,50.5,4.68,1631.0,1,0
102925,CAEX-043,2026-04-12,B,noche,6,82.0,317.9,87.2,58.5,4.12,1575.0,1,0
105366,CAEX-054,2026-04-13,B,noche,11,412.0,311.3,89.2,52.2,3.2,1772.0,1,0
101493,CAEX-017,2026-07-07,B,dia,9,245.0,327.7,87.6,65.8,2.54,1782.0,0,0
105991,CAEX-033,2026-07-02,A,dia,13,316.0,245.6,98.2,51.9,6.2,1461.0,2,1
101949,CAEX-004,2026-04-07,B,dia,7,850.0,329.6,87.0,54.5,4.46,1675.0,1,0
102087,CAEX-042,2026-03-26,C,noche,10,174.0,360.2,88.3,48.3,2.29,1549.0,2,0
103366,CAEX-038,2026-03-01,B,dia,8,91.0,368.0,86.4,59.1,5.23,1737.0,1,0
100032,CAEX-044,2026-06-30,A,noche,6,549.0,257.8,91.9,43.1,5.62,1953.0,1,0
102155,CAEX-034,2026-08-26,A,noche,5,204.0,289.9,90.3,51.8,2.77,1798.0,1,0
102759,CAEX-055,2026-08-09,B,dia,10,426.0,310.8,94.2,57.4,2.83,1533.0,0,0
100070,CAEX-003,2026-04-04,C,dia,10,274.0,353.6,90.4,45.1,4.27,1827.0,0,0
101450,CAEX-008,2026-05-17,C,noche,11,241.0,318.7,93.7,45.2,3.73,1902.0,0,0
105216,CAEX-002,2026-08-10,B,dia,10,243.0,278.1,82.5,59.2,6.28,1507.0,0,0
105876,CAEX-052,2026-03-22,A,noche,2,48.0,295.6,90.6,53.8,3.25,1932.0,0,0
103176,CAEX-027,2026-03-24,B,noche,1,175.0,319.7,97.3,48.5,3.92,1594.0,0,0
103628,CAEX-010,2026-08-06,B,noche,9,255.0,332.6,99.8,46.3,4.13,1672.0,0,0
103878,CAEX-032,2026-06-15,C,noche,4,72.0,360.1,89.3,67.8,4.63,1580.0,0,0
105287,CAEX-003,2026-07-16,C,noche,10,317.0,364.0,87.3,58.6,2.87,1555.0,1,0
103960,CAEX-031,2026-05-30,B,noche,12,417.0,283.1,95.7,50.3,5.64,1599.0,0,0
105759,CAEX-060,2026-06-18,A,noche,8,312.0,293.5,91.2,49.0,3.99,1577.0,0,0
103222,CAEX-056,2026-08-23,C,dia,7,28.0,360.3,79.7,57.1,4.99,1725.0,1,0
103147,CAEX-010,2026-03-30,B,noche,9,476.0,305.6,87.3,50.9,7.47,1634.0,0,0
101532,CAEX-029,2026-04-09,A,dia,12,105.0,302.8,92.3,52.3,3.37,1898.0,0,0
104502,CAEX-011,2026-05-01,A,dia,8,104.0,285.1,80.8,47.2,6.32,1476.0,1,0
105339,CAEX-035,2026-03-04,B,dia,7,63.0,337.1,89.4,63.6,3.48,1824.0,0,0
102433,CAEX-011,2026-05-10,A,dia,8,298.0,261.3,95.9,42.9,4.37,1821.0,0,0
104362,CAEX-038,2026-08-20,B,dia,8,235.0,363.5,98.7,51.4,2.68,1539.0,0,1
103575,CAEX-003,2026-06-12,C,dia,10,102.0,343.2,83.6,65.7,3.47,1733.0,0,0
103183,CAEX-003,2026-08-17,C,noche,10,338.0,352.9,86.0,54.3,5.96,1628.0,1,0
101913,CAEX-049,2026-06-27,B,dia,5,699.0,330.2,102.3,39.2,4.91,2047.0,1,1
100505,CAEX-011,2026-05-07,A,dia,8,265.0,254.5,89.9,48.6,3.88,1739.0,0,0
100340,CAEX-036,2026-03-08,A,dia,10,170.0,278.2,86.3,60.7,4.49,1823.0,0,0
104911,CAEX-054,2026-06-13,B,noche,11,187.0,324.9,94.8,57.6,4.23,1678.0,0,0
103581,CAEX-011,2026-06-16,A,dia,8,116.0,258.8,80.9,55.4,3.53,1321.0,0,0
105679,CAEX-021,2026-04-14,C,noche,14,80.0,371.8,93.4,41.1,4.6,1442.0,0,0
100799,CAEX-022,2026-06-20,A,dia,4,307.0,269.8,94.8,49.0,2.66,1663.0,1,0
105027,CAEX-043,2026-05-21,B,dia,6,516.0,366.7,95.0,37.6,3.43,1726.0,0,1
104841,CAEX-053,2026-05-21,C,dia,11,139.0,324.8,80.8,51.1,5.11,1548.0,1,0
105075,CAEX-021,2026-06-20,C,noche,14,101.0,346.8,79.3,51.4,4.2,1781.0,0,0
105932,CAEX-030,2026-03-07,B,noche,1,79.0,339.7,84.2,49.5,3.05,1660.0,0,0
105834,CAEX-036,2026-06-26,A,dia,10,240.0,267.3,90.8,53.2,3.52,1780.0,1,0
100062,CAEX-036,2026-03-30,A,dia,10,221.0,277.1,87.7,51.0,4.06,1590.0,0,0
101776,CAEX-025,2026-03-26,C,dia,14,119.0,328.8,80.6,47.8,4.79,1657.0,1,0
102846,CAEX-038,2026-08-05,B,dia,8,179.0,329.2,80.6,59.0,,1692.0,1,0
105990,CAEX-046,2026-03-18,C,dia,12,430.0,333.8,87.1,58.3,4.81,1592.0,2,1
102461,CAEX-015,2026-06-15,B,dia,12,304.0,337.0,92.3,54.4,4.72,1520.0,0,0
104238,CAEX-010,2026-03-14,B,noche,9,978.0,284.4,90.7,56.4,3.2,1656.0,0,0
105848,CAEX-042,2026-06-21,C,dia,10,150.0,336.1,80.5,55.2,6.45,1767.0,0,0
101568,CAEX-023,2026-03-22,C,dia,4,202.0,356.9,84.7,57.2,4.43,1874.0,0,0
104290,CAEX-045,2026-07-07,C,noche,6,325.0,344.9,94.6,51.3,2.8,1660.0,1,0
104743,CAEX-034,2026-06-22,A,dia,5,304.0,271.8,94.7,59.3,5.51,1500.0,0,0
104457,CAEX-050,2026-03-07,A,noche,1,84.0,257.1,87.8,,4.09,1479.0,0,0
102849,CAEX-014,2026-06-15,C,dia,8,240.0,359.7,98.9,61.0,4.01,1654.0,0,0
101690,CAEX-047,2026-05-29,A,noche,5,260.0,276.4,86.4,48.8,4.57,1550.0,0,0
104154,CAEX-054,2026-05-05,B,noche,11,320.0,300.2,88.9,61.5,5.49,1764.0,1,0
102987,CAEX-045,2026-07-13,C,noche,6,210.0,376.9,81.2,58.6,5.76,1686.0,1,0
102420,CAEX-024,2026-07-02,C,noche,6,218.0,338.1,84.3,44.0,4.56,1996.0,1,1
104455,CAEX-007,2026-03-15,C,dia,2,351.0,345.9,88.6,51.6,5.18,1745.0,2,0
105730,CAEX-032,2026-05-17,C,dia,4,73.0,350.3,83.8,57.4,1.52,1546.0,1,0
101569,CAEX-049,2026-06-13,B,dia,5,411.0,334.8,89.4,53.9,5.39,1314.0,1,0
103966,CAEX-017,2026-05-21,B,dia,9,161.0,326.2,95.0,56.8,4.15,1829.0,0,0
102340,CAEX-060,2026-04-20,A,dia,8,228.0,264.3,82.9,58.3,4.23,2013.0,3,1
102095,CAEX-011,2026-03-15,A,dia,8,129.0,283.4,88.3,53.8,5.15,1541.0,1,0
105020,CAEX-058,2026-05-25,B,dia,3,109.0,291.4,89.0,56.0,6.03,1973.0,0,0
102042,CAEX-010,2026-04-27,B,noche,9,274.0,298.7,81.7,53.7,2.93,1990.0,1,0
104374,CAEX-034,2026-06-12,A,dia,5,205.0,305.8,90.0,64.1,6.34,1535.0,1,0
102201,CAEX-011,2026-04-12,A,dia,8,192.0,280.9,81.1,59.1,3.98,1438.0,0,0
102273,CAEX-006,2026-07-07,C,noche,8,130.0,303.3,79.4,57.9,3.38,1943.0,0,0
100382,CAEX-003,2026-06-28,C,noche,10,557.0,344.3,97.6,49.6,2.65,1469.0,0,1
103865,CAEX-025,2026-06-05,C,dia,14,160.0,365.8,92.1,57.6,6.16,1854.0,2,0
102413,CAEX-032,2026-04-07,C,noche,4,275.0,351.4,78.9,47.6,3.24,1430.0,0,0
103913,CAEX-022,2026-06-16,A,noche,4,96.0,281.6,84.4,63.7,5.0,1513.0,0,0
101391,CAEX-005,2026-07-02,A,dia,12,114.0,279.5,84.6,54.0,3.65,1721.0,1,0
105121,CAEX-005,2026-08-25,A,dia,12,507.0,259.8,81.5,59.2,4.26,1922.0,0,0
105464,CAEX-041,2026-07-31,B,dia,14,341.0,331.0,93.0,52.7,4.95,1536.0,1,0
103915,CAEX-058,2026-07-24,B,dia,3,95.0,292.5,91.3,56.8,3.89,1720.0,1,0
101953,CAEX-032,2026-06-27,C,noche,4,145.0,360.5,93.4,51.2,3.85,1801.0,1,0
104163,CAEX-029,2026-07-29,A,noche,12,60.0,294.6,78.5,52.3,6.44,1564.0,0,0
105152,CAEX-049,2026-07-04,B,noche,5,80.0,346.7,83.0,,5.08,1696.0,2,0
102916,CAEX-046,2026-04-15,C,dia,12,236.0,335.5,84.3,56.1,4.85,1497.0,0,0
102343,CAEX-013,2026-07-10,B,dia,2,143.0,328.4,85.1,73.5,3.88,1786.0,0,0
104210,CAEX-036,2026-08-06,A,noche,10,148.0,274.4,86.2,42.6,3.49,1615.0,1,0
100246,CAEX-012,2026-07-21,C,dia,8,245.0,365.9,88.0,56.0,6.32,1258.0,1,0
101440,CAEX-060,2026-07-22,A,noche,8,90.0,263.1,88.0,65.5,4.69,1619.0,0,0
101023,CAEX-060,2026-04-17,A,noche,8,39.0,313.4,85.8,53.8,2.94,1612.0,0,0
103234,CAEX-006,2026-03-16,C,dia,8,186.0,334.1,88.9,49.7,4.99,1503.0,2,0
105077,CAEX-004,2026-03-15,B,dia,7,439.0,313.3,101.2,46.4,3.57,1609.0,2,1
100412,CAEX-055,2026-08-21,B,noche,10,359.0,354.0,100.2,50.6,4.34,1449.0,0,1
102262,CAEX-001,2026-04-02,C,dia,7,122.0,355.1,79.4,51.5,4.37,1778.0,1,0
101063,CAEX-058,2026-04-14,B,dia,3,182.0,321.9,84.2,64.7,1.66,1831.0,2,0
104213,CAEX-001,2026-06-29,C,noche,7,73.0,322.5,89.2,54.5,4.15,1600.0,0,0
105954,CAEX-025,2026-05-27,C,dia,14,355.0,387.2,94.7,57.9,4.41,1464.0,2,1
105750,CAEX-016,2026-07-03,A,dia,5,96.0,267.4,87.4,55.4,3.86,2214.0,0,0
104344,CAEX-060,2026-06-14,A,dia,8,167.0,270.9,82.1,55.7,3.21,1923.0,0,0
103562,CAEX-019,2026-05-18,C,dia,5,132.0,372.1,88.4,46.9,2.27,1811.0,0,0
100666,CAEX-001,2026-06-27,C,noche,7,198.0,382.2,82.7,57.4,5.89,1561.0,1,0
105989,CAEX-050,2026-08-17,A,noche,1,211.0,283.0,93.2,52.0,3.13,1524.0,0,0
105642,CAEX-043,2026-08-21,B,dia,6,247.0,294.4,91.1,50.2,6.18,1599.0,0,0
104189,CAEX-056,2026-05-01,C,noche,7,94.0,321.5,91.5,46.0,4.32,1655.0,0,0
105999,CAEX-048,2026-03-07,A,noche,3,39.0,262.3,89.7,64.5,1.76,1456.0,0,0
100115,CAEX-033,2026-03-13,A,noche,13,299.0,284.2,94.9,53.1,3.39,1604.0,1,0
103990,CAEX-041,2026-08-15,B,dia,14,245.0,341.5,91.3,52.4,3.08,1551.0,0,0
102303,CAEX-011,2026-08-24,A,dia,8,159.0,268.9,88.9,47.1,3.34,1662.0,0,0
102478,CAEX-017,2026-07-30,B,dia,9,352.0,312.9,88.0,48.3,3.8,1531.0,1,0
103251,CAEX-015,2026-03-12,B,noche,12,134.0,312.0,86.6,68.2,3.83,1513.0,0,0
100119,CAEX-018,2026-04-23,A,noche,1,274.0,281.1,,49.4,3.62,1687.0,0,0
101982,CAEX-015,2026-05-06,B,noche,12,259.0,295.5,90.7,58.7,4.11,1540.0,0,0
102181,CAEX-039,2026-04-03,A,dia,8,241.0,296.5,92.8,43.4,6.57,1577.0,0,0
100163,CAEX-038,2026-06-27,B,dia,8,430.0,283.0,97.7,46.4,2.45,1545.0,2,1
100264,CAEX-030,2026-07-25,B,dia,1,89.0,293.5,82.1,59.6,3.74,1695.0,0,0
105410,CAEX-051,2026-07-17,A,noche,2,141.0,299.0,87.1,53.4,4.23,1708.0,0,0
104343,CAEX-033,2026-04-29,A,dia,13,417.0,310.2,88.6,40.8,6.16,1331.0,1,1
100776,CAEX-037,2026-08-11,A,dia,2,176.0,291.5,88.1,53.0,5.7,1801.0,1,0
104872,CAEX-010,2026-08-12,B,noche,9,135.0,337.7,81.0,49.1,4.31,1749.0,1,0
104649,CAEX-056,2026-07-05,C,dia,7,106.0,357.3,83.0,56.8,5.04,1596.0,2,0
105210,CAEX-053,2026-07-13,C,noche,11,83.0,367.3,84.4,58.4,4.68,1870.0,0,0
105500,CAEX-003,2026-04-05,C,noche,10,624.0,361.6,85.7,39.2,4.19,1975.0,1,1
104677,CAEX-051,2026-06-25,A,noche,2,170.0,306.1,82.9,58.4,4.8,1572.0,1,0
104941,CAEX-049,2026-04-16,B,noche,5,31.0,305.4,80.1,55.0,3.82,1266.0,0,0
104474,CAEX-013,2026-06-17,B,noche,2,103.0,321.7,90.8,50.0,3.41,1916.0,1,0
100652,CAEX-015,2026-04-11,B,dia,12,295.0,312.3,89.0,,3.25,1524.0,0,0
103724,CAEX-001,2026-07-12,C,noche,7,247.0,389.4,86.0,52.7,2.71,1880.0,0,0
105470,CAEX-059,2026-05-05,A,noche,13,210.0,264.3,93.0,49.3,2.96,1799.0,0,0
101171,CAEX-004,2026-07-20,B,dia,7,103.0,296.2,82.3,59.8,5.06,1539.0,1,0
105891,CAEX-008,2026-05-06,C,dia,11,23.0,281.2,86.3,61.8,3.3,1875.0,0,0
103012,CAEX-041,2026-08-24,B,noche,14,259.0,295.8,90.7,59.2,5.36,1175.0,1,1
103875,CAEX-001,2026-05-17,C,noche,7,93.0,335.3,91.2,54.6,3.87,1403.0,0,0
101369,CAEX-030,2026-05-24,B,dia,1,273.0,321.8,95.5,53.2,4.53,1754.0,0,0
100898,CAEX-010,2026-03-28,B,noche,9,134.0,329.9,90.1,53.1,2.57,1496.0,0,0
100929,CAEX-057,2026-04-20,B,noche,11,62.0,336.5,102.1,53.6,4.88,1982.0,1,1
104773,CAEX-047,2026-08-13,A,noche,5,71.0,303.2,84.7,47.8,4.8,1655.0,1,0
100015,CAEX-058,2026-04-27,B,dia,3,28.0,332.2,81.5,54.6,3.9,1387.0,0,0
102549,CAEX-035,2026-08-27,B,dia,7,86.0,312.2,85.4,55.0,4.64,1519.0,1,0
100968,CAEX-047,2026-05-20,A,noche,5,129.0,276.0,89.9,56.7,4.34,1406.0,0,0
101107,CAEX-055,2026-06-27,B,noche,10,355.0,321.0,88.9,51.3,3.88,1721.0,0,0
105562,CAEX-038,2026-06-23,B,noche,8,70.0,313.9,75.9,54.0,4.66,1568.0,0,0
104337,CAEX-022,2026-07-27,A,noche,4,264.0,269.6,91.6,59.4,5.09,1732.0,2,0
103969,CAEX-052,2026-06-16,A,noche,2,105.0,296.0,88.8,47.8,4.06,1710.0,0,0
101255,CAEX-020,2026-05-13,B,dia,7,220.0,336.7,85.2,61.7,5.31,1616.0,2,1
102649,CAEX-038,2026-06-21,B,noche,8,125.0,326.2,89.3,60.1,4.73,1404.0,1,0
102924,CAEX-027,2026-07-01,B,noche,1,22.0,312.4,81.4,50.2,3.44,1512.0,1,0
104781,CAEX-023,2026-07-15,C,dia,4,65.0,355.0,82.3,51.9,3.1,2004.0,1,0
104265,CAEX-045,2026-08-05,C,dia,6,164.0,342.3,87.0,54.5,3.86,1358.0,1,1
101640,CAEX-018,2026-07-26,A,dia,1,126.0,270.6,81.9,59.7,4.37,1624.0,0,0
101134,CAEX-052,2026-03-29,A,noche,2,749.0,297.0,92.1,50.9,2.06,1801.0,1,1
105878,CAEX-037,2026-08-14,A,dia,2,192.0,291.2,87.2,61.0,6.82,1544.0,2,0
103520,CAEX-046,2026-07-18,C,noche,12,470.0,349.1,82.0,46.0,5.8,1894.0,1,1
101879,CAEX-024,2026-06-25,C,noche,6,82.0,367.7,88.0,45.9,4.46,1521.0,1,0
100272,CAEX-056,2026-07-24,C,dia,7,66.0,358.9,86.0,61.3,4.13,1782.0,0,0
101474,CAEX-036,2026-04-18,A,dia,10,21.0,300.5,84.5,49.4,5.33,1682.0,2,0
105350,CAEX-005,2026-05-24,A,dia,12,217.0,269.7,99.8,51.7,2.55,1748.0,0,1
101548,CAEX-035,2026-05-01,B,dia,7,68.0,288.5,92.9,61.0,5.62,2032.0,1,0
104311,CAEX-012,2026-08-03,C,dia,8,291.0,307.9,93.7,56.2,2.75,1692.0,2,0
105648,CAEX-041,2026-04-19,B,dia,14,115.0,316.1,92.5,54.3,4.79,1623.0,0,0
104441,CAEX-038,2026-05-08,B,noche,8,63.0,346.4,86.7,50.5,4.35,1578.0,0,0
100839,CAEX-003,2026-05-23,C,noche,10,409.0,369.2,85.8,48.4,3.99,1563.0,1,0
102196,CAEX-060,2026-03-25,A,dia,8,437.0,289.3,99.1,38.0,7.37,1759.0,0,1
101836,CAEX-020,2026-03-28,B,dia,7,424.0,319.1,92.0,51.6,3.11,1936.0,0,0
104892,CAEX-036,2026-07-14,A,dia,10,129.0,269.1,83.1,59.7,3.87,1845.0,0,0
100413,CAEX-015,2026-05-06,B,dia,12,192.0,312.6,79.6,47.9,5.33,1822.0,1,0
101713,CAEX-053,2026-04-27,C,noche,11,268.0,338.1,79.6,47.2,2.37,1504.0,0,0
104439,CAEX-038,2026-08-20,B,dia,8,23.0,311.5,89.0,58.7,5.13,1482.0,1,0
105044,CAEX-050,2026-07-06,A,noche,1,86.0,305.0,85.5,52.3,4.4,1715.0,0,0
102796,CAEX-029,2026-03-21,A,dia,12,541.0,296.8,92.3,53.8,2.7,1655.0,3,0
102222,CAEX-034,2026-04-06,A,dia,5,324.0,312.0,80.9,62.8,5.33,1737.0,3,0
100378,CAEX-053,2026-04-28,C,noche,11,291.0,341.7,89.1,54.3,5.64,1708.0,3,0
101492,CAEX-035,2026-05-19,B,dia,7,403.0,287.7,88.7,49.2,4.86,1953.0,3,0
100739,CAEX-016,2026-03-15,A,dia,5,272.0,288.2,88.3,55.4,6.77,1732.0,1,0
103378,CAEX-021,2026-04-19,C,dia,14,171.0,330.9,93.3,48.7,2.6,1554.0,1,0
103616,CAEX-017,2026-05-31,B,dia,9,55.0,346.2,83.3,50.6,4.14,1913.0,0,0
105582,CAEX-010,2026-04-26,B,noche,9,32.0,332.5,88.7,48.0,4.7,1383.0,0,0
100053,CAEX-002,2026-03-28,B,dia,10,265.0,329.3,93.0,49.3,5.23,1913.0,3,0
104115,CAEX-056,2026-07-18,C,noche,7,208.0,391.6,88.3,44.6,3.06,1709.0,0,0
105406,CAEX-045,2026-03-24,C,dia,6,144.0,349.0,93.1,47.5,3.4,1843.0,2,0
102270,CAEX-011,2026-04-09,A,noche,8,352.0,288.9,93.0,56.2,3.29,1759.0,2,0
105095,CAEX-037,2026-03-20,A,noche,2,117.0,285.9,81.4,63.0,4.86,1719.0,1,0
103095,CAEX-015,2026-03-12,B,noche,12,50.0,250.2,91.3,56.0,4.78,1311.0,1,0
101390,CAEX-060,2026-06-03,A,noche,8,65.0,262.6,89.4,63.0,8.95,1647.0,1,0
103189,CAEX-026,2026-07-18,A,noche,12,499.0,272.9,91.5,43.4,3.55,1690.0,0,0
103479,CAEX-021,2026-07-20,C,noche,14,220.0,344.6,86.2,54.4,3.32,1370.0,3,1
103434,CAEX-005,2026-05-13,A,noche,12,455.0,308.1,95.6,53.8,2.83,1563.0,1,1
104192,CAEX-011,2026-08-03,A,noche,8,273.0,283.9,94.6,42.5,2.95,1547.0,0,0
102310,CAEX-022,2026-07-08,A,dia,4,70.0,293.8,78.1,54.7,3.26,1833.0,1,0
103223,CAEX-010,2026-08-24,B,dia,9,13.0,298.7,87.1,60.5,6.7,1384.0,0,0
102591,CAEX-040,2026-06-01,B,dia,11,255.0,296.4,90.6,54.0,3.01,1440.0,1,0
101633,CAEX-041,2026-03-18,B,dia,14,113.0,317.8,79.8,52.6,5.05,1852.0,0,0
104276,CAEX-005,2026-03-01,A,dia,12,96.0,273.1,88.5,58.4,4.79,1450.0,1,0
103175,CAEX-059,2026-05-13,A,noche,13,170.0,299.8,78.3,57.7,4.21,1669.0,0,0
102977,CAEX-047,2026-07-29,A,noche,5,779.0,288.3,89.0,44.7,3.42,1710.0,4,1
104281,CAEX-007,2026-08-23,C,dia,2,195.0,357.0,95.2,54.1,3.3,1723.0,0,0
100468,CAEX-033,2026-07-23,A,dia,13,152.0,278.6,96.2,48.9,3.66,1664.0,1,0
105790,CAEX-004,2026-06-29,B,noche,7,344.0,347.4,98.9,54.7,3.61,1728.0,0,1
100904,CAEX-034,2026-06-06,A,dia,5,296.0,307.5,95.0,47.8,4.8,1508.0,1,0
105763,CAEX-012,2026-05-09,C,noche,8,86.0,361.9,87.0,59.7,5.8,1689.0,0,0
100072,CAEX-030,2026-04-04,B,dia,1,431.0,303.7,91.6,42.9,5.85,1509.0,0,0
103218,CAEX-058,2026-06-03,B,dia,3,72.0,307.9,79.8,61.0,5.18,1597.0,2,0
105626,CAEX-009,2026-03-25,A,noche,9,339.0,264.7,83.6,55.5,3.29,1471.0,0,0
101899,CAEX-016,2026-03-08,A,dia,5,77.0,262.4,89.5,54.8,3.99,1522.0,0,0
105053,CAEX-018,2026-03-28,A,noche,1,507.0,311.1,91.9,49.9,3.96,1699.0,1,0
103996,CAEX-021,2026-05-14,C,dia,14,281.0,358.4,82.7,54.5,6.58,1628.0,1,0
105552,CAEX-008,2026-04-29,C,dia,11,350.0,409.1,84.1,54.4,4.15,1713.0,1,0
101208,CAEX-020,2026-06-06,B,noche,7,483.0,272.5,85.3,54.2,5.08,1528.0,1,0
102078,CAEX-040,2026-07-22,B,noche,11,611.0,353.3,107.9,50.8,3.41,1708.0,1,1
101591,CAEX-021,2026-04-10,C,noche,14,425.0,333.9,92.0,44.1,6.23,1745.0,0,0
102845,CAEX-023,2026-08-02,C,dia,4,139.0,370.5,85.0,55.9,3.42,1684.0,0,0
105160,CAEX-029,2026-07-28,A,noche,12,410.0,280.3,96.1,51.4,4.29,1622.0,1,0
102206,CAEX-053,2026-06-08,C,noche,11,637.0,364.1,99.3,42.8,2.58,1822.0,0,0
102981,CAEX-008,2026-07-01,C,dia,11,352.0,373.5,90.7,47.1,4.34,1656.0,1,0
100659,CAEX-001,2026-03-12,C,noche,7,182.0,391.5,89.8,59.9,3.69,1712.0,1,0
100064,CAEX-039,2026-04-29,A,dia,8,11.0,270.2,98.2,45.6,5.09,1723.0,0,0
101839,CAEX-044,2026-04-13,A,noche,6,362.0,267.0,87.7,53.6,2.22,1521.0,2,0
104001,CAEX-040,2026-07-26,B,dia,11,172.0,282.3,90.1,61.4,6.79,1771.0,0,0
105173,CAEX-008,2026-06-13,C,dia,11,31.0,365.5,84.5,66.5,4.66,1490.0,0,0
103037,CAEX-001,2026-07-08,C,dia,7,65.0,353.6,81.0,57.9,7.82,1630.0,0,0
100455,CAEX-011,2026-08-04,A,dia,8,63.0,296.1,86.1,61.8,3.73,1474.0,0,0
105480,CAEX-045,2026-07-21,C,noche,6,131.0,370.6,87.8,,4.96,1809.0,0,0
100403,CAEX-007,2026-06-20,C,noche,2,385.0,360.4,84.7,45.7,2.94,1652.0,1,0
105086,CAEX-054,2026-05-15,B,dia,11,439.0,307.7,84.7,48.4,6.66,1468.0,1,0
105542,CAEX-025,2026-06-17,C,dia,14,296.0,323.3,96.0,56.3,2.99,1569.0,3,0
101473,CAEX-004,2026-04-21,B,noche,7,360.0,311.5,104.9,45.3,5.08,1589.0,2,1
100678,CAEX-004,2026-08-14,B,dia,7,194.0,359.3,85.6,54.9,4.6,1660.0,0,0
103357,CAEX-002,2026-07-11,B,dia,10,54.0,343.1,84.7,65.6,4.3,1501.0,1,0
101617,CAEX-059,2026-08-04,A,noche,13,252.0,280.2,81.6,49.3,8.25,1864.0,0,1
101252,CAEX-012,2026-07-28,C,noche,8,147.0,340.1,86.0,55.6,3.98,1577.0,1,0
101984,CAEX-055,2026-04-19,B,noche,10,224.0,308.9,95.1,72.2,4.11,1392.0,0,0
103426,CAEX-009,2026-03-09,A,dia,9,537.0,296.8,88.5,40.9,3.52,1868.0,2,0
104919,CAEX-057,2026-03-25,B,noche,11,282.0,319.7,93.1,66.6,5.33,1698.0,0,0
105060,CAEX-055,2026-03-13,B,noche,10,351.0,349.7,87.1,66.0,3.83,1633.0,0,0
103844,CAEX-018,2026-06-04,A,noche,1,216.0,250.4,95.4,51.2,4.49,1226.0,0,1
104932,CAEX-042,2026-08-06,C,dia,10,535.0,388.7,,56.6,4.44,1861.0,0,1
101034,CAEX-053,2026-03-26,C,noche,11,213.0,374.2,91.0,51.9,4.11,1767.0,1,0
100175,CAEX-059,2026-07-11,A,noche,13,224.0,275.4,93.8,54.8,2.83,1793.0,1,0
100940,CAEX-030,2026-06-01,B,dia,1,262.0,330.0,90.1,50.6,5.11,1471.0,1,0
103103,CAEX-059,2026-03-23,A,noche,13,238.0,267.1,87.6,49.4,6.05,1485.0,0,0
104788,CAEX-021,2026-05-05,C,noche,14,373.0,398.2,90.2,43.9,2.75,1543.0,0,1
102588,CAEX-060,2026-05-24,A,dia,8,441.0,266.8,94.2,52.4,3.22,1684.0,1,0
100335,CAEX-058,2026-07-24,B,noche,3,10.0,342.1,84.8,63.5,6.7,1357.0,0,1
100874,CAEX-058,2026-03-20,B,dia,3,361.0,270.7,85.4,62.4,6.7,1792.0,0,1
102854,CAEX-007,2026-05-17,C,noche,2,342.0,359.3,84.5,55.9,5.51,1432.0,2,0
101487,CAEX-046,2026-06-10,C,noche,12,392.0,302.8,78.4,56.5,2.92,1802.0,2,0
104294,CAEX-009,2026-04-03,A,noche,9,497.0,286.6,85.3,36.8,1.94,1848.0,1,0
100297,CAEX-051,2026-04-13,A,dia,2,346.0,273.0,87.0,56.1,4.77,1794.0,1,0
105896,CAEX-001,2026-04-21,C,noche,7,133.0,346.6,79.8,55.6,3.25,1581.0,0,0
105809,CAEX-053,2026-08-24,C,dia,11,221.0,379.6,86.5,51.9,2.99,1530.0,2,0
103846,CAEX-009,2026-04-06,A,noche,9,318.0,292.1,93.7,42.2,4.24,1622.0,0,0
104219,CAEX-005,2026-04-07,A,noche,12,120.0,298.2,82.0,54.6,4.4,1757.0,0,0
103761,CAEX-033,2026-06-12,A,dia,13,105.0,269.3,84.5,49.8,5.26,1444.0,0,0
100379,CAEX-048,2026-08-19,A,dia,3,78.0,262.3,82.1,61.6,4.15,1621.0,0,0
103111,CAEX-025,2026-06-11,C,dia,14,11.0,308.0,72.9,53.3,,1525.0,1,0
102771,CAEX-002,2026-03-21,B,dia,10,44.0,283.9,77.0,48.8,3.27,1708.0,2,0
103919,CAEX-048,2026-06-24,A,dia,3,595.0,291.1,94.3,39.5,2.69,1776.0,2,1
104139,CAEX-052,2026-03-15,A,dia,2,196.0,274.9,83.2,49.0,5.4,1569.0,0,0
102211,CAEX-028,2026-08-26,A,dia,4,86.0,280.0,87.6,62.7,5.19,1792.0,0,0
102173,CAEX-043,2026-05-02,B,dia,6,238.0,312.4,92.1,55.6,4.4,1750.0,1,0
102600,CAEX-003,2026-06-13,C,dia,10,149.0,331.3,80.3,51.9,3.27,1601.0,1,0
102053,CAEX-057,2026-08-04,B,noche,11,228.0,326.0,89.2,44.1,4.02,1822.0,0,0
105805,CAEX-009,2026-07-01,A,noche,9,178.0,277.6,88.1,42.3,3.07,1664.0,1,0
104708,CAEX-033,2026-07-11,A,dia,13,344.0,291.4,86.6,67.9,3.99,1721.0,1,0
102336,CAEX-050,2026-05-23,A,noche,1,131.0,290.3,90.4,49.7,4.86,1686.0,0,0
103821,CAEX-020,2026-04-30,B,noche,7,210.0,310.9,91.5,59.9,3.93,1976.0,1,0
100957,CAEX-044,2026-06-10,A,noche,6,132.0,301.8,96.5,56.3,4.47,1734.0,0,0
101888,CAEX-055,2026-06-07,B,dia,10,170.0,307.5,84.8,57.2,4.73,1787.0,1,0
103718,CAEX-002,2026-06-27,B,dia,10,166.0,278.7,90.8,57.3,3.12,1717.0,0,0
104028,CAEX-057,2026-06-19,B,noche,11,104.0,300.9,92.9,53.1,4.37,1650.0,0,0
101183,CAEX-022,2026-03-01,A,dia,4,426.0,258.0,94.6,55.2,6.66,1761.0,0,0
105005,CAEX-047,2026-04-19,A,dia,5,142.0,267.1,86.5,59.9,2.4,2005.0,2,0
104603,CAEX-021,2026-05-18,C,dia,14,490.0,363.2,95.0,50.6,3.08,1867.0,1,0
104453,CAEX-017,2026-06-06,B,dia,9,129.0,334.0,79.7,59.7,4.67,1635.0,0,0
101424,CAEX-020,2026-04-07,B,noche,7,527.0,308.6,93.9,54.9,3.43,1615.0,0,0
102401,CAEX-024,2026-04-05,C,dia,6,42.0,370.0,92.2,50.7,4.54,1600.0,0,0
102893,CAEX-015,2026-03-04,B,noche,12,87.0,297.5,95.9,48.2,4.46,1893.0,1,0
105251,CAEX-058,2026-05-12,B,noche,3,260.0,315.1,79.6,56.0,6.2,1904.0,2,0
103597,CAEX-032,2026-07-30,C,dia,4,26.0,340.6,89.2,57.2,1.81,1539.0,0,0
101723,CAEX-044,2026-04-30,A,noche,6,255.0,263.2,92.0,56.0,2.5,1626.0,0,0
101668,CAEX-033,2026-08-14,A,noche,13,411.0,322.9,86.4,57.0,2.44,1463.0,1,0
102885,CAEX-043,2026-06-19,B,dia,6,93.0,329.4,82.6,57.1,4.71,1644.0,0,0
102995,CAEX-060,2026-05-16,A,noche,8,336.0,308.6,94.4,56.2,3.06,1778.0,1,0
104764,CAEX-052,2026-03-12,A,noche,2,110.0,255.8,83.0,53.1,6.44,1518.0,0,0
100887,CAEX-056,2026-03-01,C,noche,7,129.0,316.0,86.1,59.2,5.32,1602.0,1,0
104057,CAEX-057,2026-08-18,B,dia,11,463.0,331.7,88.6,53.4,4.1,1628.0,1,0
105381,CAEX-029,2026-05-08,A,dia,12,687.0,269.6,88.5,43.3,4.54,1350.0,1,1
105800,CAEX-037,2026-05-26,A,dia,2,90.0,269.2,87.5,49.0,,1711.0,0,0
100334,CAEX-049,2026-03-19,B,noche,5,185.0,320.0,89.5,50.1,2.74,1640.0,1,0
100154,CAEX-050,2026-03-18,A,noche,1,367.0,260.1,91.1,45.8,3.22,1686.0,1,0
105517,CAEX-005,2026-07-06,A,noche,12,51.0,266.8,89.6,58.5,2.92,1710.0,0,0
100722,CAEX-003,2026-07-03,C,dia,10,227.0,348.0,88.3,58.0,4.59,1524.0,1,0
100374,CAEX-020,2026-05-27,B,dia,7,137.0,341.2,84.8,54.0,3.57,1610.0,0,0
100313,CAEX-046,2026-04-23,C,dia,12,164.0,330.9,84.0,47.4,,1782.0,2,0
101850,CAEX-021,2026-06-10,C,dia,14,490.0,314.4,,54.4,4.45,1503.0,0,0
101623,CAEX-028,2026-07-11,A,noche,4,147.0,275.4,90.2,62.3,5.69,1603.0,3,0
100043,CAEX-043,2026-07-01,B,noche,6,639.0,316.1,82.0,39.5,4.14,1828.0,0,1
102694,CAEX-014,2026-07-28,C,dia,8,71.0,368.2,88.0,59.5,3.8,1378.0,0,0
105068,CAEX-056,2026-06-19,C,noche,7,108.0,389.4,88.7,50.2,2.2,1592.0,1,0
104619,CAEX-024,2026-03-18,C,noche,6,18.0,352.2,86.5,67.7,2.96,1758.0,0,0
100418,CAEX-047,2026-05-26,A,dia,5,451.0,306.1,85.2,47.4,3.9,1304.0,0,0
104859,CAEX-060,2026-06-20,A,dia,8,459.0,279.5,85.7,59.8,6.03,1447.0,1,0
104754,CAEX-050,2026-07-22,A,dia,1,519.0,310.8,98.3,49.7,5.36,1806.0,1,1
105947,CAEX-010,2026-08-14,B,dia,9,225.0,358.9,94.0,59.4,5.44,1799.0,0,0
105652,CAEX-010,2026-06-16,B,dia,9,88.0,324.9,76.6,55.3,3.83,1695.0,0,0
100705,CAEX-049,2026-03-09,B,noche,5,322.0,339.1,84.9,65.3,2.76,1371.0,2,0
100733,CAEX-023,2026-04-23,C,noche,4,18.0,352.7,84.3,50.4,3.15,1953.0,0,0
105793,CAEX-030,2026-06-11,B,noche,1,217.0,304.5,86.7,54.0,3.96,1819.0,0,0
100945,CAEX-051,2026-03-14,A,dia,2,176.0,299.8,86.0,64.0,4.39,1683.0,0,0
105866,CAEX-029,2026-03-24,A,noche,12,357.0,300.1,90.6,52.1,2.51,1903.0,0,0
103615,CAEX-054,2026-08-25,B,dia,11,145.0,325.7,90.5,52.4,1.37,1843.0,1,0
101807,CAEX-050,2026-07-30,A,dia,1,156.0,269.1,82.9,58.9,4.71,1657.0,1,0
101019,CAEX-049,2026-04-12,B,dia,5,149.0,300.1,93.7,42.0,2.08,2014.0,0,0
105566,CAEX-002,2026-03-22,B,dia,10,198.0,305.7,88.9,52.7,4.84,1611.0,0,0
100908,CAEX-060,2026-04-10,A,noche,8,426.0,280.0,82.5,51.1,2.8,1439.0,2,0
102792,CAEX-004,2026-04-20,B,noche,7,128.0,343.1,98.7,51.3,5.56,1691.0,0,0
104369,CAEX-032,2026-05-14,C,noche,4,165.0,331.8,78.0,66.1,2.71,1835.0,1,0
105590,CAEX-033,2026-05-28,A,dia,13,336.0,281.0,85.1,51.1,4.63,1327.0,0,0
100520,CAEX-006,2026-05-10,C,noche,8,169.0,344.0,87.8,60.5,6.11,1582.0,1,0
100815,CAEX-032,2026-07-13,C,dia,4,134.0,391.5,89.3,57.4,5.12,1313.0,0,0
100819,CAEX-058,2026-05-14,B,dia,3,226.0,314.5,88.1,52.4,4.87,1652.0,1,0
103450,CAEX-050,2026-05-17,A,noche,1,121.0,282.1,82.5,54.0,3.34,1560.0,0,0
104831,CAEX-051,2026-06-04,A,dia,2,62.0,274.2,84.6,58.8,3.76,1546.0,0,0
101523,CAEX-041,2026-05-31,B,noche,14,131.0,336.0,96.1,48.7,5.54,1609.0,1,0
101639,CAEX-009,2026-07-03,A,noche,9,136.0,267.4,91.1,57.6,4.17,1659.0,0,0
105972,CAEX-055,2026-06-03,B,dia,10,143.0,325.0,86.0,52.9,2.58,1882.0,2,0
103558,CAEX-032,2026-05-19,C,noche,4,270.0,350.9,80.7,55.7,2.96,1583.0,0,0
105707,CAEX-060,2026-05-07,A,dia,8,220.0,277.0,85.2,54.3,4.62,1532.0,1,0
101701,CAEX-024,2026-05-04,C,dia,6,16.0,353.6,81.6,66.6,5.99,1834.0,0,0
103527,CAEX-010,2026-04-27,B,noche,9,193.0,325.9,84.4,53.7,4.05,1948.0,0,0
105218,CAEX-024,2026-08-01,C,dia,6,94.0,329.9,84.1,66.4,3.26,1859.0,0,0
103735,CAEX-048,2026-06-02,A,dia,3,530.0,263.8,85.9,52.7,3.25,1435.0,0,0
103047,CAEX-035,2026-07-08,B,dia,7,126.0,338.8,83.4,45.8,4.99,1670.0,1,0
101884,CAEX-044,2026-05-03,A,dia,6,77.0,264.0,78.2,52.2,5.1,1390.0,1,0
102593,CAEX-013,2026-05-30,B,dia,2,159.0,323.4,86.0,63.9,7.5,1675.0,1,0
100380,CAEX-052,2026-03-19,A,dia,2,385.0,288.6,91.0,56.1,3.8,1708.0,0,0
103776,CAEX-057,2026-04-07,B,noche,11,181.0,366.6,85.6,52.2,3.79,1668.0,0,0
104004,CAEX-052,2026-07-15,A,dia,2,130.0,281.4,89.6,51.1,5.01,1302.0,1,0
102252,CAEX-032,2026-04-03,C,dia,4,128.0,355.6,82.3,52.4,3.39,1619.0,0,0
104440,CAEX-054,2026-04-20,B,noche,11,106.0,328.2,88.9,60.8,5.63,1622.0,1,0
102149,CAEX-002,2026-03-30,B,dia,10,109.0,339.1,,50.2,3.06,1678.0,0,0
103727,CAEX-043,2026-08-06,B,dia,6,121.0,351.0,91.6,47.6,5.65,1547.0,1,0
102145,CAEX-045,2026-06-03,C,dia,6,111.0,342.9,85.7,45.8,5.58,1595.0,2,0
102567,CAEX-014,2026-03-16,C,dia,8,192.0,321.4,91.9,58.9,3.54,1924.0,0,0
101804,CAEX-046,2026-05-16,C,dia,12,120.0,376.5,94.6,54.5,2.01,1407.0,0,0
105886,CAEX-016,2026-03-23,A,dia,5,236.0,277.6,92.2,60.5,3.71,1603.0,0,0
105358,CAEX-051,2026-05-03,A,noche,2,325.0,299.2,97.9,51.8,5.68,1506.0,0,0
103622,CAEX-035,2026-05-29,B,dia,7,16.0,281.4,94.8,64.8,3.41,1318.0,0,0
105521,CAEX-038,2026-07-01,B,dia,8,495.0,319.4,91.5,35.8,2.56,1697.0,0,1
103968,CAEX-052,2026-05-31,A,dia,2,46.0,294.9,82.1,52.6,7.41,1645.0,0,0
101595,CAEX-047,2026-03-16,A,noche,5,282.0,306.8,86.5,45.7,3.26,1628.0,1,0
104329,CAEX-016,2026-05-20,A,dia,5,627.0,284.6,87.6,41.8,4.94,1697.0,1,1
104891,CAEX-055,2026-05-07,B,noche,10,296.0,317.1,96.4,45.5,3.93,1759.0,0,0
101707,CAEX-040,2026-04-28,B,dia,11,266.0,311.9,96.1,54.3,,1705.0,0,0
105966,CAEX-049,2026-03-03,B,noche,5,86.0,356.9,84.0,42.4,6.43,2028.0,0,1
103791,CAEX-029,2026-04-05,A,noche,12,233.0,325.2,80.9,,4.96,1619.0,2,0
101821,CAEX-053,2026-06-25,C,dia,11,167.0,370.3,87.2,59.0,5.54,1444.0,0,0
102563,CAEX-031,2026-08-06,B,dia,12,386.0,320.2,105.8,45.3,3.68,1452.0,0,1
102560,CAEX-021,2026-05-17,C,noche,14,148.0,392.7,79.4,50.9,2.35,1784.0,0,0
104209,CAEX-021,2026-03-22,C,noche,14,184.0,307.3,90.0,56.5,3.55,1728.0,1,0
105096,CAEX-013,2026-07-07,B,dia,2,190.0,324.5,87.9,52.1,5.75,1618.0,1,0
101583,CAEX-001,2026-06-03,C,noche,7,222.0,325.6,97.2,59.1,5.64,1957.0,1,1
102548,CAEX-003,2026-08-24,C,noche,10,69.0,351.8,93.3,68.3,2.83,1386.0,2,0
100320,CAEX-026,2026-05-25,A,dia,12,61.0,281.4,82.7,56.2,3.66,1660.0,0,0
104322,CAEX-033,2026-05-26,A,dia,13,797.0,256.7,85.8,41.4,2.65,1852.0,2,1
105139,CAEX-046,2026-07-19,C,noche,12,78.0,341.5,86.8,50.7,5.32,1772.0,0,0
105289,CAEX-034,2026-07-14,A,noche,5,441.0,292.6,90.6,47.7,5.23,1778.0,1,0
103365,CAEX-003,2026-06-25,C,noche,10,64.0,374.4,86.9,58.4,2.93,2016.0,0,0
105546,CAEX-020,2026-06-25,B,noche,7,336.0,349.0,97.4,52.1,5.3,1704.0,0,1
101764,CAEX-002,2026-03-27,B,dia,10,196.0,325.9,81.4,58.9,3.86,1577.0,0,0
102844,CAEX-012,2026-06-01,C,noche,8,266.0,354.1,85.8,61.4,9.22,1568.0,1,1
104945,CAEX-007,2026-06-22,C,noche,2,117.0,364.0,87.9,55.3,2.55,1497.0,0,0
104718,CAEX-035,2026-06-05,B,dia,7,99.0,330.8,93.8,63.8,3.68,1864.0,0,0
105733,CAEX-042,2026-07-23,C,dia,10,495.0,310.6,88.4,53.0,6.94,1683.0,1,0
102142,CAEX-003,2026-06-03,C,noche,10,169.0,328.8,85.8,63.7,4.55,1536.0,1,0
100214,CAEX-036,2026-06-08,A,noche,10,171.0,287.9,85.1,54.7,2.62,1461.0,1,0
104867,CAEX-047,2026-05-21,A,dia,5,86.0,283.5,93.6,52.9,6.2,1656.0,0,0
104434,CAEX-032,2026-08-27,C,noche,4,294.0,367.9,95.1,48.9,3.15,1585.0,1,0
103498,CAEX-047,2026-03-23,A,noche,5,279.0,259.2,91.0,52.7,4.68,1490.0,3,0
100804,CAEX-039,2026-03-01,A,noche,8,323.0,256.0,92.8,59.8,7.02,1578.0,0,0
105279,CAEX-032,2026-04-25,C,noche,4,321.0,371.9,90.7,54.9,3.55,1673.0,0,0
104133,CAEX-021,2026-05-15,C,dia,14,147.0,331.9,80.2,51.3,2.05,1701.0,0,0
100106,CAEX-057,2026-08-27,B,dia,11,413.0,299.2,95.1,50.2,2.74,2016.0,1,1
104459,CAEX-037,2026-07-16,A,noche,2,120.0,304.9,86.7,52.4,6.09,2070.0,0,0
104947,CAEX-015,2026-04-18,B,dia,12,184.0,313.4,88.7,45.0,5.18,1913.0,1,0
103806,CAEX-021,2026-07-05,C,dia,14,106.0,354.8,82.9,60.2,4.09,1701.0,0,0
102807,CAEX-045,2026-07-13,C,dia,6,111.0,357.2,96.8,59.6,3.46,1673.0,0,0
104953,CAEX-029,2026-06-19,A,noche,12,695.0,284.5,96.8,47.7,3.42,1469.0,0,0
101466,CAEX-018,2026-06-05,A,dia,1,195.0,302.8,97.5,55.7,6.45,1789.0,1,1
102954,CAEX-005,2026-07-14,A,dia,12,216.0,263.6,82.4,56.1,4.69,1498.0,0,0
100566,CAEX-022,2026-08-01,A,noche,4,204.0,280.1,87.3,52.8,5.64,1586.0,0,0
104346,CAEX-028,2026-03-28,A,noche,4,212.0,265.4,91.5,57.8,3.1,1337.0,2,0
102525,CAEX-005,2026-07-04,A,noche,12,263.0,262.0,89.0,53.6,3.3,1583.0,1,0
101475,CAEX-010,2026-03-24,B,noche,9,191.0,303.6,81.9,51.1,4.49,1216.0,0,0
103237,CAEX-037,2026-05-18,A,noche,2,152.0,281.0,83.6,61.9,4.9,1875.0,0,0
102830,CAEX-049,2026-03-24,B,noche,5,131.0,298.4,93.2,58.6,3.36,1587.0,0,0
102503,CAEX-024,2026-03-04,C,dia,6,197.0,341.1,96.8,68.4,2.61,1899.0,1,0
100318,CAEX-023,2026-08-06,C,noche,4,384.0,327.0,84.2,47.4,5.84,1629.0,0,0
101201,CAEX-059,2026-07-02,A,noche,13,298.0,277.7,85.1,46.8,6.34,1709.0,0,0
105204,CAEX-023,2026-03-20,C,dia,4,256.0,330.7,82.8,56.0,4.39,1804.0,0,0
102279,CAEX-029,2026-05-13,A,noche,12,238.0,292.4,94.0,49.6,4.07,1760.0,1,0
100653,CAEX-028,2026-05-18,A,dia,4,129.0,271.0,94.7,48.1,5.22,1452.0,0,0
100071,CAEX-011,2026-07-02,A,dia,8,721.0,280.8,87.1,46.2,6.2,1520.0,1,0
102659,CAEX-013,2026-06-30,B,dia,2,63.0,335.6,83.5,48.7,3.48,1729.0,1,0
101175,CAEX-014,2026-08-14,C,noche,8,35.0,342.0,85.7,57.9,5.6,1777.0,0,0
101089,CAEX-058,2026-05-25,B,dia,3,92.0,345.3,91.8,54.3,4.64,1530.0,1,0
101307,CAEX-010,2026-07-23,B,noche,9,196.0,333.4,87.5,50.2,3.44,1857.0,0,0
100411,CAEX-049,2026-03-02,B,dia,5,174.0,342.2,87.1,54.9,3.62,1385.0,0,0
104065,CAEX-022,2026-03-20,A,noche,4,105.0,284.1,78.1,,,1441.0,0,0
105946,CAEX-015,2026-03-28,B,dia,12,334.0,295.6,95.3,57.2,3.88,1596.0,0,0
102387,CAEX-049,2026-07-19,B,noche,5,400.0,313.6,95.6,43.3,3.18,1709.0,1,0
105122,CAEX-060,2026-08-07,A,dia,8,198.0,288.1,92.5,59.1,4.43,1799.0,0,0
102092,CAEX-020,2026-03-04,B,noche,7,77.0,338.4,84.3,49.0,4.52,1743.0,0,0
104636,CAEX-018,2026-03-30,A,noche,1,61.0,274.4,81.4,52.1,5.81,1438.0,0,0
100602,CAEX-039,2026-03-25,A,dia,8,217.0,291.3,90.0,57.1,4.1,1627.0,0,0
105429,CAEX-037,2026-06-19,A,dia,2,487.0,265.9,88.0,59.0,4.12,1359.0,1,0
103014,CAEX-012,2026-05-18,C,dia,8,65.0,350.0,87.4,54.6,1.94,1662.0,1,0
104793,CAEX-051,2026-07-18,A,noche,2,320.0,304.0,81.1,51.4,3.27,1633.0,1,0
105531,CAEX-017,2026-06-21,B,noche,9,277.0,313.0,103.3,53.3,2.94,1856.0,1,1
102220,CAEX-045,2026-03-19,C,noche,6,240.0,360.3,95.1,56.7,3.65,1517.0,1,0
102466,CAEX-001,2026-06-20,C,dia,7,125.0,337.9,84.4,65.1,2.67,1467.0,0,0
100838,CAEX-030,2026-07-01,B,noche,1,75.0,341.6,96.3,49.4,3.66,1833.0,2,0
103326,CAEX-054,2026-05-05,B,noche,11,96.0,352.0,87.5,55.0,4.58,1705.0,1,0
100625,CAEX-045,2026-05-19,C,dia,6,357.0,339.9,103.9,53.2,3.97,1637.0,0,1
101628,CAEX-029,2026-06-04,A,dia,12,224.0,302.3,88.7,54.6,3.78,1564.0,0,0
100807,CAEX-037,2026-06-04,A,noche,2,134.0,309.1,93.8,57.9,4.2,1833.0,0,0
104979,CAEX-009,2026-07-09,A,dia,9,464.0,288.2,101.7,51.0,6.9,1539.0,1,0
105581,CAEX-008,2026-04-06,C,dia,11,65.0,350.7,87.7,51.1,2.64,1677.0,0,0
103116,CAEX-048,2026-04-08,A,dia,3,185.0,289.5,86.5,55.4,5.45,1568.0,0,0
100638,CAEX-007,2026-05-31,C,noche,2,175.0,408.7,96.9,47.4,4.35,1621.0,1,0
100424,CAEX-009,2026-04-27,A,dia,9,388.0,280.2,100.4,47.7,4.1,1613.0,2,0
104824,CAEX-041,2026-05-31,B,noche,14,73.0,301.8,90.1,49.5,4.26,1729.0,1,0
101997,CAEX-007,2026-03-28,C,dia,2,561.0,339.4,87.2,42.0,3.9,1429.0,1,0
104473,CAEX-020,2026-08-13,B,noche,7,149.0,289.4,90.7,51.1,4.99,1831.0,0,0
104621,CAEX-037,2026-06-02,A,dia,2,83.0,298.0,83.0,56.9,3.62,1515.0,1,0
102487,CAEX-015,2026-08-05,B,dia,12,215.0,285.8,79.6,47.0,3.27,2098.0,2,1
100151,CAEX-033,2026-03-12,A,noche,13,543.0,275.8,82.7,55.3,4.49,1715.0,0,0
103110,CAEX-012,2026-04-19,C,noche,8,330.0,329.2,94.3,55.2,4.88,1625.0,2,0
101581,CAEX-024,2026-05-04,C,noche,6,289.0,364.6,92.0,48.5,4.95,1989.0,0,0
100627,CAEX-033,2026-05-29,A,dia,13,128.0,285.8,88.4,42.7,2.57,1691.0,1,0
103003,CAEX-045,2026-08-04,C,noche,6,54.0,351.3,92.6,62.3,2.47,1786.0,1,0
104602,CAEX-036,2026-06-10,A,noche,10,201.0,300.8,89.8,46.5,2.7,1885.0,0,0
103797,CAEX-039,2026-04-06,A,noche,8,46.0,293.1,91.9,54.6,4.17,1608.0,0,0
103482,CAEX-029,2026-06-15,A,noche,12,322.0,267.3,90.6,57.1,10.52,1549.0,1,1
100144,CAEX-055,2026-08-21,B,noche,10,378.0,346.7,92.9,50.1,5.02,1755.0,0,0
104814,CAEX-034,2026-08-21,A,dia,5,88.0,275.0,94.6,52.7,4.68,1781.0,0,0
102575,CAEX-060,2026-07-10,A,noche,8,118.0,304.5,93.7,50.5,4.41,1395.0,0,0
104663,CAEX-006,2026-08-27,C,dia,8,119.0,344.5,80.2,50.4,2.73,1649.0,1,0
104015,CAEX-034,2026-08-10,A,noche,5,220.0,308.1,95.7,49.1,4.54,1520.0,0,0
101881,CAEX-054,2026-05-10,B,noche,11,160.0,347.0,94.8,54.4,4.66,1797.0,0,0
105252,CAEX-014,2026-04-05,C,dia,8,383.0,358.7,86.2,56.9,4.78,1700.0,0,0
103453,CAEX-003,2026-04-09,C,dia,10,295.0,327.5,88.9,57.2,4.83,1847.0,2,0
103606,CAEX-034,2026-05-19,A,dia,5,343.0,304.7,89.6,65.8,2.62,1426.0,0,0
103343,CAEX-050,2026-08-03,A,noche,1,343.0,283.8,90.9,65.6,5.19,1874.0,0,0
105528,CAEX-020,2026-04-15,B,noche,7,125.0,334.0,84.9,43.3,3.73,1770.0,1,0
105820,CAEX-006,2026-07-26,C,noche,8,198.0,390.0,87.1,57.9,4.17,1555.0,1,0
102172,CAEX-046,2026-06-09,C,dia,12,67.0,369.5,83.0,57.0,5.51,1380.0,0,0
104976,CAEX-052,2026-06-30,A,dia,2,547.0,293.1,99.8,42.2,2.65,1669.0,3,1
105172,CAEX-031,2026-08-10,B,noche,12,100.0,341.8,89.2,59.7,4.42,1419.0,0,0
102781,CAEX-056,2026-05-20,C,noche,7,225.0,368.0,87.7,55.6,4.45,1390.0,0,0
104721,CAEX-021,2026-03-12,C,noche,14,91.0,351.7,83.7,55.2,3.95,1429.0,1,0
102833,CAEX-003,2026-07-21,C,dia,10,36.0,340.2,90.7,54.5,3.58,1387.0,0,0
105463,CAEX-041,2026-04-24,B,dia,14,45.0,317.3,92.2,41.0,2.73,1756.0,0,0
102231,CAEX-032,2026-08-12,C,noche,4,68.0,337.0,88.1,56.4,2.95,1654.0,0,0
100618,CAEX-028,2026-07-03,A,noche,4,326.0,289.9,101.3,44.4,5.24,1637.0,3,1
101325,CAEX-036,2026-07-15,A,dia,10,478.0,247.8,87.2,45.9,3.6,1526.0,0,0
100691,CAEX-028,2026-03-28,A,noche,4,427.0,303.5,95.1,54.3,6.31,1573.0,1,0
105872,CAEX-009,2026-08-04,A,noche,9,96.0,306.6,95.8,58.5,4.32,1615.0,0,0
102289,CAEX-002,2026-07-06,B,noche,10,130.0,304.5,100.6,58.0,4.33,1650.0,0,0
103303,CAEX-048,2026-03-04,A,noche,3,328.0,307.9,88.8,58.5,3.79,1699.0,2,0
105786,CAEX-006,2026-07-27,C,noche,8,199.0,383.4,86.5,61.1,4.09,1810.0,2,0
101351,CAEX-006,2026-05-16,C,noche,8,597.0,334.8,103.2,60.0,4.13,1742.0,3,1
102730,CAEX-021,2026-06-04,C,noche,14,139.0,332.4,,49.6,3.65,1781.0,0,0
105783,CAEX-050,2026-03-25,A,noche,1,227.0,292.9,85.4,47.6,4.52,2146.0,0,1
105789,CAEX-012,2026-06-21,C,dia,8,390.0,330.2,87.7,41.4,4.0,1518.0,0,0
104562,CAEX-028,2026-03-27,A,dia,4,355.0,310.9,77.3,53.9,3.22,1768.0,0,0
101188,CAEX-028,2026-05-27,A,noche,4,433.0,255.5,,49.4,6.02,1537.0,3,0
101192,CAEX-021,2026-03-18,C,dia,14,149.0,337.9,86.6,56.7,5.48,1898.0,0,0
100146,CAEX-014,2026-03-26,C,dia,8,138.0,364.0,81.8,57.2,2.9,1558.0,0,0
103573,CAEX-058,2026-07-21,B,dia,3,336.0,299.1,93.7,55.3,3.54,1617.0,1,0
104421,CAEX-060,2026-07-12,A,noche,8,328.0,285.7,86.1,37.2,2.37,1719.0,0,1
103743,CAEX-029,2026-07-05,A,dia,12,47.0,291.3,87.7,60.5,3.88,1613.0,1,0
101763,CAEX-053,2026-06-12,C,noche,11,117.0,375.7,94.3,65.4,6.73,1722.0,2,0
103801,CAEX-028,2026-05-21,A,dia,4,498.0,280.1,,41.4,4.55,1796.0,3,1
104803,CAEX-012,2026-08-12,C,noche,8,128.0,346.8,82.7,55.2,4.57,1776.0,0,0
104811,CAEX-039,2026-05-03,A,noche,8,65.0,268.7,92.0,53.9,6.53,1450.0,0,0
101835,CAEX-039,2026-07-22,A,dia,8,687.0,269.0,88.5,39.9,3.79,1594.0,0,1
105948,CAEX-053,2026-05-12,C,noche,11,248.0,333.8,93.6,51.8,3.94,1617.0,0,0
101112,CAEX-052,2026-07-15,A,dia,2,246.0,265.6,92.9,43.1,3.3,1557.0,0,0
102128,CAEX-010,2026-05-25,B,noche,9,68.0,339.9,82.4,57.4,3.95,1471.0,0,0
104998,CAEX-028,2026-05-28,A,dia,4,73.0,246.4,97.0,56.5,4.9,1515.0,0,0
104784,CAEX-015,2026-03-01,B,dia,12,39.0,345.6,85.1,51.6,5.43,1884.0,0,0
105727,CAEX-029,2026-07-28,A,dia,12,383.0,281.1,85.0,47.6,3.55,1609.0,0,0
102278,CAEX-057,2026-06-09,B,dia,11,209.0,327.9,79.0,58.7,4.04,1669.0,0,0
103796,CAEX-042,2026-04-04,C,noche,10,228.0,343.0,88.9,61.3,6.88,1768.0,1,0
102500,CAEX-023,2026-07-25,C,noche,4,163.0,358.7,93.9,58.1,2.74,1663.0,0,0
101825,CAEX-048,2026-08-18,A,noche,3,259.0,305.6,87.2,64.7,3.14,1510.0,2,0
102789,CAEX-044,2026-05-11,A,dia,6,374.0,303.9,84.8,57.1,3.89,1289.0,0,0
104197,CAEX-019,2026-05-21,C,dia,5,279.0,351.0,90.6,57.0,3.58,1794.0,0,0
104387,CAEX-043,2026-04-02,B,dia,6,36.0,280.0,89.3,56.4,3.78,1751.0,0,0
103828,CAEX-040,2026-03-30,B,dia,11,359.0,318.8,100.8,49.8,3.71,1630.0,3,1
102493,CAEX-052,2026-04-16,A,dia,2,479.0,280.7,86.7,55.8,7.45,1648.0,0,0
100879,CAEX-026,2026-08-22,A,dia,12,215.0,263.4,90.3,52.2,5.08,2057.0,3,1
101456,CAEX-033,2026-04-20,A,dia,13,346.0,285.9,93.0,56.9,2.73,1675.0,1,0
100392,CAEX-025,2026-06-23,C,noche,14,41.0,325.0,88.5,58.9,4.43,1630.0,0,0
104183,CAEX-030,2026-06-08,B,noche,1,176.0,309.2,85.9,58.4,2.58,1465.0,1,0
102284,CAEX-036,2026-03-06,A,dia,10,134.0,275.9,85.1,51.9,3.69,1671.0,0,0
102715,CAEX-016,2026-05-28,A,dia,5,366.0,293.9,89.8,63.8,4.04,1597.0,2,0
105372,CAEX-022,2026-03-07,A,dia,4,911.0,270.2,97.9,52.2,4.21,1605.0,1,1
105620,CAEX-026,2026-03-12,A,dia,12,366.0,300.9,102.6,49.5,3.53,1366.0,2,1
102959,CAEX-029,2026-08-13,A,dia,12,340.0,277.5,94.5,52.5,3.59,1623.0,0,0
100476,CAEX-032,2026-07-31,C,noche,4,339.0,326.3,90.1,36.1,5.23,1508.0,0,1
101695,CAEX-025,2026-04-22,C,noche,14,239.0,316.2,96.9,43.8,5.33,1625.0,0,0
101296,CAEX-019,2026-07-09,C,noche,5,292.0,349.1,94.4,44.3,4.9,1421.0,0,0
102093,CAEX-018,2026-03-23,A,noche,1,142.0,328.6,84.8,54.3,4.15,1498.0,0,0
103051,CAEX-051,2026-06-08,A,noche,2,346.0,255.5,95.6,48.7,4.58,1547.0,1,0
101138,CAEX-036,2026-08-06,A,noche,10,62.0,293.9,91.2,54.7,4.88,1796.0,1,0
102073,CAEX-015,2026-03-08,B,noche,12,362.0,337.9,98.9,43.4,7.58,1833.0,1,1
105332,CAEX-048,2026-06-18,A,dia,3,123.0,300.2,,60.3,4.9,2035.0,0,0
100833,CAEX-015,2026-07-12,B,noche,12,235.0,342.4,97.8,55.0,4.19,1807.0,1,1
100592,CAEX-060,2026-07-02,A,noche,8,39.0,310.2,79.4,50.7,4.03,1359.0,0,0
104659,CAEX-052,2026-03-08,A,dia,2,175.0,317.7,88.5,48.1,5.24,1676.0,0,0
105717,CAEX-002,2026-06-04,B,dia,10,257.0,328.8,84.6,45.2,2.46,1786.0,0,0
103593,CAEX-032,2026-07-28,C,noche,4,142.0,314.1,88.3,42.4,3.5,1651.0,1,0
105732,CAEX-021,2026-06-24,C,dia,14,662.0,353.7,93.1,46.4,4.53,1631.0,0,0
100110,CAEX-029,2026-07-27,A,noche,12,511.0,275.2,87.4,51.5,3.65,1961.0,0,0
105257,CAEX-025,2026-03-24,C,dia,14,674.0,329.7,108.2,49.6,5.87,1935.0,0,1
104319,CAEX-015,2026-07-04,B,dia,12,218.0,296.7,96.6,60.4,6.14,1526.0,2,0
101053,CAEX-059,2026-05-19,A,dia,13,295.0,284.3,88.7,52.8,6.26,1888.0,0,0
101312,CAEX-030,2026-07-08,B,dia,1,625.0,352.3,97.2,42.8,3.24,1406.0,0,1
100669,CAEX-050,2026-05-02,A,dia,1,247.0,263.1,90.4,55.1,5.78,1772.0,1,0
100254,CAEX-008,2026-05-03,C,noche,11,226.0,295.5,94.9,50.8,4.37,1490.0,0,0
105169,CAEX-019,2026-04-11,C,dia,5,52.0,361.6,93.7,58.5,2.56,1787.0,1,0
105716,CAEX-048,2026-06-29,A,noche,3,283.0,303.7,91.1,53.0,6.98,1838.0,0,0
105589,CAEX-029,2026-05-04,A,dia,12,297.0,298.9,92.1,58.9,3.42,1514.0,0,0
104642,CAEX-041,2026-04-18,B,noche,14,117.0,311.5,86.6,57.3,4.03,1659.0,0,0
105046,CAEX-030,2026-04-21,B,noche,1,49.0,341.6,87.1,54.0,4.13,1392.0,1,0
105668,CAEX-041,2026-04-24,B,dia,14,309.0,335.8,89.3,42.5,5.31,1134.0,0,1
100844,CAEX-051,2026-07-06,A,dia,2,306.0,263.4,92.2,55.0,5.09,1562.0,3,0
104160,CAEX-031,2026-04-29,B,dia,12,176.0,325.7,94.0,58.9,3.09,1689.0,0,0
104510,CAEX-044,2026-04-23,A,noche,6,468.0,308.5,95.3,55.0,2.62,1646.0,0,0
103375,CAEX-025,2026-05-24,C,dia,14,64.0,375.0,92.1,66.4,2.48,1742.0,1,0
103395,CAEX-058,2026-07-07,B,noche,3,70.0,351.4,81.3,59.1,5.01,1524.0,0,0
100885,CAEX-046,2026-03-05,C,dia,12,244.0,321.6,81.5,56.4,5.01,1726.0,1,0
104548,CAEX-054,2026-08-10,B,dia,11,74.0,,78.8,45.6,4.31,1488.0,1,0
105355,CAEX-006,2026-07-29,C,noche,8,455.0,,100.9,55.8,4.84,1658.0,0,0
103997,CAEX-019,2026-07-13,C,noche,5,166.0,360.1,92.0,66.7,4.35,1608.0,0,0
104753,CAEX-054,2026-03-26,B,dia,11,169.0,334.0,91.6,49.2,2.84,1578.0,0,0
101880,CAEX-025,2026-08-10,C,noche,14,174.0,342.8,90.2,50.0,3.41,1572.0,1,0
105678,CAEX-022,2026-08-05,A,dia,4,227.0,283.8,80.1,42.7,3.59,1738.0,1,0
105583,CAEX-012,2026-04-08,C,dia,8,309.0,347.0,82.8,42.8,3.11,1521.0,1,1
101486,CAEX-024,2026-05-14,C,dia,6,119.0,367.7,89.6,57.9,3.12,1580.0,0,0
105424,CAEX-030,2026-06-17,B,dia,1,125.0,347.9,82.9,58.0,6.05,1488.0,3,0
102418,CAEX-044,2026-06-04,A,noche,6,632.0,254.8,96.6,43.2,4.24,1371.0,0,1
102738,CAEX-057,2026-03-09,B,dia,11,80.0,353.7,76.5,55.3,2.58,1703.0,0,0
102268,CAEX-039,2026-03-28,A,dia,8,205.0,268.5,,59.5,1.86,1765.0,0,0
104174,CAEX-025,2026-04-04,C,noche,14,316.0,351.0,92.3,60.6,4.79,1628.0,0,0
103369,CAEX-019,2026-08-18,C,dia,5,367.0,368.7,,,6.19,1627.0,0,0
102809,CAEX-055,2026-03-02,B,dia,10,406.0,319.0,90.1,45.9,,1872.0,1,0
100870,CAEX-008,2026-05-31,C,dia,11,286.0,322.7,95.7,44.8,3.68,1786.0,0,0
102469,CAEX-057,2026-07-26,B,noche,11,92.0,342.8,90.5,56.6,2.85,1401.0,2,0
103894,CAEX-057,2026-08-09,B,dia,11,240.0,350.7,90.3,46.2,5.58,1482.0,3,1
100451,CAEX-045,2026-05-27,C,dia,6,37.0,324.8,85.7,50.7,3.6,1463.0,0,0
105116,CAEX-048,2026-03-15,A,dia,3,269.0,283.6,94.8,57.7,3.21,1941.0,0,0
105657,CAEX-053,2026-07-22,C,dia,11,276.0,373.8,92.3,46.3,3.62,1817.0,0,1
101980,CAEX-021,2026-05-21,C,noche,14,394.0,329.0,95.3,52.2,3.67,1610.0,0,0
100697,CAEX-033,2026-05-19,A,noche,13,468.0,306.7,79.7,50.5,4.4,1691.0,2,0
101742,CAEX-033,2026-04-26,A,dia,13,339.0,268.6,95.8,64.0,3.56,1560.0,1,0
103719,CAEX-019,2026-06-27,C,dia,5,66.0,329.5,83.9,51.4,5.24,1706.0,0,0
100812,CAEX-033,2026-07-25,A,dia,13,229.0,254.7,84.9,53.4,2.47,1652.0,1,0
103285,CAEX-022,2026-03-23,A,dia,4,278.0,273.4,91.1,47.5,2.87,1729.0,2,0
102190,CAEX-011,2026-08-13,A,dia,8,176.0,259.9,,58.2,8.06,1864.0,2,1
105007,CAEX-052,2026-06-12,A,dia,2,190.0,303.9,91.1,50.1,2.96,1601.0,1,0
105618,CAEX-038,2026-06-04,B,dia,8,484.0,321.6,96.5,53.5,6.05,1950.0,1,1
105146,CAEX-024,2026-06-04,C,noche,6,215.0,357.1,87.7,45.2,3.23,1629.0,0,0
100506,CAEX-049,2026-03-29,B,noche,5,965.0,326.8,95.5,58.7,4.81,1983.0,3,1
103304,CAEX-014,2026-04-10,C,dia,8,394.0,413.7,87.3,47.9,2.17,1674.0,0,0
100406,CAEX-056,2026-06-13,C,noche,7,200.0,343.0,88.7,57.6,3.5,1625.0,0,0
103641,CAEX-008,2026-07-22,C,noche,11,40.0,333.7,87.4,57.2,3.99,1436.0,0,0
100184,CAEX-054,2026-04-16,B,noche,11,132.0,332.5,85.7,60.5,4.84,1682.0,1,0
105953,CAEX-055,2026-04-25,B,dia,10,354.0,324.9,93.7,48.7,11.26,1426.0,0,1
101877,CAEX-045,2026-06-17,C,noche,6,174.0,328.2,95.5,50.4,5.82,1735.0,0,0
105814,CAEX-040,2026-06-13,B,noche,11,101.0,345.4,83.3,54.7,5.59,1648.0,0,0
100610,CAEX-001,2026-07-12,C,noche,7,82.0,296.6,93.3,54.2,2.38,1778.0,2,0
102675,CAEX-044,2026-06-11,A,noche,6,156.0,295.7,78.1,55.6,4.61,1620.0,1,0
102034,CAEX-007,2026-07-07,C,noche,2,110.0,347.9,95.2,44.0,5.19,1534.0,0,0
103982,CAEX-024,2026-04-01,C,dia,6,134.0,352.5,78.7,42.6,5.55,1501.0,0,0
101969,CAEX-051,2026-03-18,A,dia,2,354.0,271.6,91.3,55.1,3.29,1891.0,1,0
100021,CAEX-022,2026-08-16,A,noche,4,312.0,295.0,95.2,52.4,2.7,2048.0,3,1
102219,CAEX-016,2026-08-09,A,noche,5,162.0,281.1,90.4,49.5,5.36,1590.0,0,0
105522,CAEX-023,2026-08-27,C,dia,4,177.0,366.2,93.9,43.4,3.82,1542.0,0,0
105687,CAEX-044,2026-06-16,A,noche,6,168.0,251.7,93.7,62.3,3.51,1464.0,3,0
102225,CAEX-024,2026-07-31,C,noche,6,380.0,337.9,94.3,53.8,4.84,1972.0,0,0
100328,CAEX-015,2026-05-28,B,dia,12,392.0,294.5,98.8,50.1,3.56,1783.0,0,0
103271,CAEX-029,2026-07-17,A,noche,12,333.0,301.3,81.5,60.5,5.71,1594.0,0,0
102519,CAEX-008,2026-05-19,C,dia,11,184.0,360.9,82.0,54.7,5.91,1423.0,1,0
101875,CAEX-043,2026-07-04,B,dia,6,717.0,328.8,93.0,48.8,4.06,1502.0,0,0
104363,CAEX-056,2026-06-27,C,dia,7,273.0,322.0,89.4,56.0,3.91,1430.0,0,0
101757,CAEX-023,2026-04-03,C,noche,4,219.0,370.6,94.9,57.9,8.13,1845.0,0,1
102179,CAEX-038,2026-07-01,B,noche,8,114.0,338.5,98.4,60.9,3.65,1657.0,1,0
104962,CAEX-001,2026-03-27,C,noche,7,232.0,337.2,84.5,59.3,4.72,1777.0,0,0
103411,CAEX-007,2026-04-11,C,dia,2,213.0,338.6,94.3,53.9,4.62,1703.0,2,0
105950,CAEX-023,2026-04-29,C,dia,4,198.0,354.4,86.3,45.8,3.37,1760.0,1,0
100490,CAEX-008,2026-05-06,C,noche,11,140.0,378.7,85.7,59.6,4.26,1417.0,1,0
100607,CAEX-002,2026-06-25,B,dia,10,31.0,292.5,89.3,57.5,4.06,1754.0,0,0
103213,CAEX-048,2026-05-15,A,dia,3,59.0,286.0,75.6,42.8,4.04,1797.0,0,0
102465,CAEX-028,2026-03-08,A,dia,4,481.0,303.1,93.4,49.5,2.84,1506.0,1,0
101739,CAEX-028,2026-03-11,A,dia,4,319.0,275.9,87.1,60.0,4.87,1380.0,1,0
100890,CAEX-001,2026-07-05,C,dia,7,119.0,328.1,78.8,57.7,3.1,1485.0,0,0
103083,CAEX-045,2026-03-28,C,noche,6,323.0,322.6,76.3,49.9,3.88,1647.0,1,0
100270,CAEX-018,2026-03-26,A,noche,1,682.0,296.5,96.0,51.3,4.06,1491.0,1,1
100097,CAEX-029,2026-03-13,A,noche,12,130.0,270.1,93.4,46.1,2.97,1786.0,0,0
103825,CAEX-049,2026-04-17,B,noche,5,272.0,361.6,85.2,44.0,5.6,1541.0,2,0
105061,CAEX-022,2026-06-22,A,dia,4,262.0,267.1,94.1,53.7,3.05,1303.0,1,1
103886,CAEX-021,2026-03-09,C,noche,14,156.0,300.2,87.0,62.1,2.98,1624.0,0,0
101800,CAEX-048,2026-08-27,A,dia,3,256.0,284.9,,48.6,7.55,1411.0,0,0
104968,CAEX-050,2026-08-03,A,dia,1,333.0,301.2,90.4,61.3,3.53,1673.0,0,0
101573,CAEX-038,2026-04-07,B,noche,8,341.0,350.0,82.8,51.5,3.27,1438.0,1,0
104629,CAEX-024,2026-03-22,C,noche,6,173.0,361.8,90.8,50.4,5.16,1592.0,0,0
101068,CAEX-028,2026-07-29,A,dia,4,144.0,279.5,75.9,61.8,5.66,1777.0,0,0
105196,CAEX-041,2026-04-05,B,dia,14,118.0,324.3,82.5,74.6,5.64,1720.0,0,0
102761,CAEX-043,2026-03-17,B,dia,6,92.0,291.7,85.5,48.7,4.1,1480.0,0,0
100716,CAEX-037,2026-07-15,A,dia,2,357.0,284.3,91.3,59.4,5.69,1852.0,2,0
104060,CAEX-015,2026-05-31,B,noche,12,387.0,288.7,83.2,48.5,4.46,1489.0,3,0
105709,CAEX-040,2026-08-08,B,noche,11,28.0,337.2,87.2,60.6,2.85,1848.0,0,0
105635,CAEX-036,2026-03-25,A,dia,10,183.0,295.7,85.1,56.6,3.54,1650.0,0,0
104566,CAEX-019,2026-03-06,C,dia,5,82.0,336.3,86.7,52.7,2.63,1636.0,0,0
104661,CAEX-046,2026-08-24,C,dia,12,144.0,359.7,82.6,61.0,4.65,1643.0,2,0
101799,CAEX-004,2026-05-24,B,noche,7,82.0,345.4,82.0,69.4,7.88,1511.0,0,0
100462,CAEX-055,2026-03-03,B,dia,10,279.0,355.3,87.7,72.1,4.19,1369.0,0,0
105374,CAEX-039,2026-07-06,A,dia,8,688.0,280.3,102.1,51.5,6.63,1599.0,1,1
102945,CAEX-027,2026-03-02,B,dia,1,126.0,324.9,90.9,74.6,3.04,1493.0,2,0
101796,CAEX-004,2026-05-24,B,dia,7,180.0,307.9,94.5,48.3,6.69,1882.0,0,0
101870,CAEX-040,2026-07-22,B,dia,11,42.0,295.3,81.1,58.3,6.2,1867.0,1,0
105490,CAEX-042,2026-06-07,C,dia,10,275.0,396.1,96.1,53.2,6.4,1548.0,0,1
101346,CAEX-003,2026-03-16,C,noche,10,878.0,334.8,90.3,49.4,7.54,1566.0,3,1
104792,CAEX-024,2026-08-12,C,noche,6,125.0,350.4,85.0,60.2,4.68,1646.0,0,0
105272,CAEX-045,2026-08-06,C,noche,6,61.0,332.5,80.8,68.8,2.32,1621.0,0,0
105025,CAEX-032,2026-04-22,C,dia,4,49.0,374.8,,49.0,3.89,1665.0,0,0
101215,CAEX-013,2026-06-15,B,dia,2,186.0,313.7,89.9,45.1,8.66,1872.0,1,1
101373,CAEX-032,2026-05-29,C,noche,4,85.0,357.8,82.0,49.8,3.23,1592.0,0,0
100244,CAEX-035,2026-07-05,B,noche,7,271.0,313.9,93.9,,6.54,1473.0,1,0
104040,CAEX-010,2026-07-29,B,noche,9,109.0,282.3,80.2,58.3,5.19,1743.0,0,0
102800,CAEX-029,2026-06-05,A,dia,12,92.0,275.3,93.5,58.5,4.21,1476.0,2,0
101680,CAEX-045,2026-08-11,C,noche,6,452.0,338.3,80.2,55.1,3.39,1427.0,2,0
103851,CAEX-033,2026-03-12,A,noche,13,128.0,251.9,90.4,48.3,5.19,1703.0,0,0
101313,CAEX-002,2026-04-06,B,dia,10,128.0,328.1,83.5,56.3,4.28,1897.0,0,0
100649,CAEX-052,2026-05-25,A,noche,2,204.0,290.1,88.8,41.0,2.25,1451.0,1,1
103239,CAEX-006,2026-03-14,C,dia,8,340.0,364.2,81.7,63.3,4.06,1532.0,0,0
102644,CAEX-059,2026-03-10,A,noche,13,186.0,282.1,80.2,58.5,3.13,1768.0,1,0
104410,CAEX-018,2026-07-16,A,noche,1,81.0,275.0,96.6,49.5,4.41,1774.0,0,0
100156,CAEX-049,2026-04-03,B,dia,5,207.0,330.3,89.3,55.8,3.01,1705.0,0,0
103429,CAEX-038,2026-05-25,B,dia,8,356.0,341.8,85.0,50.8,3.09,1516.0,1,0
103454,CAEX-046,2026-04-12,C,noche,12,127.0,367.0,77.4,46.1,,1545.0,2,0
101304,CAEX-007,2026-04-04,C,dia,2,362.0,337.1,88.4,39.0,4.47,1712.0,1,0
101151,CAEX-027,2026-04-15,B,noche,1,76.0,322.7,84.9,53.0,2.33,1580.0,0,0
103048,CAEX-023,2026-05-24,C,dia,4,625.0,328.7,104.3,55.0,5.31,1691.0,4,1
105898,CAEX-012,2026-04-09,C,dia,8,567.0,339.9,98.0,48.8,4.64,1599.0,0,1
101047,CAEX-007,2026-03-03,C,dia,2,92.0,314.0,88.4,54.5,3.34,1513.0,0,0
101641,CAEX-019,2026-03-29,C,dia,5,243.0,367.5,94.3,51.5,4.32,1423.0,1,0
101928,CAEX-009,2026-05-20,A,dia,9,593.0,274.6,93.9,50.8,3.07,1234.0,0,1
105592,CAEX-014,2026-03-08,C,dia,8,131.0,327.1,95.3,44.9,4.55,1725.0,0,0
103440,CAEX-006,2026-06-13,C,dia,8,158.0,372.6,85.6,56.9,3.9,1616.0,0,0
104122,CAEX-040,2026-06-27,B,noche,11,744.0,283.4,99.1,56.2,2.59,1586.0,0,1
102245,CAEX-021,2026-03-12,C,noche,14,375.0,341.9,91.3,57.6,3.68,1404.0,1,0
103137,CAEX-038,2026-08-26,B,dia,8,138.0,314.5,92.4,50.8,3.53,1480.0,0,0
100016,CAEX-006,2026-05-10,C,noche,8,50.0,397.0,81.9,48.7,4.19,1457.0,0,0
103539,CAEX-041,2026-06-08,B,dia,14,204.0,337.3,90.3,55.8,7.83,1497.0,0,0
105418,CAEX-041,2026-06-27,B,dia,14,139.0,286.5,83.4,42.9,4.08,1579.0,0,0
104980,CAEX-056,2026-07-14,C,dia,7,289.0,383.6,92.2,49.1,5.37,1258.0,1,1
102670,CAEX-022,2026-06-15,A,noche,4,148.0,245.6,99.7,46.8,2.92,1794.0,0,0
101361,CAEX-029,2026-06-27,A,dia,12,120.0,299.7,80.2,69.3,5.1,1807.0,0,0
101845,CAEX-005,2026-04-04,A,noche,12,73.0,281.1,80.8,52.4,6.59,1762.0,1,0
103099,CAEX-060,2026-08-24,A,dia,8,311.0,299.5,88.0,53.4,8.23,1562.0,0,1
101613,CAEX-021,2026-07-12,C,noche,14,74.0,373.7,84.0,61.4,5.06,1591.0,0,0
100498,CAEX-006,2026-04-22,C,dia,8,112.0,356.6,90.4,59.6,2.44,1185.0,1,1
102841,CAEX-021,2026-07-14,C,dia,14,182.0,391.1,89.6,47.1,3.01,1698.0,1,0
104612,CAEX-060,2026-05-14,A,noche,8,332.0,261.4,100.6,52.7,7.51,2001.0,1,1
103634,CAEX-027,2026-08-06,B,noche,1,73.0,331.3,80.2,46.8,4.03,1628.0,0,0
101479,CAEX-051,2026-06-23,A,dia,2,350.0,273.0,81.1,52.8,4.34,1684.0,0,0
105508,CAEX-015,2026-06-11,B,noche,12,310.0,355.1,95.0,62.8,2.62,1650.0,0,1
101096,CAEX-043,2026-04-08,B,noche,6,70.0,324.6,84.6,52.4,4.05,1559.0,0,0
100543,CAEX-051,2026-04-02,A,dia,2,202.0,274.8,73.1,50.4,2.43,1664.0,0,0
104730,CAEX-038,2026-08-15,B,dia,8,106.0,303.9,94.2,57.8,3.64,1557.0,0,0
104075,CAEX-021,2026-03-23,C,noche,14,858.0,350.9,89.0,47.9,4.27,1556.0,2,1
100432,CAEX-028,2026-03-09,A,dia,4,581.0,277.5,87.0,41.1,6.28,1366.0,0,1
100729,CAEX-023,2026-03-29,C,dia,4,603.0,338.6,87.6,55.3,2.6,2183.0,0,1
105385,CAEX-006,2026-04-02,C,noche,8,305.0,339.9,85.1,42.9,3.57,1770.0,0,0
104413,CAEX-005,2026-04-20,A,noche,12,283.0,269.5,84.4,41.8,2.14,1605.0,0,0
102562,CAEX-006,2026-04-21,C,dia,8,263.0,368.6,91.2,48.9,2.75,1764.0,0,0
101338,CAEX-003,2026-08-15,C,dia,10,150.0,362.0,90.7,67.5,5.78,1666.0,1,0
103607,CAEX-011,2026-06-03,A,noche,8,271.0,261.0,83.7,42.6,4.08,1433.0,1,0
102878,CAEX-009,2026-04-12,A,dia,9,244.0,264.4,92.3,41.2,5.46,1697.0,1,0
104416,CAEX-003,2026-04-13,C,dia,10,104.0,334.0,91.9,62.6,4.88,1744.0,3,0
101032,CAEX-047,2026-03-01,A,dia,5,427.0,290.7,100.1,56.4,3.95,1486.0,2,1
101111,CAEX-015,2026-06-29,B,dia,12,102.0,342.8,80.0,61.8,5.13,1738.0,3,0
101889,CAEX-020,2026-07-25,B,noche,7,231.0,306.6,89.8,50.3,5.22,1651.0,0,0
103551,CAEX-044,2026-08-11,A,noche,6,64.0,252.1,82.1,60.4,5.78,1436.0,1,0
101528,CAEX-055,2026-05-10,B,dia,10,638.0,303.9,92.4,49.4,7.77,1601.0,2,1
100754,CAEX-039,2026-06-20,A,dia,8,48.0,267.1,95.3,60.2,3.23,1566.0,1,0
103050,CAEX-051,2026-04-28,A,dia,2,194.0,275.4,78.8,60.9,4.09,1515.0,1,0
102629,CAEX-048,2026-07-18,A,dia,3,158.0,286.8,91.5,64.3,3.05,1380.0,0,0
100563,CAEX-039,2026-06-04,A,dia,8,235.0,262.5,94.5,45.7,4.13,1776.0,0,0
104765,CAEX-003,2026-06-17,C,noche,10,294.0,338.2,94.6,45.6,4.19,1596.0,1,0
103563,CAEX-057,2026-06-04,B,noche,11,420.0,328.2,90.9,45.8,7.84,1316.0,0,1
100253,CAEX-050,2026-04-15,A,noche,1,386.0,306.0,92.0,38.8,5.0,1694.0,1,1
102517,CAEX-008,2026-07-10,C,noche,11,196.0,357.8,83.7,52.8,3.67,1415.0,1,0
102963,CAEX-028,2026-03-16,A,dia,4,135.0,293.1,87.4,53.3,4.51,1622.0,0,0
104454,CAEX-011,2026-03-08,A,noche,8,134.0,269.6,90.0,57.8,7.65,1449.0,1,0
105375,CAEX-034,2026-06-29,A,dia,5,191.0,285.8,95.7,53.2,3.66,1612.0,0,0
105397,CAEX-035,2026-07-20,B,dia,7,492.0,338.5,93.7,48.0,2.61,1674.0,0,0
101203,CAEX-021,2026-04-12,C,noche,14,48.0,330.7,78.3,62.6,3.33,1771.0,0,0
103463,CAEX-056,2026-05-20,C,noche,7,206.0,352.2,88.8,49.1,2.76,1693.0,0,0
102798,CAEX-054,2026-04-21,B,dia,11,25.0,314.1,97.4,55.1,4.26,1675.0,0,0
104226,CAEX-054,2026-03-31,B,dia,11,92.0,327.8,86.1,42.2,,1771.0,0,0
100145,CAEX-059,2026-08-17,A,noche,13,185.0,307.2,88.3,48.3,4.31,1620.0,1,0
105057,CAEX-034,2026-08-22,A,noche,5,95.0,288.5,81.2,62.6,4.14,1795.0,0,0
102896,CAEX-045,2026-08-03,C,noche,6,259.0,325.6,97.8,52.8,4.31,1779.0,1,0
102764,CAEX-012,2026-04-20,C,noche,8,23.0,387.0,89.5,48.9,4.05,1489.0,0,0
100906,CAEX-051,2026-08-07,A,noche,2,124.0,292.8,,51.7,3.77,1721.0,1,0
103981,CAEX-025,2026-07-30,C,noche,14,389.0,353.4,92.1,57.7,5.87,1558.0,0,0
100236,CAEX-041,2026-03-12,B,dia,14,138.0,265.7,79.8,62.2,4.86,2004.0,0,0
105158,CAEX-035,2026-06-27,B,noche,7,240.0,307.2,86.7,49.4,2.36,1568.0,1,0
